"../../../Engine/Plugins/NNE/NNEDenoiser/Content/NNEDT_Oidn2-3_Balanced.uasset" 0
"../../../Engine/Plugins/NNE/NNEDenoiser/Content/NNEDT_Oidn2-3_Balanced.uexp" 1
"../../../Engine/Plugins/NNE/NNEDenoiser/Content/NNEDT_Oidn2-3_Balanced_Alpha.uasset" 2
"../../../Engine/Plugins/NNE/NNEDenoiser/Content/NNEDT_Oidn2-3_Balanced_Alpha.uexp" 3
"../../../Engine/Plugins/NNE/NNEDenoiser/Content/NNED_Oidn2-3_Balanced.uasset" 4
"../../../Engine/Plugins/NNE/NNEDenoiser/Content/NNED_Oidn2-3_Balanced.uexp" 5
"../../../Engine/Plugins/NNE/NNEDenoiser/Content/NNED_Oidn2-3_Balanced_Alpha.uasset" 6
"../../../Engine/Plugins/NNE/NNEDenoiser/Content/NNED_Oidn2-3_Balanced_Alpha.uexp" 7
"../../../Engine/Plugins/2D/Paper2D/Content/PlaceholderTextures/DummySpriteTexture.ubulk" 8
"../../../Engine/Plugins/2D/Paper2D/Content/PlaceholderTextures/DummySpriteTexture.uasset" 9
"../../../Engine/Plugins/2D/Paper2D/Content/PlaceholderTextures/DummySpriteTexture.uexp" 10
"../../../Engine/Plugins/2D/Paper2D/Content/DummySprite.uasset" 11
"../../../Engine/Plugins/2D/Paper2D/Content/DummySprite.uexp" 12
"../../../Engine/Plugins/2D/Paper2D/Content/DefaultPaperTerrainMaterial.uasset" 13
"../../../Engine/Plugins/2D/Paper2D/Content/DefaultPaperTerrainMaterial.uexp" 14
"../../../Engine/Plugins/NNE/NNEDenoiser/Content/NNED_Oidn2-3_Fast.uasset" 15
"../../../Engine/Plugins/NNE/NNEDenoiser/Content/NNED_Oidn2-3_Fast.uexp" 16
"../../../Engine/Plugins/Animation/ACLPlugin/Content/ACLAnimBoneCompressionSettings.uasset" 17
"../../../Engine/Plugins/Animation/ACLPlugin/Content/ACLAnimBoneCompressionSettings.uexp" 18
"../../../Engine/Plugins/NNE/NNEDenoiser/Content/NNED_Oidn2-3_Fast_Alpha.uasset" 19
"../../../Engine/Plugins/NNE/NNEDenoiser/Content/NNED_Oidn2-3_Fast_Alpha.uexp" 20
"../../../Engine/Plugins/Animation/ACLPlugin/Content/ACLAnimCurveCompressionSettings.uasset" 21
"../../../Engine/Plugins/Animation/ACLPlugin/Content/ACLAnimCurveCompressionSettings.uexp" 22
"../../../Engine/Plugins/Interchange/Runtime/Content/Pipelines/DefaultAssetsPipeline.uasset" 23
"../../../Engine/Plugins/Interchange/Runtime/Content/Pipelines/DefaultAssetsPipeline.uexp" 24
"../../../Engine/Plugins/NNE/NNEDenoiser/Content/NNED_Oidn2-3_HighQuality.uasset" 25
"../../../Engine/Plugins/NNE/NNEDenoiser/Content/NNED_Oidn2-3_HighQuality.uexp" 26
"../../../Engine/Plugins/Interchange/Runtime/Content/Pipelines/DefaultAudioPipeline.uasset" 27
"../../../Engine/Plugins/Interchange/Runtime/Content/Pipelines/DefaultAudioPipeline.uexp" 28
"../../../Engine/Plugins/Interchange/Runtime/Content/Pipelines/DefaultGLTFAssetsPipeline.uasset" 29
"../../../Engine/Plugins/Interchange/Runtime/Content/Pipelines/DefaultGLTFAssetsPipeline.uexp" 30
"../../../Engine/Content/EngineMaterials/PreintegratedSkinBRDF.uasset" 31
"../../../Engine/Content/EngineMaterials/PreintegratedSkinBRDF.uexp" 32
"../../../Engine/Plugins/NNE/NNEDenoiser/Content/NNED_Oidn2-3_HighQuality_Alpha.uasset" 33
"../../../Engine/Plugins/NNE/NNEDenoiser/Content/NNED_Oidn2-3_HighQuality_Alpha.uexp" 34
"../../../Engine/Plugins/Interchange/Runtime/Content/Pipelines/DefaultGLTFPipeline.uasset" 35
"../../../Engine/Plugins/Interchange/Runtime/Content/Pipelines/DefaultGLTFPipeline.uexp" 36
"../../../Engine/Plugins/Interchange/Runtime/Content/Pipelines/DefaultGLTFSceneAssetsPipeline.uasset" 37
"../../../Engine/Plugins/Interchange/Runtime/Content/Pipelines/DefaultGLTFSceneAssetsPipeline.uexp" 38
"../../../Engine/Plugins/Interchange/Runtime/Content/Pipelines/DefaultMaterialPipeline.uasset" 39
"../../../Engine/Plugins/Interchange/Runtime/Content/Pipelines/DefaultMaterialPipeline.uexp" 40
"../../../Engine/Plugins/NNE/NNEDenoiser/Content/NNE_oidn2-3-0_rt_hdr_alb_nrm_small__dyn__fp16_opset11_DenoiseAlpha.uasset" 41
"../../../Engine/Plugins/NNE/NNEDenoiser/Content/NNE_oidn2-3-0_rt_hdr_alb_nrm_small__dyn__fp16_opset11_DenoiseAlpha.uexp" 42
"../../../Engine/Content/Functions/Engine_MaterialFunctions01/Opacity/CameraDepthFade.uasset" 43
"../../../Engine/Content/Functions/Engine_MaterialFunctions01/Opacity/CameraDepthFade.uexp" 44
"../../../Engine/Content/EngineMaterials/T_Default_Material_Grid_M.ubulk" 45
"../../../Engine/Content/EngineMaterials/T_Default_Material_Grid_M.uasset" 46
"../../../Engine/Content/EngineMaterials/T_Default_Material_Grid_M.uexp" 47
"../../../Engine/Content/EngineMaterials/T_Default_Material_Grid_N.ubulk" 48
"../../../Engine/Content/EngineMaterials/T_Default_Material_Grid_N.uasset" 49
"../../../Engine/Content/EngineMaterials/T_Default_Material_Grid_N.uexp" 50
"../../../Engine/Content/EngineMaterials/WorldGridMaterial.uasset" 51
"../../../Engine/Content/EngineMaterials/WorldGridMaterial.uexp" 52
"../../../Engine/Plugins/Animation/ControlRig/Content/Controls/ControlRig_Square_3mm.ubulk" 53
"../../../Engine/Plugins/Animation/ControlRig/Content/Controls/ControlRig_Square_3mm.uasset" 54
"../../../Engine/Plugins/Animation/ControlRig/Content/Controls/ControlRig_Square_3mm.uexp" 55
"../../../Engine/Plugins/Animation/ControlRig/Content/Controls/ControlRig_Arrow2_1mm.ubulk" 56
"../../../Engine/Plugins/Animation/ControlRig/Content/Controls/ControlRig_Arrow2_1mm.uasset" 57
"../../../Engine/Plugins/Animation/ControlRig/Content/Controls/ControlRig_Arrow2_1mm.uexp" 58
"../../../Engine/Plugins/Interchange/Runtime/Content/Pipelines/DefaultMaterialXPipeline.uasset" 59
"../../../Engine/Plugins/Interchange/Runtime/Content/Pipelines/DefaultMaterialXPipeline.uexp" 60
"../../../Engine/Content/Animation/DefaultRecorderBoneCompression.uasset" 61
"../../../Engine/Content/Animation/DefaultRecorderBoneCompression.uexp" 62
"../../../Engine/Plugins/Interchange/Runtime/Content/Pipelines/DefaultSceneAssetsPipeline.uasset" 63
"../../../Engine/Plugins/Interchange/Runtime/Content/Pipelines/DefaultSceneAssetsPipeline.uexp" 64
"../../../Engine/Content/Animation/DefaultVariableFrameStrippingSettings.uasset" 65
"../../../Engine/Content/Animation/DefaultVariableFrameStrippingSettings.uexp" 66
"../../../Engine/Plugins/Interchange/Runtime/Content/Pipelines/DefaultSceneLevelPipeline.uasset" 67
"../../../Engine/Plugins/Interchange/Runtime/Content/Pipelines/DefaultSceneLevelPipeline.uexp" 68
"../../../Engine/Plugins/NNE/NNEDenoiser/Content/NNE_oidn2-3-0_rt_hdr_alb_nrm_small__dyn__fp16_opset11_ForwardAlpha.uasset" 69
"../../../Engine/Plugins/NNE/NNEDenoiser/Content/NNE_oidn2-3-0_rt_hdr_alb_nrm_small__dyn__fp16_opset11_ForwardAlpha.uexp" 70
"../../../Engine/Plugins/NNE/NNEDenoiser/Content/NNE_oidn2-3-0_rt_hdr_alb_nrm__dyn__fp16_opset11_DenoiseAlpha.uasset" 71
"../../../Engine/Plugins/NNE/NNEDenoiser/Content/NNE_oidn2-3-0_rt_hdr_alb_nrm__dyn__fp16_opset11_DenoiseAlpha.uexp" 72
"../../../Engine/Content/Functions/Engine_MaterialFunctions02/Utility/BreakOutFloat2Components.uasset" 73
"../../../Engine/Content/Functions/Engine_MaterialFunctions02/Utility/BreakOutFloat2Components.uexp" 74
"../../../Engine/Content/EngineMaterials/DefaultDiffuse.ubulk" 75
"../../../Engine/Content/EngineMaterials/DefaultDiffuse.uasset" 76
"../../../Engine/Content/EngineMaterials/DefaultDiffuse.uexp" 77
"../../../Engine/Content/EngineMaterials/DefaultPostProcessMaterial.uasset" 78
"../../../Engine/Content/EngineMaterials/DefaultPostProcessMaterial.uexp" 79
"../../../Engine/Plugins/Interchange/Runtime/Content/Pipelines/DefaultTexturePipeline.uasset" 80
"../../../Engine/Plugins/Interchange/Runtime/Content/Pipelines/DefaultTexturePipeline.uexp" 81
"../../../Engine/Plugins/NNE/NNEDenoiser/Content/NNE_oidn2-3-0_rt_hdr_alb_nrm__dyn__fp16_opset11_ForwardAlpha.uasset" 82
"../../../Engine/Plugins/NNE/NNEDenoiser/Content/NNE_oidn2-3-0_rt_hdr_alb_nrm__dyn__fp16_opset11_ForwardAlpha.uexp" 83
"../../../Engine/Plugins/NNE/NNEDenoiser/Content/NNE_oidn2-3-0_rt_hdr_calb_cnrm_large__dyn__fp16_opset11_DenoiseAlpha.uasset" 84
"../../../Engine/Plugins/NNE/NNEDenoiser/Content/NNE_oidn2-3-0_rt_hdr_calb_cnrm_large__dyn__fp16_opset11_DenoiseAlpha.uexp" 85
"../../../Engine/Content/EngineFonts/RobotoDistanceField.uasset" 86
"../../../Engine/Content/EngineFonts/RobotoDistanceField.uexp" 87
"../../../Engine/Content/EngineMaterials/DefaultTextMaterialOpaque.uasset" 88
"../../../Engine/Content/EngineMaterials/DefaultTextMaterialOpaque.uexp" 89
"../../../Engine/Plugins/NNE/NNEDenoiser/Content/NNE_oidn2-3-0_rt_hdr_calb_cnrm_large__dyn__fp16_opset11_ForwardAlpha.uasset" 90
"../../../Engine/Plugins/NNE/NNEDenoiser/Content/NNE_oidn2-3-0_rt_hdr_calb_cnrm_large__dyn__fp16_opset11_ForwardAlpha.uexp" 91
"../../../Engine/Plugins/Animation/ControlRig/Content/Controls/ControlRig_Arrow2_3mm.ubulk" 92
"../../../Engine/Plugins/Animation/ControlRig/Content/Controls/ControlRig_Arrow2_3mm.uasset" 93
"../../../Engine/Plugins/Animation/ControlRig/Content/Controls/ControlRig_Arrow2_3mm.uexp" 94
"../../../Engine/Content/EngineMaterials/DefaultDestructiblePhysicalMaterial.uasset" 95
"../../../Engine/Content/EngineMaterials/DefaultDestructiblePhysicalMaterial.uexp" 96
"../../../Engine/Content/EngineMaterials/DefaultPhysicalMaterial.uasset" 97
"../../../Engine/Content/EngineMaterials/DefaultPhysicalMaterial.uexp" 98
"../../../Engine/Plugins/Animation/ControlRig/Content/Controls/ControlRig_Square_solid.ubulk" 99
"../../../Engine/Plugins/Animation/ControlRig/Content/Controls/ControlRig_Square_solid.uasset" 100
"../../../Engine/Plugins/Animation/ControlRig/Content/Controls/ControlRig_Square_solid.uexp" 101
"../../../Engine/Plugins/Animation/ControlRig/Content/Controls/ControlRig_Arrow2_solid.ubulk" 102
"../../../Engine/Plugins/Animation/ControlRig/Content/Controls/ControlRig_Arrow2_solid.uasset" 103
"../../../Engine/Plugins/Animation/ControlRig/Content/Controls/ControlRig_Arrow2_solid.uexp" 104
"../../../Engine/Content/EngineSounds/Master.uasset" 105
"../../../Engine/Content/EngineSounds/Master.uexp" 106
"../../../Engine/Content/EngineMaterials/DefaultWhiteGrid.ubulk" 107
"../../../Engine/Content/EngineMaterials/DefaultWhiteGrid.uasset" 108
"../../../Engine/Content/EngineMaterials/DefaultWhiteGrid.uexp" 109
"../../../Engine/Plugins/Animation/ControlRig/Content/Controls/DefaultGizmoLibraryNormalized.uasset" 110
"../../../Engine/Plugins/Animation/ControlRig/Content/Controls/DefaultGizmoLibraryNormalized.uexp" 111
"../../../Engine/Plugins/Animation/ControlRig/Content/Controls/ControlRig_Star4_1mm.ubulk" 112
"../../../Engine/Plugins/Animation/ControlRig/Content/Controls/ControlRig_Star4_1mm.uasset" 113
"../../../Engine/Plugins/Animation/ControlRig/Content/Controls/ControlRig_Star4_1mm.uexp" 114
"../../../Engine/Plugins/Animation/ControlRig/Content/Controls/ControlRig_Arrow4_1mm.ubulk" 115
"../../../Engine/Plugins/Animation/ControlRig/Content/Controls/ControlRig_Arrow4_1mm.uasset" 116
"../../../Engine/Plugins/Animation/ControlRig/Content/Controls/ControlRig_Arrow4_1mm.uexp" 117
"../../../Engine/Plugins/2D/Paper2D/Content/DefaultSpriteMaterial.uasset" 118
"../../../Engine/Plugins/2D/Paper2D/Content/DefaultSpriteMaterial.uexp" 119
"../../../Engine/Plugins/2D/Paper2D/Content/MaskedUnlitSpriteMaterial.uasset" 120
"../../../Engine/Plugins/2D/Paper2D/Content/MaskedUnlitSpriteMaterial.uexp" 121
"../../../Engine/Plugins/Interchange/Assets/Content/Functions/MX_DielectricBSDF.uasset" 122
"../../../Engine/Plugins/Interchange/Assets/Content/Functions/MX_DielectricBSDF.uexp" 123
"../../../Engine/Content/Functions/Engine_MaterialFunctions01/Texturing/TextureCropping.uasset" 124
"../../../Engine/Content/Functions/Engine_MaterialFunctions01/Texturing/TextureCropping.uexp" 125
"../../../Engine/Content/Functions/Engine_MaterialFunctions02/ExampleContent/DebugNumberStrip.uasset" 126
"../../../Engine/Content/Functions/Engine_MaterialFunctions02/ExampleContent/DebugNumberStrip.uexp" 127
"../../../Engine/Content/Functions/Engine_MaterialFunctions01/Debug/DebugIntValues.uasset" 128
"../../../Engine/Content/Functions/Engine_MaterialFunctions01/Debug/DebugIntValues.uexp" 129
"../../../Engine/Content/Functions/Engine_MaterialFunctions01/Texturing/ScaleUVsByCenter.uasset" 130
"../../../Engine/Content/Functions/Engine_MaterialFunctions01/Texturing/ScaleUVsByCenter.uexp" 131
"../../../Engine/Content/Functions/Engine_MaterialFunctions02/WorldPositionOffset/LocalPosition.uasset" 132
"../../../Engine/Content/Functions/Engine_MaterialFunctions02/WorldPositionOffset/LocalPosition.uexp" 133
"../../../Engine/Content/EditorLandscapeResources/LandscapeLayerUsageMaterial.uasset" 134
"../../../Engine/Content/EditorLandscapeResources/LandscapeLayerUsageMaterial.uexp" 135
"../../../Engine/Plugins/2D/Paper2D/Content/OpaqueUnlitSpriteMaterial.uasset" 136
"../../../Engine/Plugins/2D/Paper2D/Content/OpaqueUnlitSpriteMaterial.uexp" 137
"../../../Engine/Plugins/Animation/ControlRig/Content/Controls/ControlRig_Star4_3mm.ubulk" 138
"../../../Engine/Plugins/Animation/ControlRig/Content/Controls/ControlRig_Star4_3mm.uasset" 139
"../../../Engine/Plugins/Animation/ControlRig/Content/Controls/ControlRig_Star4_3mm.uexp" 140
"../../../Engine/Plugins/Animation/ControlRig/Content/Controls/ControlRig_Arrow4_3mm.ubulk" 141
"../../../Engine/Plugins/Animation/ControlRig/Content/Controls/ControlRig_Arrow4_3mm.uasset" 142
"../../../Engine/Plugins/Animation/ControlRig/Content/Controls/ControlRig_Arrow4_3mm.uexp" 143
"../../../Engine/Content/EngineMeshes/Sphere.ubulk" 144
"../../../Engine/Content/EngineMeshes/Sphere.uasset" 145
"../../../Engine/Content/EngineMeshes/Sphere.uexp" 146
"../../../Engine/Plugins/Interchange/Assets/Content/Functions/MX_Displacement.uasset" 147
"../../../Engine/Plugins/Interchange/Assets/Content/Functions/MX_Displacement.uexp" 148
"../../../Engine/Plugins/Runtime/CommonUI/Content/DefaultMediaTexture.uasset" 149
"../../../Engine/Plugins/Runtime/CommonUI/Content/DefaultMediaTexture.uexp" 150
"../../../Engine/Plugins/Runtime/CommonUI/Content/VideoPlayerMaterial.uasset" 151
"../../../Engine/Plugins/Runtime/CommonUI/Content/VideoPlayerMaterial.uexp" 152
"../../../Engine/Content/EngineMaterials/RemoveSurfaceMaterial.uasset" 153
"../../../Engine/Content/EngineMaterials/RemoveSurfaceMaterial.uexp" 154
"../../../Engine/Plugins/Interchange/Assets/Content/Functions/MX_GeneralizedSchlickBSDF.uasset" 155
"../../../Engine/Plugins/Interchange/Assets/Content/Functions/MX_GeneralizedSchlickBSDF.uexp" 156
"../../../Engine/Content/Functions/Engine_MaterialFunctions02/WorldPositionOffset/CameraOffset.uasset" 157
"../../../Engine/Content/Functions/Engine_MaterialFunctions02/WorldPositionOffset/CameraOffset.uexp" 158
"../../../Engine/Plugins/Animation/ControlRig/Content/M_Manip.uasset" 159
"../../../Engine/Plugins/Animation/ControlRig/Content/M_Manip.uexp" 160
"../../../Engine/Content/EngineMaterials/DefaultWhiteGrid_Low.uasset" 161
"../../../Engine/Content/EngineMaterials/DefaultWhiteGrid_Low.uexp" 162
"../../../Engine/Content/EngineMaterials/EmissiveMeshMaterial.uasset" 163
"../../../Engine/Content/EngineMaterials/EmissiveMeshMaterial.uexp" 164
"../../../Engine/Plugins/Animation/ControlRig/Content/Controls/ControlRig_Star4_solid.ubulk" 165
"../../../Engine/Plugins/Animation/ControlRig/Content/Controls/ControlRig_Star4_solid.uasset" 166
"../../../Engine/Plugins/Animation/ControlRig/Content/Controls/ControlRig_Star4_solid.uexp" 167
"../../../Engine/Content/EngineDebugMaterials/DebugEditorMaterial.uasset" 168
"../../../Engine/Content/EngineDebugMaterials/DebugEditorMaterial.uexp" 169
"../../../Engine/Plugins/Animation/ControlRig/Content/Controls/ControlRig_Arrow4_solid.ubulk" 170
"../../../Engine/Plugins/Animation/ControlRig/Content/Controls/ControlRig_Arrow4_solid.uasset" 171
"../../../Engine/Plugins/Animation/ControlRig/Content/Controls/ControlRig_Arrow4_solid.uexp" 172
"../../../Engine/Content/EngineMaterials/SMAAAreaTex.uasset" 173
"../../../Engine/Content/EngineMaterials/SMAAAreaTex.uexp" 174
"../../../Engine/Content/EngineDebugMaterials/DebugMeshMaterial.uasset" 175
"../../../Engine/Content/EngineDebugMaterials/DebugMeshMaterial.uexp" 176
"../../../Engine/Plugins/Animation/ControlRig/Content/Controls/ControlRig_Triangle_1mm.ubulk" 177
"../../../Engine/Plugins/Animation/ControlRig/Content/Controls/ControlRig_Triangle_1mm.uasset" 178
"../../../Engine/Plugins/Animation/ControlRig/Content/Controls/ControlRig_Triangle_1mm.uexp" 179
"../../../Engine/Plugins/Animation/ControlRig/Content/Controls/ControlRig_Arrow_1mm.ubulk" 180
"../../../Engine/Plugins/Animation/ControlRig/Content/Controls/ControlRig_Arrow_1mm.uasset" 181
"../../../Engine/Plugins/Animation/ControlRig/Content/Controls/ControlRig_Arrow_1mm.uexp" 182
"../../../Engine/Content/EngineMaterials/FastBlueNoise_scalar_128x128x64.uasset" 183
"../../../Engine/Content/EngineMaterials/FastBlueNoise_scalar_128x128x64.uexp" 184
"../../../Engine/Content/EditorLandscapeResources/WhiteSquareTexture.uasset" 185
"../../../Engine/Content/EditorLandscapeResources/WhiteSquareTexture.uexp" 186
"../../../Engine/Content/EditorLandscapeResources/LayerVisMaterial.uasset" 187
"../../../Engine/Content/EditorLandscapeResources/LayerVisMaterial.uexp" 188
"../../../Engine/Plugins/Animation/ControlRig/Content/Controls/ControlRig_Triangle_3mm.ubulk" 189
"../../../Engine/Plugins/Animation/ControlRig/Content/Controls/ControlRig_Triangle_3mm.uasset" 190
"../../../Engine/Plugins/Animation/ControlRig/Content/Controls/ControlRig_Triangle_3mm.uexp" 191
"../../../Engine/Content/EngineMaterials/SMAASearchTex.uasset" 192
"../../../Engine/Content/EngineMaterials/SMAASearchTex.uexp" 193
"../../../Engine/Plugins/Interchange/Assets/Content/Substrate/MX_SimpleVolume.uasset" 194
"../../../Engine/Plugins/Interchange/Assets/Content/Substrate/MX_SimpleVolume.uexp" 195
"../../../Engine/Content/EngineMaterials/FastBlueNoise_scalar_128x128x8.uasset" 196
"../../../Engine/Content/EngineMaterials/FastBlueNoise_scalar_128x128x8.uexp" 197
"../../../Engine/Plugins/Animation/ControlRig/Content/Controls/ControlRig_Arrow_3mm.ubulk" 198
"../../../Engine/Plugins/Animation/ControlRig/Content/Controls/ControlRig_Arrow_3mm.uasset" 199
"../../../Engine/Plugins/Animation/ControlRig/Content/Controls/ControlRig_Arrow_3mm.uexp" 200
"../../../Engine/Plugins/Animation/ControlRig/Content/Controls/ControlRig_Triangle_solid.ubulk" 201
"../../../Engine/Plugins/Animation/ControlRig/Content/Controls/ControlRig_Triangle_solid.uasset" 202
"../../../Engine/Plugins/Animation/ControlRig/Content/Controls/ControlRig_Triangle_solid.uexp" 203
"../../../Engine/Content/EngineMaterials/FastBlueNoise_vec2_128x128x64.uasset" 204
"../../../Engine/Content/EngineMaterials/FastBlueNoise_vec2_128x128x64.uexp" 205
"../../../Engine/Plugins/Interchange/Assets/Content/Functions/MX_MeasuredEDF.uasset" 206
"../../../Engine/Plugins/Interchange/Assets/Content/Functions/MX_MeasuredEDF.uexp" 207
"../../../Engine/Plugins/Animation/ControlRig/Content/Controls/ControlRig_Arrow_solid.ubulk" 208
"../../../Engine/Plugins/Animation/ControlRig/Content/Controls/ControlRig_Arrow_solid.uasset" 209
"../../../Engine/Plugins/Animation/ControlRig/Content/Controls/ControlRig_Arrow_solid.uexp" 210
"../../../Engine/Plugins/Animation/ControlRig/Content/Controls/ControlRig_Wedge_1mm.ubulk" 211
"../../../Engine/Plugins/Animation/ControlRig/Content/Controls/ControlRig_Wedge_1mm.uasset" 212
"../../../Engine/Plugins/Animation/ControlRig/Content/Controls/ControlRig_Wedge_1mm.uexp" 213
"../../../Engine/Content/BasicShapes/BasicShapeMaterial.uasset" 214
"../../../Engine/Content/BasicShapes/BasicShapeMaterial.uexp" 215
"../../../Engine/Content/EngineMaterials/BaseFlattenDiffuseMap.uasset" 216
"../../../Engine/Content/EngineMaterials/BaseFlattenDiffuseMap.uexp" 217
"../../../Engine/Content/EngineMaterials/BaseFlattenEmissiveMap.uasset" 218
"../../../Engine/Content/EngineMaterials/BaseFlattenEmissiveMap.uexp" 219
"../../../Engine/Content/EngineMaterials/BaseFlattenGrayscaleMap.uasset" 220
"../../../Engine/Content/EngineMaterials/BaseFlattenGrayscaleMap.uexp" 221
"../../../Engine/Content/EngineMaterials/BaseFlattenLinearColor.uasset" 222
"../../../Engine/Content/EngineMaterials/BaseFlattenLinearColor.uexp" 223
"../../../Engine/Content/EngineMaterials/BaseFlattenNormalMap.uasset" 224
"../../../Engine/Content/EngineMaterials/BaseFlattenNormalMap.uexp" 225
"../../../Engine/Content/Functions/Engine_MaterialFunctions02/PivotPainter2/Black_1x1_EXR_Texture.uasset" 226
"../../../Engine/Content/Functions/Engine_MaterialFunctions02/PivotPainter2/Black_1x1_EXR_Texture.uexp" 227
"../../../Engine/Content/EngineMaterials/FlattenMaterial.uasset" 228
"../../../Engine/Content/EngineMaterials/FlattenMaterial.uexp" 229
"../../../Engine/Content/Functions/Engine_MaterialFunctions02/Utility/MakeFloat3.uasset" 230
"../../../Engine/Content/Functions/Engine_MaterialFunctions02/Utility/MakeFloat3.uexp" 231
"../../../Engine/Content/EditorLandscapeResources/DefaultAlphaTexture.uasset" 232
"../../../Engine/Content/EditorLandscapeResources/DefaultAlphaTexture.uexp" 233
"../../../Engine/Content/Functions/Engine_MaterialFunctions03/Math/WithinRangeFloat2.uasset" 234
"../../../Engine/Content/Functions/Engine_MaterialFunctions03/Math/WithinRangeFloat2.uexp" 235
"../../../Engine/Content/EditorLandscapeResources/MaskBrushMaterial.uasset" 236
"../../../Engine/Content/EditorLandscapeResources/MaskBrushMaterial.uexp" 237
"../../../Engine/Content/EditorLandscapeResources/MaskBrushMaterial_MaskedRegion.uasset" 238
"../../../Engine/Content/EditorLandscapeResources/MaskBrushMaterial_MaskedRegion.uexp" 239
"../../../Engine/Plugins/Animation/ControlRig/Content/Controls/ControlRig_Box_1mm.ubulk" 240
"../../../Engine/Plugins/Animation/ControlRig/Content/Controls/ControlRig_Box_1mm.uasset" 241
"../../../Engine/Plugins/Animation/ControlRig/Content/Controls/ControlRig_Box_1mm.uexp" 242
"../../../Engine/Plugins/Interchange/Assets/Content/Functions/MF_IridescenceNoLUT.uasset" 243
"../../../Engine/Plugins/Interchange/Assets/Content/Functions/MF_IridescenceNoLUT.uexp" 244
"../../../Engine/Plugins/Interchange/Assets/Content/Functions/MX_StandardSurface.uasset" 245
"../../../Engine/Plugins/Interchange/Assets/Content/Functions/MX_StandardSurface.uexp" 246
"../../../Engine/Plugins/Interchange/Assets/Content/Functions/MX_OpenPBR_Opaque.uasset" 247
"../../../Engine/Plugins/Interchange/Assets/Content/Functions/MX_OpenPBR_Opaque.uexp" 248
"../../../Engine/Content/EngineMaterials/BaseFlattenDiffuseMap_VT.ubulk" 249
"../../../Engine/Content/EngineMaterials/BaseFlattenDiffuseMap_VT.uasset" 250
"../../../Engine/Content/EngineMaterials/BaseFlattenDiffuseMap_VT.uexp" 251
"../../../Engine/Content/EngineMaterials/BaseFlattenEmissiveMap_VT.ubulk" 252
"../../../Engine/Content/EngineMaterials/BaseFlattenEmissiveMap_VT.uasset" 253
"../../../Engine/Content/EngineMaterials/BaseFlattenEmissiveMap_VT.uexp" 254
"../../../Engine/Content/EngineMaterials/BaseFlattenGrayscaleMap_VT.ubulk" 255
"../../../Engine/Content/EngineMaterials/BaseFlattenGrayscaleMap_VT.uasset" 256
"../../../Engine/Content/EngineMaterials/BaseFlattenGrayscaleMap_VT.uexp" 257
"../../../Engine/Content/EngineMaterials/BaseFlattenLinearColor_VT.ubulk" 258
"../../../Engine/Content/EngineMaterials/BaseFlattenLinearColor_VT.uasset" 259
"../../../Engine/Content/EngineMaterials/BaseFlattenLinearColor_VT.uexp" 260
"../../../Engine/Content/EngineMaterials/BaseFlattenNormalMap_VT.ubulk" 261
"../../../Engine/Content/EngineMaterials/BaseFlattenNormalMap_VT.uasset" 262
"../../../Engine/Content/EngineMaterials/BaseFlattenNormalMap_VT.uexp" 263
"../../../Engine/Content/EngineMaterials/Black_1x1_EXR_Texture_VT.ubulk" 264
"../../../Engine/Content/EngineMaterials/Black_1x1_EXR_Texture_VT.uasset" 265
"../../../Engine/Content/EngineMaterials/Black_1x1_EXR_Texture_VT.uexp" 266
"../../../Engine/Content/EngineMaterials/FlattenMaterial_VT.uasset" 267
"../../../Engine/Content/EngineMaterials/FlattenMaterial_VT.uexp" 268
"../../../Engine/Plugins/Animation/ControlRig/Content/Controls/ControlRig_Wedge_3mm.ubulk" 269
"../../../Engine/Plugins/Animation/ControlRig/Content/Controls/ControlRig_Wedge_3mm.uasset" 270
"../../../Engine/Plugins/Animation/ControlRig/Content/Controls/ControlRig_Wedge_3mm.uexp" 271
"../../../Engine/Content/EngineMaterials/DefaultMaterial.uasset" 272
"../../../Engine/Content/EngineMaterials/DefaultMaterial.uexp" 273
"../../../Engine/Content/BasicShapes/Cone.ubulk" 274
"../../../Engine/Content/BasicShapes/Cone.uasset" 275
"../../../Engine/Content/BasicShapes/Cone.uexp" 276
"../../../Engine/Content/EngineMaterials/FlattenMaterial_WS_Normal_VT.uasset" 277
"../../../Engine/Content/EngineMaterials/FlattenMaterial_WS_Normal_VT.uexp" 278
"../../../Engine/Plugins/Interchange/Assets/Content/Functions/MX_TransmissionSurface.uasset" 279
"../../../Engine/Plugins/Interchange/Assets/Content/Functions/MX_TransmissionSurface.uexp" 280
"../../../Engine/Plugins/Interchange/Assets/Content/Functions/MX_OpenPBR_Translucent.uasset" 281
"../../../Engine/Plugins/Interchange/Assets/Content/Functions/MX_OpenPBR_Translucent.uexp" 282
"../../../Engine/Plugins/Animation/ControlRig/Content/Controls/ControlRig_Wedge_solid.ubulk" 283
"../../../Engine/Plugins/Animation/ControlRig/Content/Controls/ControlRig_Wedge_solid.uasset" 284
"../../../Engine/Plugins/Animation/ControlRig/Content/Controls/ControlRig_Wedge_solid.uexp" 285
"../../../Engine/Plugins/Animation/ControlRig/Content/Controls/ControlRig_Box_3mm.ubulk" 286
"../../../Engine/Plugins/Animation/ControlRig/Content/Controls/ControlRig_Box_3mm.uasset" 287
"../../../Engine/Plugins/Animation/ControlRig/Content/Controls/ControlRig_Box_3mm.uexp" 288
"../../../Engine/Plugins/Interchange/Assets/Content/Functions/MX_OrenNayarBSDF.uasset" 289
"../../../Engine/Plugins/Interchange/Assets/Content/Functions/MX_OrenNayarBSDF.uexp" 290
"../../../Engine/Content/EditorMaterials/PhAT_NoCollisionMaterial.uasset" 291
"../../../Engine/Content/EditorMaterials/PhAT_NoCollisionMaterial.uexp" 292
"../../../Engine/Plugins/Animation/ControlRig/Content/Controls/ControlRig_Box_solid.ubulk" 293
"../../../Engine/Plugins/Animation/ControlRig/Content/Controls/ControlRig_Box_solid.uasset" 294
"../../../Engine/Plugins/Animation/ControlRig/Content/Controls/ControlRig_Box_solid.uexp" 295
"../../../Engine/Content/EngineMaterials/GizmoMaterial.uasset" 296
"../../../Engine/Content/EngineMaterials/GizmoMaterial.uexp" 297
"../../../Engine/Content/EditorMaterials/PhAT_UnselectedMaterial.uasset" 298
"../../../Engine/Content/EditorMaterials/PhAT_UnselectedMaterial.uexp" 299
"../../../Engine/Plugins/Animation/ControlRig/Content/Controls/ControlRig_Circle_1mm.ubulk" 300
"../../../Engine/Plugins/Animation/ControlRig/Content/Controls/ControlRig_Circle_1mm.uasset" 301
"../../../Engine/Plugins/Animation/ControlRig/Content/Controls/ControlRig_Circle_1mm.uexp" 302
"../../../Engine/Content/EngineResources/Black.uasset" 303
"../../../Engine/Content/EngineResources/Black.uexp" 304
"../../../Engine/Content/BasicShapes/Cylinder.ubulk" 305
"../../../Engine/Content/BasicShapes/Cylinder.uasset" 306
"../../../Engine/Content/BasicShapes/Cylinder.uexp" 307
"../../../Engine/Content/EditorLandscapeResources/SelectBrushMaterial.uasset" 308
"../../../Engine/Content/EditorLandscapeResources/SelectBrushMaterial.uexp" 309
"../../../Engine/Content/EditorLandscapeResources/SelectBrushMaterial_Selected.uasset" 310
"../../../Engine/Content/EditorLandscapeResources/SelectBrushMaterial_Selected.uexp" 311
"../../../Engine/Plugins/Animation/ControlRig/Content/Controls/ControlRig_Circle_3mm.ubulk" 312
"../../../Engine/Plugins/Animation/ControlRig/Content/Controls/ControlRig_Circle_3mm.uasset" 313
"../../../Engine/Plugins/Animation/ControlRig/Content/Controls/ControlRig_Circle_3mm.uexp" 314
"../../../Engine/Content/EditorLandscapeResources/SelectBrushMaterial_SelectedRegion.uasset" 315
"../../../Engine/Content/EditorLandscapeResources/SelectBrushMaterial_SelectedRegion.uexp" 316
"../../../Engine/Plugins/Animation/ControlRig/Content/Controls/ControlRig_Circle_solid.ubulk" 317
"../../../Engine/Plugins/Animation/ControlRig/Content/Controls/ControlRig_Circle_solid.uasset" 318
"../../../Engine/Plugins/Animation/ControlRig/Content/Controls/ControlRig_Circle_solid.uexp" 319
"../../../Engine/Content/EngineResources/DefaultTexture.ubulk" 320
"../../../Engine/Content/EngineResources/DefaultTexture.uasset" 321
"../../../Engine/Content/EngineResources/DefaultTexture.uexp" 322
"../../../Engine/Content/EditorMaterials/PreviewShadowIndicator.ubulk" 323
"../../../Engine/Content/EditorMaterials/PreviewShadowIndicator.uasset" 324
"../../../Engine/Content/EditorMaterials/PreviewShadowIndicator.uexp" 325
"../../../Engine/Content/EditorMaterials/PreviewShadowIndicatorMaterial.uasset" 326
"../../../Engine/Content/EditorMaterials/PreviewShadowIndicatorMaterial.uexp" 327
"../../../Engine/Content/EditorResources/S_Solver.ubulk" 328
"../../../Engine/Content/EditorResources/S_Solver.uasset" 329
"../../../Engine/Content/EditorResources/S_Solver.uexp" 330
"../../../Engine/Content/EditorLandscapeResources/SplineEditorMeshMat.uasset" 331
"../../../Engine/Content/EditorLandscapeResources/SplineEditorMeshMat.uexp" 332
"../../../Engine/Content/EditorLandscapeResources/SplineEditorMesh.ubulk" 333
"../../../Engine/Content/EditorLandscapeResources/SplineEditorMesh.uasset" 334
"../../../Engine/Content/EditorLandscapeResources/SplineEditorMesh.uexp" 335
"../../../Engine/Plugins/Animation/ControlRig/Content/Controls/ControlRig_Diamond_1mm.ubulk" 336
"../../../Engine/Plugins/Animation/ControlRig/Content/Controls/ControlRig_Diamond_1mm.uasset" 337
"../../../Engine/Plugins/Animation/ControlRig/Content/Controls/ControlRig_Diamond_1mm.uexp" 338
"../../../Engine/Content/EngineResources/DefaultTextureCube.uasset" 339
"../../../Engine/Content/EngineResources/DefaultTextureCube.uexp" 340
"../../../Engine/Content/BasicShapes/Sphere.ubulk" 341
"../../../Engine/Content/BasicShapes/Sphere.uasset" 342
"../../../Engine/Content/BasicShapes/Sphere.uexp" 343
"../../../Engine/Plugins/Animation/ControlRig/Content/Controls/ControlRig_Diamond_3mm.ubulk" 344
"../../../Engine/Plugins/Animation/ControlRig/Content/Controls/ControlRig_Diamond_3mm.uasset" 345
"../../../Engine/Plugins/Animation/ControlRig/Content/Controls/ControlRig_Diamond_3mm.uexp" 346
"../../../Engine/Content/EditorResources/S_Terrain.ubulk" 347
"../../../Engine/Content/EditorResources/S_Terrain.uasset" 348
"../../../Engine/Content/EditorResources/S_Terrain.uexp" 349
"../../../Engine/Plugins/Animation/ControlRig/Content/Controls/ControlRig_Diamond_solid.ubulk" 350
"../../../Engine/Plugins/Animation/ControlRig/Content/Controls/ControlRig_Diamond_solid.uasset" 351
"../../../Engine/Plugins/Animation/ControlRig/Content/Controls/ControlRig_Diamond_solid.uexp" 352
"../../../Engine/Content/EngineResources/DefaultVolumeTexture2D.uasset" 353
"../../../Engine/Content/EngineResources/DefaultVolumeTexture2D.uexp" 354
"../../../Engine/Content/EngineResources/DefaultVolumeTexture.uasset" 355
"../../../Engine/Content/EngineResources/DefaultVolumeTexture.uexp" 356
"../../../Engine/Plugins/Animation/ControlRig/Content/Controls/ControlRig_HalfCircle_1mm.ubulk" 357
"../../../Engine/Plugins/Animation/ControlRig/Content/Controls/ControlRig_HalfCircle_1mm.uasset" 358
"../../../Engine/Plugins/Animation/ControlRig/Content/Controls/ControlRig_HalfCircle_1mm.uexp" 359
"../../../Engine/Content/EngineDebugMaterials/M_SimpleUnlitTranslucent.uasset" 360
"../../../Engine/Content/EngineDebugMaterials/M_SimpleUnlitTranslucent.uexp" 361
"../../../Engine/Plugins/Interchange/Assets/Content/Functions/MX_SheenBSDF.uasset" 362
"../../../Engine/Plugins/Interchange/Assets/Content/Functions/MX_SheenBSDF.uexp" 363
"../../../Engine/Plugins/Media/MediaPlate/Content/SM_MediaPlateScreen.ubulk" 364
"../../../Engine/Plugins/Media/MediaPlate/Content/SM_MediaPlateScreen.uasset" 365
"../../../Engine/Plugins/Media/MediaPlate/Content/SM_MediaPlateScreen.uexp" 366
"../../../Engine/Plugins/Animation/ControlRig/Content/Controls/ControlRig_HalfCircle_3mm.ubulk" 367
"../../../Engine/Plugins/Animation/ControlRig/Content/Controls/ControlRig_HalfCircle_3mm.uasset" 368
"../../../Engine/Plugins/Animation/ControlRig/Content/Controls/ControlRig_HalfCircle_3mm.uexp" 369
"../../../Engine/Content/EditorResources/S_Trigger.ubulk" 370
"../../../Engine/Content/EditorResources/S_Trigger.uasset" 371
"../../../Engine/Content/EditorResources/S_Trigger.uexp" 372
"../../../Engine/Plugins/Interchange/Assets/Content/Functions/MX_AbsorptionVDF.uasset" 373
"../../../Engine/Plugins/Interchange/Assets/Content/Functions/MX_AbsorptionVDF.uexp" 374
"../../../Engine/Content/EditorResources/S_TriggerBox.uasset" 375
"../../../Engine/Content/EditorResources/S_TriggerBox.uexp" 376
"../../../Engine/Content/Functions/Engine_MaterialFunctions02/Utility/CameraDirectionVector.uasset" 377
"../../../Engine/Content/Functions/Engine_MaterialFunctions02/Utility/CameraDirectionVector.uexp" 378
"../../../Engine/Content/EngineDebugMaterials/VolumeToRender.uasset" 379
"../../../Engine/Content/EngineDebugMaterials/VolumeToRender.uexp" 380
"../../../Engine/Content/EngineDebugMaterials/M_VolumeRenderSphereTracePP.uasset" 381
"../../../Engine/Content/EngineDebugMaterials/M_VolumeRenderSphereTracePP.uexp" 382
"../../../Engine/Plugins/NNE/NNEDenoiser/Content/NNEDIM_ColorAlbedoNormal_Alpha.uasset" 383
"../../../Engine/Plugins/NNE/NNEDenoiser/Content/NNEDIM_ColorAlbedoNormal_Alpha.uexp" 384
"../../../Engine/Plugins/NNE/NNEDenoiser/Content/NNEDIM_ColorAlbedoNormal_Default.uasset" 385
"../../../Engine/Plugins/NNE/NNEDenoiser/Content/NNEDIM_ColorAlbedoNormal_Default.uexp" 386
"../../../Engine/Content/EditorResources/S_TriggerCapsule.uasset" 387
"../../../Engine/Content/EditorResources/S_TriggerCapsule.uexp" 388
"../../../Engine/Plugins/Animation/ControlRig/Content/Controls/ControlRig_HalfCircle_solid.ubulk" 389
"../../../Engine/Plugins/Animation/ControlRig/Content/Controls/ControlRig_HalfCircle_solid.uasset" 390
"../../../Engine/Plugins/Animation/ControlRig/Content/Controls/ControlRig_HalfCircle_solid.uexp" 391
"../../../Engine/Plugins/NNE/NNEDenoiser/Content/NNEDIM_HighQuality_Alpha.uasset" 392
"../../../Engine/Plugins/NNE/NNEDenoiser/Content/NNEDIM_HighQuality_Alpha.uexp" 393
"../../../Engine/Plugins/NNE/NNEDenoiser/Content/NNEDIM_HighQuality_Default.uasset" 394
"../../../Engine/Plugins/NNE/NNEDenoiser/Content/NNEDIM_HighQuality_Default.uexp" 395
"../../../Engine/Plugins/Interchange/Assets/Content/Functions/MX_SubsurfaceBSDF.uasset" 396
"../../../Engine/Plugins/Interchange/Assets/Content/Functions/MX_SubsurfaceBSDF.uexp" 397
"../../../Engine/Plugins/NNE/NNEDenoiser/Content/NNEDOM_Output_Alpha.uasset" 398
"../../../Engine/Plugins/NNE/NNEDenoiser/Content/NNEDOM_Output_Alpha.uexp" 399
"../../../Engine/Content/EditorResources/S_TriggerSphere.uasset" 400
"../../../Engine/Content/EditorResources/S_TriggerSphere.uexp" 401
"../../../Engine/Plugins/NNE/NNEDenoiser/Content/NNEDOM_Output_Default.uasset" 402
"../../../Engine/Plugins/NNE/NNEDenoiser/Content/NNEDOM_Output_Default.uexp" 403
"../../../Engine/Plugins/Animation/ControlRig/Content/Controls/ControlRig_Hexagon_1mm.ubulk" 404
"../../../Engine/Plugins/Animation/ControlRig/Content/Controls/ControlRig_Hexagon_1mm.uasset" 405
"../../../Engine/Plugins/Animation/ControlRig/Content/Controls/ControlRig_Hexagon_1mm.uexp" 406
"../../../Engine/Plugins/NNE/NNEDenoiser/Content/NNEDTIM_ColorAlbedoNormal_Alpha.uasset" 407
"../../../Engine/Plugins/NNE/NNEDenoiser/Content/NNEDTIM_ColorAlbedoNormal_Alpha.uexp" 408
"../../../Engine/Content/EngineMaterials/WeightMapPlaceholderTexture.uasset" 409
"../../../Engine/Content/EngineMaterials/WeightMapPlaceholderTexture.uexp" 410
"../../../Engine/Content/EngineMaterials/WeightMapArrayPlaceholderTexture.uasset" 411
"../../../Engine/Content/EngineMaterials/WeightMapArrayPlaceholderTexture.uexp" 412
"../../../Engine/Plugins/Interchange/Assets/Content/Functions/MX_Surface.uasset" 413
"../../../Engine/Plugins/Interchange/Assets/Content/Functions/MX_Surface.uexp" 414
"../../../Engine/Plugins/NNE/NNEDenoiser/Content/NNEDTIM_ColorAlbedoNormal_Default.uasset" 415
"../../../Engine/Plugins/NNE/NNEDenoiser/Content/NNEDTIM_ColorAlbedoNormal_Default.uexp" 416
"../../../Engine/Content/EngineResources/GradientTexture0.uasset" 417
"../../../Engine/Content/EngineResources/GradientTexture0.uexp" 418
"../../../Engine/Plugins/NNE/NNEDenoiser/Content/NNEDTOM_Output_Alpha.uasset" 419
"../../../Engine/Plugins/NNE/NNEDenoiser/Content/NNEDTOM_Output_Alpha.uexp" 420
"../../../Engine/Plugins/Interchange/Assets/Content/Functions/MX_AnisotropicVDF.uasset" 421
"../../../Engine/Plugins/Interchange/Assets/Content/Functions/MX_AnisotropicVDF.uexp" 422
"../../../Engine/Plugins/NNE/NNEDenoiser/Content/NNEDTOM_Output_Default.uasset" 423
"../../../Engine/Plugins/NNE/NNEDenoiser/Content/NNEDTOM_Output_Default.uexp" 424
"../../../Engine/Plugins/Animation/ControlRig/Content/Controls/ControlRig_Hexagon_3mm.ubulk" 425
"../../../Engine/Plugins/Animation/ControlRig/Content/Controls/ControlRig_Hexagon_3mm.uasset" 426
"../../../Engine/Plugins/Animation/ControlRig/Content/Controls/ControlRig_Hexagon_3mm.uexp" 427
"../../../Engine/Content/EditorResources/BSPVertex.uasset" 428
"../../../Engine/Content/EditorResources/BSPVertex.uexp" 429
"../../../Engine/Plugins/Experimental/MeshModelingToolsetExp/Content/Materials/GetDisplacementVectorForDepthBias.uasset" 430
"../../../Engine/Plugins/Experimental/MeshModelingToolsetExp/Content/Materials/GetDisplacementVectorForDepthBias.uexp" 431
"../../../Engine/Content/Functions/Engine_MaterialFunctions02/Math/ProjectVectorOntoPlane.uasset" 432
"../../../Engine/Content/Functions/Engine_MaterialFunctions02/Math/ProjectVectorOntoPlane.uexp" 433
"../../../Engine/Content/Functions/Engine_MaterialFunctions03/Viewport/MF_OrthoWidth.uasset" 434
"../../../Engine/Content/Functions/Engine_MaterialFunctions03/Viewport/MF_OrthoWidth.uexp" 435
"../../../Engine/Content/EngineMaterials/LineSetComponentMaterial.uasset" 436
"../../../Engine/Content/EngineMaterials/LineSetComponentMaterial.uexp" 437
"../../../Engine/Plugins/Interchange/Assets/Content/Functions/MX_SurfaceUnlit.uasset" 438
"../../../Engine/Plugins/Interchange/Assets/Content/Functions/MX_SurfaceUnlit.uexp" 439
"../../../Engine/Plugins/Runtime/HairStrands/Content/Materials/HairMeshesDefaultMaterial.uasset" 440
"../../../Engine/Plugins/Runtime/HairStrands/Content/Materials/HairMeshesDefaultMaterial.uexp" 441
"../../../Engine/Content/EngineMaterials/MiniFont.uasset" 442
"../../../Engine/Content/EngineMaterials/MiniFont.uexp" 443
"../../../Engine/Plugins/Animation/ControlRig/Content/Controls/ControlRig_Hexagon_solid.ubulk" 444
"../../../Engine/Plugins/Animation/ControlRig/Content/Controls/ControlRig_Hexagon_solid.uasset" 445
"../../../Engine/Plugins/Animation/ControlRig/Content/Controls/ControlRig_Hexagon_solid.uexp" 446
"../../../Engine/Content/EditorLandscapeResources/ColorMaskBrushMaterial.uasset" 447
"../../../Engine/Content/EditorLandscapeResources/ColorMaskBrushMaterial.uexp" 448
"../../../Engine/Content/EditorLandscapeResources/ColorMaskBrushMaterial_MaskedRegion.uasset" 449
"../../../Engine/Content/EditorLandscapeResources/ColorMaskBrushMaterial_MaskedRegion.uexp" 450
"../../../Engine/Plugins/Interchange/Assets/Content/Functions/MX_BurleyDiffuseBSDF.uasset" 451
"../../../Engine/Plugins/Interchange/Assets/Content/Functions/MX_BurleyDiffuseBSDF.uexp" 452
"../../../Engine/Content/EngineMaterials/InvalidLightmapSettings.ubulk" 453
"../../../Engine/Content/EngineMaterials/InvalidLightmapSettings.uasset" 454
"../../../Engine/Content/EngineMaterials/InvalidLightmapSettings.uexp" 455
"../../../Engine/Content/EngineMaterials/M_InvalidLightmapSettings.uasset" 456
"../../../Engine/Content/EngineMaterials/M_InvalidLightmapSettings.uexp" 457
"../../../Engine/Content/EngineResources/WhiteSquareTexture.uasset" 458
"../../../Engine/Content/EngineResources/WhiteSquareTexture.uexp" 459
"../../../Engine/Content/EngineMaterials/Widget3DPassThrough.uasset" 460
"../../../Engine/Content/EngineMaterials/Widget3DPassThrough.uexp" 461
"../../../Engine/Content/EngineMaterials/Widget3DPassThrough_Masked.uasset" 462
"../../../Engine/Content/EngineMaterials/Widget3DPassThrough_Masked.uexp" 463
"../../../Engine/Content/EngineMaterials/Widget3DPassThrough_Opaque.uasset" 464
"../../../Engine/Content/EngineMaterials/Widget3DPassThrough_Opaque.uexp" 465
"../../../Engine/Content/EngineMaterials/Widget3DPassThrough_Masked_OneSided.uasset" 466
"../../../Engine/Content/EngineMaterials/Widget3DPassThrough_Masked_OneSided.uexp" 467
"../../../Engine/Content/EngineMaterials/NaniteHiddenSectionMaterial.uasset" 468
"../../../Engine/Content/EngineMaterials/NaniteHiddenSectionMaterial.uexp" 469
"../../../Engine/Plugins/Interchange/Assets/Content/Functions/MX_TranslucentBSDF.uasset" 470
"../../../Engine/Plugins/Interchange/Assets/Content/Functions/MX_TranslucentBSDF.uexp" 471
"../../../Engine/Content/EngineMaterials/Widget3DPassThrough_Opaque_OneSided.uasset" 472
"../../../Engine/Content/EngineMaterials/Widget3DPassThrough_Opaque_OneSided.uexp" 473
"../../../Engine/Content/Functions/Engine_MaterialFunctions02/Utility/BreakOutFloat3Components.uasset" 474
"../../../Engine/Content/Functions/Engine_MaterialFunctions02/Utility/BreakOutFloat3Components.uexp" 475
"../../../Engine/Content/Functions/Engine_MaterialFunctions02/Utility/VectorLength.uasset" 476
"../../../Engine/Content/Functions/Engine_MaterialFunctions02/Utility/VectorLength.uexp" 477
"../../../Engine/Content/Functions/Engine_MaterialFunctions02/WorldPositionOffset/ObjectScale.uasset" 478
"../../../Engine/Content/Functions/Engine_MaterialFunctions02/WorldPositionOffset/ObjectScale.uexp" 479
"../../../Engine/Plugins/Editor/SpeedTreeImporter/Content/SpeedTree9/Empty.uasset" 480
"../../../Engine/Plugins/Editor/SpeedTreeImporter/Content/SpeedTree9/Empty.uexp" 481
"../../../Engine/Plugins/Editor/SpeedTreeImporter/Content/SpeedTree9/EmptyNormal.uasset" 482
"../../../Engine/Plugins/Editor/SpeedTreeImporter/Content/SpeedTree9/EmptyNormal.uexp" 483
"../../../Engine/Plugins/Editor/SpeedTreeImporter/Content/SpeedTree9/game_wind_noise.ubulk" 484
"../../../Engine/Plugins/Editor/SpeedTreeImporter/Content/SpeedTree9/game_wind_noise.uasset" 485
"../../../Engine/Plugins/Editor/SpeedTreeImporter/Content/SpeedTree9/game_wind_noise.uexp" 486
"../../../Engine/Plugins/Editor/SpeedTreeImporter/Content/SpeedTree9/SpeedTreeBillboard.uasset" 487
"../../../Engine/Plugins/Editor/SpeedTreeImporter/Content/SpeedTree9/SpeedTreeBillboard.uexp" 488
"../../../Engine/Content/Functions/Engine_MaterialFunctions02/SafeNormalize.uasset" 489
"../../../Engine/Content/Functions/Engine_MaterialFunctions02/SafeNormalize.uexp" 490
"../../../Engine/Plugins/Editor/SpeedTreeImporter/Content/SpeedTree9/SpeedTreeWindMotion.uasset" 491
"../../../Engine/Plugins/Editor/SpeedTreeImporter/Content/SpeedTree9/SpeedTreeWindMotion.uexp" 492
"../../../Engine/Plugins/Editor/SpeedTreeImporter/Content/SpeedTree9/UnpackDirection.uasset" 493
"../../../Engine/Plugins/Editor/SpeedTreeImporter/Content/SpeedTree9/UnpackDirection.uexp" 494
"../../../Engine/Plugins/Editor/SpeedTreeImporter/Content/SpeedTree9/UnpackInteger3.uasset" 495
"../../../Engine/Plugins/Editor/SpeedTreeImporter/Content/SpeedTree9/UnpackInteger3.uexp" 496
"../../../Engine/Plugins/Editor/SpeedTreeImporter/Content/SpeedTree9/SpeedTreeBranchMotion.uasset" 497
"../../../Engine/Plugins/Editor/SpeedTreeImporter/Content/SpeedTree9/SpeedTreeBranchMotion.uexp" 498
"../../../Engine/Content/Functions/Engine_MaterialFunctions02/ObjectLocalBounds.uasset" 499
"../../../Engine/Content/Functions/Engine_MaterialFunctions02/ObjectLocalBounds.uexp" 500
"../../../Engine/Content/Functions/Engine_MaterialFunctions02/UVs/BoundingBoxBased_0-1_UVW.uasset" 501
"../../../Engine/Content/Functions/Engine_MaterialFunctions02/UVs/BoundingBoxBased_0-1_UVW.uexp" 502
"../../../Engine/Plugins/Editor/SpeedTreeImporter/Content/SpeedTree9/SpeedTreeWind.uasset" 503
"../../../Engine/Plugins/Editor/SpeedTreeImporter/Content/SpeedTree9/SpeedTreeWind.uexp" 504
"../../../Engine/Plugins/Editor/SpeedTreeImporter/Content/SpeedTree9/SpeedTreeBillboardMaster.uasset" 505
"../../../Engine/Plugins/Editor/SpeedTreeImporter/Content/SpeedTree9/SpeedTreeBillboardMaster.uexp" 506
"../../../Engine/Plugins/Interchange/Assets/Content/Functions/MX_ChiangHairBSDF.uasset" 507
"../../../Engine/Plugins/Interchange/Assets/Content/Functions/MX_ChiangHairBSDF.uexp" 508
"../../../Engine/Content/EngineResources/LandscapeVisibilityLayerInfo.uasset" 509
"../../../Engine/Content/EngineResources/LandscapeVisibilityLayerInfo.uexp" 510
"../../../Engine/Plugins/Editor/SpeedTreeImporter/Content/SpeedTree9/SpeedTreeCameraFacing.uasset" 511
"../../../Engine/Plugins/Editor/SpeedTreeImporter/Content/SpeedTree9/SpeedTreeCameraFacing.uexp" 512
"../../../Engine/Plugins/Editor/SpeedTreeImporter/Content/SpeedTree9/SpeedTreeMaster.uasset" 513
"../../../Engine/Plugins/Editor/SpeedTreeImporter/Content/SpeedTree9/SpeedTreeMaster.uexp" 514
"../../../Engine/Content/EngineMaterials/Widget3DPassThrough_Translucent.uasset" 515
"../../../Engine/Content/EngineMaterials/Widget3DPassThrough_Translucent.uexp" 516
"../../../Engine/Content/EngineMaterials/Widget3DPassThrough_Translucent_OneSided.uasset" 517
"../../../Engine/Content/EngineMaterials/Widget3DPassThrough_Translucent_OneSided.uexp" 518
"../../../Engine/Content/Functions/Engine_MaterialFunctions02/Math/Transform3x3Matrix.uasset" 519
"../../../Engine/Content/Functions/Engine_MaterialFunctions02/Math/Transform3x3Matrix.uexp" 520
"../../../Engine/Content/Functions/Engine_MaterialFunctions02/SplitComponents.uasset" 521
"../../../Engine/Content/Functions/Engine_MaterialFunctions02/SplitComponents.uexp" 522
"../../../Engine/Content/VREditor/SnapGrid/SnapGridMaterial.uasset" 523
"../../../Engine/Content/VREditor/SnapGrid/SnapGridMaterial.uexp" 524
"../../../Engine/Content/VREditor/SnapGrid/SnapGridPlaneMesh.ubulk" 525
"../../../Engine/Content/VREditor/SnapGrid/SnapGridPlaneMesh.uasset" 526
"../../../Engine/Content/VREditor/SnapGrid/SnapGridPlaneMesh.uexp" 527
"../../../Engine/Content/VREditor/LaserPointer/VR_LaserPower_01.ubulk" 528
"../../../Engine/Content/VREditor/LaserPointer/VR_LaserPower_01.uasset" 529
"../../../Engine/Content/VREditor/LaserPointer/VR_LaserPower_01.uexp" 530
"../../../Engine/Content/VREditor/TransformGizmo/TransformGizmoMaterial.uasset" 531
"../../../Engine/Content/VREditor/TransformGizmo/TransformGizmoMaterial.uexp" 532
"../../../Engine/Content/VREditor/TransformGizmo/TranslucentTransformGizmoMaterial.uasset" 533
"../../../Engine/Content/VREditor/TransformGizmo/TranslucentTransformGizmoMaterial.uexp" 534
"../../../Engine/Content/VREditor/TransformGizmo/PlaneTranslationHandle.ubulk" 535
"../../../Engine/Content/VREditor/TransformGizmo/PlaneTranslationHandle.uasset" 536
"../../../Engine/Content/VREditor/TransformGizmo/PlaneTranslationHandle.uexp" 537
"../../../Engine/Content/VREditor/TransformGizmo/RotationHandleFull.ubulk" 538
"../../../Engine/Content/VREditor/TransformGizmo/RotationHandleFull.uasset" 539
"../../../Engine/Content/VREditor/TransformGizmo/RotationHandleFull.uexp" 540
"../../../Engine/Content/VREditor/TransformGizmo/RotationHandleIndicator.ubulk" 541
"../../../Engine/Content/VREditor/TransformGizmo/RotationHandleIndicator.uasset" 542
"../../../Engine/Content/VREditor/TransformGizmo/RotationHandleIndicator.uexp" 543
"../../../Engine/Content/VREditor/TransformGizmo/RotationHandleQuarter.ubulk" 544
"../../../Engine/Content/VREditor/TransformGizmo/RotationHandleQuarter.uasset" 545
"../../../Engine/Content/VREditor/TransformGizmo/RotationHandleQuarter.uexp" 546
"../../../Engine/Content/VREditor/TransformGizmo/StartRotationHandleIndicator.ubulk" 547
"../../../Engine/Content/VREditor/TransformGizmo/StartRotationHandleIndicator.uasset" 548
"../../../Engine/Content/VREditor/TransformGizmo/StartRotationHandleIndicator.uexp" 549
"../../../Engine/Content/VREditor/TransformGizmo/TranslucentTransformGizmoMaterial_Inst.uasset" 550
"../../../Engine/Content/VREditor/TransformGizmo/TranslucentTransformGizmoMaterial_Inst.uexp" 551
"../../../Engine/Content/VREditor/TransformGizmo/TransformGizmoFreeRotation.ubulk" 552
"../../../Engine/Content/VREditor/TransformGizmo/TransformGizmoFreeRotation.uasset" 553
"../../../Engine/Content/VREditor/TransformGizmo/TransformGizmoFreeRotation.uexp" 554
"../../../Engine/Content/VREditor/TransformGizmo/TransformGizmoMaterial_Inst.uasset" 555
"../../../Engine/Content/VREditor/TransformGizmo/TransformGizmoMaterial_Inst.uexp" 556
"../../../Engine/Content/VREditor/TransformGizmo/TranslateArrowHandle.ubulk" 557
"../../../Engine/Content/VREditor/TransformGizmo/TranslateArrowHandle.uasset" 558
"../../../Engine/Content/VREditor/TransformGizmo/TranslateArrowHandle.uexp" 559
"../../../Engine/Content/VREditor/TransformGizmo/UniformScaleHandle.ubulk" 560
"../../../Engine/Content/VREditor/TransformGizmo/UniformScaleHandle.uasset" 561
"../../../Engine/Content/VREditor/TransformGizmo/UniformScaleHandle.uexp" 562
"../../../Engine/Content/VREditor/Sounds/UI/Drop_Item_From_ContentBrowser.ubulk" 563
"../../../Engine/Content/VREditor/Sounds/UI/Drop_Item_From_ContentBrowser.uasset" 564
"../../../Engine/Content/VREditor/Sounds/UI/Drop_Item_From_ContentBrowser.uexp" 565
"../../../Engine/Content/VREditor/Sounds/UI/Gizmo_Handle_Clicked.ubulk" 566
"../../../Engine/Content/VREditor/Sounds/UI/Gizmo_Handle_Clicked.uasset" 567
"../../../Engine/Content/VREditor/Sounds/UI/Gizmo_Handle_Clicked.uexp" 568
"../../../Engine/Content/VREditor/Sounds/UI/Object_PickUp.ubulk" 569
"../../../Engine/Content/VREditor/Sounds/UI/Object_PickUp.uasset" 570
"../../../Engine/Content/VREditor/Sounds/UI/Object_PickUp.uexp" 571
"../../../Engine/Content/VREditor/Sounds/UI/Object_Snaps_To_Another_Actor.ubulk" 572
"../../../Engine/Content/VREditor/Sounds/UI/Object_Snaps_To_Another_Actor.uasset" 573
"../../../Engine/Content/VREditor/Sounds/UI/Object_Snaps_To_Another_Actor.uexp" 574
"../../../Engine/Content/VREditor/Sounds/UI/Object_Snaps_To_Grid.ubulk" 575
"../../../Engine/Content/VREditor/Sounds/UI/Object_Snaps_To_Grid.uasset" 576
"../../../Engine/Content/VREditor/Sounds/UI/Object_Snaps_To_Grid.uexp" 577
"../../../Engine/Content/VREditor/Sounds/UI/Scaling_Down.ubulk" 578
"../../../Engine/Content/VREditor/Sounds/UI/Scaling_Down.uasset" 579
"../../../Engine/Content/VREditor/Sounds/UI/Scaling_Down.uexp" 580
"../../../Engine/Content/VREditor/Sounds/UI/Scaling_Up.ubulk" 581
"../../../Engine/Content/VREditor/Sounds/UI/Scaling_Up.uasset" 582
"../../../Engine/Content/VREditor/Sounds/UI/Scaling_Up.uexp" 583
"../../../Engine/Content/VREditor/Sounds/UI/Selection_Changes.ubulk" 584
"../../../Engine/Content/VREditor/Sounds/UI/Selection_Changes.uasset" 585
"../../../Engine/Content/VREditor/Sounds/UI/Selection_Changes.uexp" 586
"../../../Engine/Content/EngineMaterials/DefaultBloomKernel.uasset" 587
"../../../Engine/Content/EngineMaterials/DefaultBloomKernel.uexp" 588
"../../../Engine/Plugins/Animation/ControlRig/Content/Controls/ControlRig_Octagon_1mm.ubulk" 589
"../../../Engine/Plugins/Animation/ControlRig/Content/Controls/ControlRig_Octagon_1mm.uasset" 590
"../../../Engine/Plugins/Animation/ControlRig/Content/Controls/ControlRig_Octagon_1mm.uexp" 591
"../../../Engine/Plugins/Interchange/Assets/Content/Functions/MX_ConductorBSDF.uasset" 592
"../../../Engine/Plugins/Interchange/Assets/Content/Functions/MX_ConductorBSDF.uexp" 593
"../../../Engine/Plugins/Interchange/Assets/Content/Functions/MX_ConicalEDF.uasset" 594
"../../../Engine/Plugins/Interchange/Assets/Content/Functions/MX_ConicalEDF.uexp" 595
"../../../Engine/Content/EngineMaterials/DefaultBokeh.uasset" 596
"../../../Engine/Content/EngineMaterials/DefaultBokeh.uexp" 597
"../../../Engine/Plugins/Animation/ControlRig/Content/Controls/ControlRig_Octagon_3mm.ubulk" 598
"../../../Engine/Plugins/Animation/ControlRig/Content/Controls/ControlRig_Octagon_3mm.uasset" 599
"../../../Engine/Plugins/Animation/ControlRig/Content/Controls/ControlRig_Octagon_3mm.uexp" 600
"../../../Engine/Content/Functions/Engine_MaterialFunctions02/Utility/FOV.uasset" 601
"../../../Engine/Content/Functions/Engine_MaterialFunctions02/Utility/FOV.uexp" 602
"../../../Engine/Content/Functions/Engine_MaterialFunctions02/WorldPositionOffset/V2/ObjectScale.uasset" 603
"../../../Engine/Content/Functions/Engine_MaterialFunctions02/WorldPositionOffset/V2/ObjectScale.uexp" 604
"../../../Engine/Plugins/Experimental/MeshModelingToolsetExp/Content/Materials/PointSetOverlaidComponentMaterial.uasset" 605
"../../../Engine/Plugins/Experimental/MeshModelingToolsetExp/Content/Materials/PointSetOverlaidComponentMaterial.uexp" 606
"../../../Engine/Plugins/Interchange/Assets/Content/Functions/MX_UniformEDF.uasset" 607
"../../../Engine/Plugins/Interchange/Assets/Content/Functions/MX_UniformEDF.uexp" 608
"../../../Engine/Plugins/Interchange/Assets/Content/Functions/MX_UsdPreviewSurface.uasset" 609
"../../../Engine/Plugins/Interchange/Assets/Content/Functions/MX_UsdPreviewSurface.uexp" 610
"../../../Engine/Content/EngineMaterials/PhAT_JointLimitMaterial.uasset" 611
"../../../Engine/Content/EngineMaterials/PhAT_JointLimitMaterial.uexp" 612
"../../../Engine/Plugins/Animation/ControlRig/Content/Controls/ControlRig_Octagon_solid.ubulk" 613
"../../../Engine/Plugins/Animation/ControlRig/Content/Controls/ControlRig_Octagon_solid.uasset" 614
"../../../Engine/Plugins/Animation/ControlRig/Content/Controls/ControlRig_Octagon_solid.uexp" 615
"../../../Engine/Content/EditorResources/SequenceRecorder/RecordingIndicator.uasset" 616
"../../../Engine/Content/EditorResources/SequenceRecorder/RecordingIndicator.uexp" 617
"../../../Engine/Plugins/Animation/ControlRig/Content/Controls/ControlRigGizmoMaterial.uasset" 618
"../../../Engine/Plugins/Animation/ControlRig/Content/Controls/ControlRigGizmoMaterial.uexp" 619
"../../../Engine/Content/EditorLandscapeResources/LandscapeDirtyMaterial.uasset" 620
"../../../Engine/Content/EditorLandscapeResources/LandscapeDirtyMaterial.uexp" 621
"../../../Engine/Content/EngineMaterials/DefaultCalibrationColor.uasset" 622
"../../../Engine/Content/EngineMaterials/DefaultCalibrationColor.uexp" 623
"../../../Engine/Content/EngineMaterials/PPM_DefaultCalibrationColor.uasset" 624
"../../../Engine/Content/EngineMaterials/PPM_DefaultCalibrationColor.uexp" 625
"../../../Engine/Plugins/Animation/ControlRig/Content/Controls/ControlRigXRayMaterial.uasset" 626
"../../../Engine/Plugins/Animation/ControlRig/Content/Controls/ControlRigXRayMaterial.uexp" 627
"../../../Engine/Plugins/Animation/ControlRig/Content/Controls/ControlRig_Pyramid_1mm.ubulk" 628
"../../../Engine/Plugins/Animation/ControlRig/Content/Controls/ControlRig_Pyramid_1mm.uasset" 629
"../../../Engine/Plugins/Animation/ControlRig/Content/Controls/ControlRig_Pyramid_1mm.uexp" 630
"../../../Engine/Content/EngineMaterials/DefaultCalibrationGrayscale.uasset" 631
"../../../Engine/Content/EngineMaterials/DefaultCalibrationGrayscale.uexp" 632
"../../../Engine/Content/EngineMaterials/PPM_DefaultCalibrationGrayscale.uasset" 633
"../../../Engine/Content/EngineMaterials/PPM_DefaultCalibrationGrayscale.uexp" 634
"../../../Engine/Plugins/Animation/ControlRig/Content/Controls/ControlRig_Pyramid_3mm.ubulk" 635
"../../../Engine/Plugins/Animation/ControlRig/Content/Controls/ControlRig_Pyramid_3mm.uasset" 636
"../../../Engine/Plugins/Animation/ControlRig/Content/Controls/ControlRig_Pyramid_3mm.uexp" 637
"../../../Engine/Content/EngineDamageTypes/DmgTypeBP_Environmental.uasset" 638
"../../../Engine/Content/EngineDamageTypes/DmgTypeBP_Environmental.uexp" 639
"../../../Engine/Plugins/Runtime/AudioWidgets/Content/Resources/ScrubHandleDown_Clamped.uasset" 640
"../../../Engine/Plugins/Runtime/AudioWidgets/Content/Resources/ScrubHandleDown_Clamped.uexp" 641
"../../../Engine/Content/EngineMaterials/DefaultDeferredDecalMaterial.uasset" 642
"../../../Engine/Content/EngineMaterials/DefaultDeferredDecalMaterial.uexp" 643
"../../../Engine/Plugins/Animation/ControlRig/Content/Controls/ControlRig_Pyramid_solid.ubulk" 644
"../../../Engine/Plugins/Animation/ControlRig/Content/Controls/ControlRig_Pyramid_solid.uasset" 645
"../../../Engine/Plugins/Animation/ControlRig/Content/Controls/ControlRig_Pyramid_solid.uexp" 646
"../../../Engine/Plugins/Animation/ControlRig/Content/Controls/ControlRig_QuarterCircle_1mm.ubulk" 647
"../../../Engine/Plugins/Animation/ControlRig/Content/Controls/ControlRig_QuarterCircle_1mm.uasset" 648
"../../../Engine/Plugins/Animation/ControlRig/Content/Controls/ControlRig_QuarterCircle_1mm.uexp" 649
"../../../Engine/Plugins/Animation/ControlRig/Content/Controls/ControlRig_QuarterCircle_3mm.ubulk" 650
"../../../Engine/Plugins/Animation/ControlRig/Content/Controls/ControlRig_QuarterCircle_3mm.uasset" 651
"../../../Engine/Plugins/Animation/ControlRig/Content/Controls/ControlRig_QuarterCircle_3mm.uexp" 652
"../../../Engine/Content/EngineMaterials/EnergyConservation/Diffuse_Energy.uasset" 653
"../../../Engine/Content/EngineMaterials/EnergyConservation/Diffuse_Energy.uexp" 654
"../../../Engine/Plugins/Animation/ControlRig/Content/Controls/ControlRig_QuarterCircle_solid.ubulk" 655
"../../../Engine/Plugins/Animation/ControlRig/Content/Controls/ControlRig_QuarterCircle_solid.uasset" 656
"../../../Engine/Plugins/Animation/ControlRig/Content/Controls/ControlRig_QuarterCircle_solid.uexp" 657
"../../../Engine/Content/EngineMaterials/EnergyConservation/GGX_ReflectionEnergy.uasset" 658
"../../../Engine/Content/EngineMaterials/EnergyConservation/GGX_ReflectionEnergy.uexp" 659
"../../../Engine/Plugins/Animation/ControlRig/Content/Controls/ControlRig_RoundedSquare_1mm.ubulk" 660
"../../../Engine/Plugins/Animation/ControlRig/Content/Controls/ControlRig_RoundedSquare_1mm.uasset" 661
"../../../Engine/Plugins/Animation/ControlRig/Content/Controls/ControlRig_RoundedSquare_1mm.uexp" 662
"../../../Engine/Content/EditorMaterials/Dataflow/DataflowTwoSidedVertexMaterial.uasset" 663
"../../../Engine/Content/EditorMaterials/Dataflow/DataflowTwoSidedVertexMaterial.uexp" 664
"../../../Engine/Content/EditorResources/S_Actor.ubulk" 665
"../../../Engine/Content/EditorResources/S_Actor.uasset" 666
"../../../Engine/Content/EditorResources/S_Actor.uexp" 667
"../../../Engine/Content/EngineMaterials/DefaultLightFunctionMaterial.uasset" 668
"../../../Engine/Content/EngineMaterials/DefaultLightFunctionMaterial.uexp" 669
"../../../Engine/Plugins/Animation/ControlRig/Content/Controls/ControlRig_RoundedSquare_3mm.ubulk" 670
"../../../Engine/Plugins/Animation/ControlRig/Content/Controls/ControlRig_RoundedSquare_3mm.uasset" 671
"../../../Engine/Plugins/Animation/ControlRig/Content/Controls/ControlRig_RoundedSquare_3mm.uexp" 672
"../../../Engine/Content/EngineMaterials/EnergyConservation/GGX_TransmissionEnergyArray.uasset" 673
"../../../Engine/Content/EngineMaterials/EnergyConservation/GGX_TransmissionEnergyArray.uexp" 674
"../../../Engine/Content/EditorMaterials/Dataflow/DataflowVertexMaterial.uasset" 675
"../../../Engine/Content/EditorMaterials/Dataflow/DataflowVertexMaterial.uexp" 676
"../../../Engine/Plugins/Animation/ControlRig/Content/Controls/ControlRig_RoundedSquare_solid.ubulk" 677
"../../../Engine/Plugins/Animation/ControlRig/Content/Controls/ControlRig_RoundedSquare_solid.uasset" 678
"../../../Engine/Plugins/Animation/ControlRig/Content/Controls/ControlRig_RoundedSquare_solid.uexp" 679
"../../../Engine/Content/EngineMaterials/EnergyConservation/SheenLegacy_Energy.uasset" 680
"../../../Engine/Content/EngineMaterials/EnergyConservation/SheenLegacy_Energy.uexp" 681
"../../../Engine/Content/EditorMaterials/ParticleSystems/PSysThumbnail_NoImage.ubulk" 682
"../../../Engine/Content/EditorMaterials/ParticleSystems/PSysThumbnail_NoImage.uasset" 683
"../../../Engine/Content/EditorMaterials/ParticleSystems/PSysThumbnail_NoImage.uexp" 684
"../../../Engine/Plugins/Animation/ControlRig/Content/Controls/ControlRig_RoundedTriangle_1mm.ubulk" 685
"../../../Engine/Plugins/Animation/ControlRig/Content/Controls/ControlRig_RoundedTriangle_1mm.uasset" 686
"../../../Engine/Plugins/Animation/ControlRig/Content/Controls/ControlRig_RoundedTriangle_1mm.uexp" 687
"../../../Engine/Content/EditorMaterials/ParticleSystems/PSysThumbnail_OOD.ubulk" 688
"../../../Engine/Content/EditorMaterials/ParticleSystems/PSysThumbnail_OOD.uasset" 689
"../../../Engine/Content/EditorMaterials/ParticleSystems/PSysThumbnail_OOD.uexp" 690
"../../../Engine/Content/EditorResources/S_BoxReflectionCapture.uasset" 691
"../../../Engine/Content/EditorResources/S_BoxReflectionCapture.uexp" 692
"../../../Engine/Content/EngineMaterials/EnergyConservation/Sheen_Energy.uasset" 693
"../../../Engine/Content/EngineMaterials/EnergyConservation/Sheen_Energy.uexp" 694
"../../../Engine/Plugins/Animation/ControlRig/Content/Controls/ControlRig_RoundedTriangle_3mm.ubulk" 695
"../../../Engine/Plugins/Animation/ControlRig/Content/Controls/ControlRig_RoundedTriangle_3mm.uasset" 696
"../../../Engine/Plugins/Animation/ControlRig/Content/Controls/ControlRig_RoundedTriangle_3mm.uexp" 697
"../../../Engine/Content/EngineMaterials/LTC/GGX_LTCAmp.uasset" 698
"../../../Engine/Content/EngineMaterials/LTC/GGX_LTCAmp.uexp" 699
"../../../Engine/Plugins/Animation/ControlRig/Content/Controls/ControlRig_RoundedTriangle_solid.ubulk" 700
"../../../Engine/Plugins/Animation/ControlRig/Content/Controls/ControlRig_RoundedTriangle_solid.uasset" 701
"../../../Engine/Plugins/Animation/ControlRig/Content/Controls/ControlRig_RoundedTriangle_solid.uexp" 702
"../../../Engine/Content/EngineMaterials/LTC/GGX_LTCMat.uasset" 703
"../../../Engine/Content/EngineMaterials/LTC/GGX_LTCMat.uexp" 704
"../../../Engine/Plugins/Animation/ControlRig/Content/Controls/ControlRig_Sphere_1mm.ubulk" 705
"../../../Engine/Plugins/Animation/ControlRig/Content/Controls/ControlRig_Sphere_1mm.uasset" 706
"../../../Engine/Plugins/Animation/ControlRig/Content/Controls/ControlRig_Sphere_1mm.uexp" 707
"../../../Engine/Plugins/Animation/ControlRig/Content/Controls/ControlRig_Sphere_3mm.ubulk" 708
"../../../Engine/Plugins/Animation/ControlRig/Content/Controls/ControlRig_Sphere_3mm.uasset" 709
"../../../Engine/Plugins/Animation/ControlRig/Content/Controls/ControlRig_Sphere_3mm.uexp" 710
"../../../Engine/Content/EngineMaterials/LTC/Sheen_LTC.uasset" 711
"../../../Engine/Content/EngineMaterials/LTC/Sheen_LTC.uexp" 712
"../../../Engine/Plugins/Animation/ControlRig/Content/Controls/ControlRig_Sphere_solid.ubulk" 713
"../../../Engine/Plugins/Animation/ControlRig/Content/Controls/ControlRig_Sphere_solid.uasset" 714
"../../../Engine/Plugins/Animation/ControlRig/Content/Controls/ControlRig_Sphere_solid.uexp" 715
"../../../Engine/Plugins/Animation/ControlRig/Content/Controls/ControlRig_Square_1mm.ubulk" 716
"../../../Engine/Plugins/Animation/ControlRig/Content/Controls/ControlRig_Square_1mm.uasset" 717
"../../../Engine/Plugins/Animation/ControlRig/Content/Controls/ControlRig_Square_1mm.uexp" 718
"../../../Engine/Content/VREditor/TransformGizmo/BoundingBoxCorner.ubulk" 719
"../../../Engine/Content/VREditor/TransformGizmo/BoundingBoxCorner.uasset" 720
"../../../Engine/Content/VREditor/TransformGizmo/BoundingBoxCorner.uexp" 721
"../../../Engine/Content/EngineResources/Development/ZenLogo_64.uasset" 722
"../../../Engine/Content/EngineResources/Development/ZenLogo_64.uexp" 723
"../../../Engine/Content/EngineResources/FilmGrains/Marcie_Grain_v3_128_M2_000.uasset" 724
"../../../Engine/Content/EngineResources/FilmGrains/Marcie_Grain_v3_128_M2_000.uexp" 725
"../../../Engine/Content/EditorMaterials/Camera/CineMat.uasset" 726
"../../../Engine/Content/EditorMaterials/Camera/CineMat.uexp" 727
"../../../Engine/Content/EditorMaterials/Camera/MI_CineMat_Rig.uasset" 728
"../../../Engine/Content/EditorMaterials/Camera/MI_CineMat_Rig.uexp" 729
"../../../Engine/Content/EditorMeshes/Camera/SM_CraneRig_Arm.ubulk" 730
"../../../Engine/Content/EditorMeshes/Camera/SM_CraneRig_Arm.uasset" 731
"../../../Engine/Content/EditorMeshes/Camera/SM_CraneRig_Arm.uexp" 732
"../../../Engine/Content/EditorMeshes/Camera/SM_CraneRig_Base.ubulk" 733
"../../../Engine/Content/EditorMeshes/Camera/SM_CraneRig_Base.uasset" 734
"../../../Engine/Content/EditorMeshes/Camera/SM_CraneRig_Base.uexp" 735
"../../../Engine/Content/EditorMeshes/Camera/SM_CraneRig_Body.ubulk" 736
"../../../Engine/Content/EditorMeshes/Camera/SM_CraneRig_Body.uasset" 737
"../../../Engine/Content/EditorMeshes/Camera/SM_CraneRig_Body.uexp" 738
"../../../Engine/Content/EditorMeshes/Camera/SM_CraneRig_Mount.ubulk" 739
"../../../Engine/Content/EditorMeshes/Camera/SM_CraneRig_Mount.uasset" 740
"../../../Engine/Content/EditorMeshes/Camera/SM_CraneRig_Mount.uexp" 741
"../../../Engine/Plugins/Runtime/HairStrands/Content/Materials/HairCardsDefaultMaterial.uasset" 742
"../../../Engine/Plugins/Runtime/HairStrands/Content/Materials/HairCardsDefaultMaterial.uexp" 743
"../../../Engine/Content/EditorMeshes/Camera/SM_RailRig_Mount.ubulk" 744
"../../../Engine/Content/EditorMeshes/Camera/SM_RailRig_Mount.uasset" 745
"../../../Engine/Content/EditorMeshes/Camera/SM_RailRig_Mount.uexp" 746
"../../../Engine/Content/Functions/Engine_MaterialFunctions02/Utility/MakeFloat2.uasset" 747
"../../../Engine/Content/Functions/Engine_MaterialFunctions02/Utility/MakeFloat2.uexp" 748
"../../../Engine/Content/EngineMaterials/HairColorMap.uasset" 749
"../../../Engine/Content/EngineMaterials/HairColorMap.uexp" 750
"../../../Engine/Content/EngineMaterials/HairDebugColor.uasset" 751
"../../../Engine/Content/EngineMaterials/HairDebugColor.uexp" 752
"../../../Engine/Plugins/Runtime/HairStrands/Content/Materials/HairGroupColors.uasset" 753
"../../../Engine/Plugins/Runtime/HairStrands/Content/Materials/HairGroupColors.uexp" 754
"../../../Engine/Plugins/Runtime/HairStrands/Content/Materials/HairDebugMaterial.uasset" 755
"../../../Engine/Plugins/Runtime/HairStrands/Content/Materials/HairDebugMaterial.uexp" 756
"../../../Engine/Content/EditorMeshes/Camera/SM_RailRig_Track.ubulk" 757
"../../../Engine/Content/EditorMeshes/Camera/SM_RailRig_Track.uasset" 758
"../../../Engine/Content/EditorMeshes/Camera/SM_RailRig_Track.uexp" 759
"../../../Engine/Plugins/Runtime/HairStrands/Content/Materials/HairDefaultMaterial.uasset" 760
"../../../Engine/Plugins/Runtime/HairStrands/Content/Materials/HairDefaultMaterial.uexp" 761
"../../../Engine/Content/VREditor/TransformGizmo/BoundingBoxEdge.ubulk" 762
"../../../Engine/Content/VREditor/TransformGizmo/BoundingBoxEdge.uasset" 763
"../../../Engine/Content/VREditor/TransformGizmo/BoundingBoxEdge.uexp" 764
"../../../Engine/Content/EditorResources/SequenceRecorder/Countdown.uasset" 765
"../../../Engine/Content/EditorResources/SequenceRecorder/Countdown.uexp" 766
"../../../Engine/Plugins/Interchange/Assets/Content/gltf/Textures/T_White_srgb.uasset" 767
"../../../Engine/Plugins/Interchange/Assets/Content/gltf/Textures/T_White_srgb.uexp" 768
"../../../Engine/Plugins/Interchange/Assets/Content/gltf/MaterialFunctions/MF_Emissive.uasset" 769
"../../../Engine/Plugins/Interchange/Assets/Content/gltf/MaterialFunctions/MF_Emissive.uexp" 770
"../../../Engine/Plugins/Interchange/Assets/Content/gltf/MaterialFunctions/MF_RotateNormals_TS.uasset" 771
"../../../Engine/Plugins/Interchange/Assets/Content/gltf/MaterialFunctions/MF_RotateNormals_TS.uexp" 772
"../../../Engine/Plugins/Interchange/Assets/Content/gltf/MaterialFunctions/MF_ScaleNormal.uasset" 773
"../../../Engine/Plugins/Interchange/Assets/Content/gltf/MaterialFunctions/MF_ScaleNormal.uexp" 774
"../../../Engine/Plugins/Interchange/Assets/Content/gltf/Textures/T_Generic_N.uasset" 775
"../../../Engine/Plugins/Interchange/Assets/Content/gltf/Textures/T_Generic_N.uexp" 776
"../../../Engine/Plugins/Interchange/Assets/Content/gltf/MaterialFunctions/MF_Normals.uasset" 777
"../../../Engine/Plugins/Interchange/Assets/Content/gltf/MaterialFunctions/MF_Normals.uexp" 778
"../../../Engine/Plugins/Interchange/Assets/Content/gltf/Textures/T_White_Linear.uasset" 779
"../../../Engine/Plugins/Interchange/Assets/Content/gltf/Textures/T_White_Linear.uexp" 780
"../../../Engine/Plugins/Interchange/Assets/Content/gltf/MaterialFunctions/MF_Occlusion.uasset" 781
"../../../Engine/Plugins/Interchange/Assets/Content/gltf/MaterialFunctions/MF_Occlusion.uexp" 782
"../../../Engine/Plugins/Interchange/Assets/Content/gltf/MaterialFunctions/MF_RotateV2.uasset" 783
"../../../Engine/Plugins/Interchange/Assets/Content/gltf/MaterialFunctions/MF_RotateV2.uexp" 784
"../../../Engine/Plugins/Interchange/Assets/Content/gltf/MaterialFunctions/MF_TransformUVs.uasset" 785
"../../../Engine/Plugins/Interchange/Assets/Content/gltf/MaterialFunctions/MF_TransformUVs.uexp" 786
"../../../Engine/Plugins/Interchange/Assets/Content/gltf/MaterialFunctions/MF_DiffuseSpecGloss.uasset" 787
"../../../Engine/Plugins/Interchange/Assets/Content/gltf/MaterialFunctions/MF_DiffuseSpecGloss.uexp" 788
"../../../Engine/Plugins/Interchange/Assets/Content/gltf/MaterialFunctions/MF_MaxComponentValue.uasset" 789
"../../../Engine/Plugins/Interchange/Assets/Content/gltf/MaterialFunctions/MF_MaxComponentValue.uexp" 790
"../../../Engine/Content/Functions/Engine_MaterialFunctions02/Math/AddComponents.uasset" 791
"../../../Engine/Content/Functions/Engine_MaterialFunctions02/Math/AddComponents.uexp" 792
"../../../Engine/Plugins/Interchange/Assets/Content/gltf/MaterialFunctions/MF_PerceivedBrightness.uasset" 793
"../../../Engine/Plugins/Interchange/Assets/Content/gltf/MaterialFunctions/MF_PerceivedBrightness.uexp" 794
"../../../Engine/Plugins/Interchange/Assets/Content/gltf/MaterialFunctions/MF_SpecGlossToMetalRoughness.uasset" 795
"../../../Engine/Plugins/Interchange/Assets/Content/gltf/MaterialFunctions/MF_SpecGlossToMetalRoughness.uexp" 796
"../../../Engine/Plugins/Interchange/Assets/Content/gltf/MaterialBodies/MF_SpecularGlossiness_Body.uasset" 797
"../../../Engine/Plugins/Interchange/Assets/Content/gltf/MaterialBodies/MF_SpecularGlossiness_Body.uexp" 798
"../../../Engine/Plugins/Interchange/Assets/Content/gltf/M_SpecularGlossiness.uasset" 799
"../../../Engine/Plugins/Interchange/Assets/Content/gltf/M_SpecularGlossiness.uexp" 800
"../../../Engine/Plugins/Interchange/Assets/Content/gltf/MaterialInstances/MI_SpecularGlossiness_Blend.uasset" 801
"../../../Engine/Plugins/Interchange/Assets/Content/gltf/MaterialInstances/MI_SpecularGlossiness_Blend.uexp" 802
"../../../Engine/Plugins/Interchange/Assets/Content/gltf/MaterialInstances/MI_SpecularGlossiness_Blend_DS.uasset" 803
"../../../Engine/Plugins/Interchange/Assets/Content/gltf/MaterialInstances/MI_SpecularGlossiness_Blend_DS.uexp" 804
"../../../Engine/Plugins/Interchange/Assets/Content/gltf/MaterialInstances/MI_SpecularGlossiness_Mask.uasset" 805
"../../../Engine/Plugins/Interchange/Assets/Content/gltf/MaterialInstances/MI_SpecularGlossiness_Mask.uexp" 806
"../../../Engine/Plugins/Interchange/Assets/Content/gltf/MaterialInstances/MI_SpecularGlossiness_Mask_DS.uasset" 807
"../../../Engine/Plugins/Interchange/Assets/Content/gltf/MaterialInstances/MI_SpecularGlossiness_Mask_DS.uexp" 808
"../../../Engine/Plugins/Interchange/Assets/Content/gltf/MaterialInstances/MI_SpecularGlossiness_Opaque.uasset" 809
"../../../Engine/Plugins/Interchange/Assets/Content/gltf/MaterialInstances/MI_SpecularGlossiness_Opaque.uexp" 810
"../../../Engine/Plugins/Interchange/Assets/Content/gltf/MaterialInstances/MI_SpecularGlossiness_Opaque_DS.uasset" 811
"../../../Engine/Plugins/Interchange/Assets/Content/gltf/MaterialInstances/MI_SpecularGlossiness_Opaque_DS.uexp" 812
"../../../Engine/Content/EngineMaterials/Good64x64TilingNoiseHighFreq.uasset" 813
"../../../Engine/Content/EngineMaterials/Good64x64TilingNoiseHighFreq.uexp" 814
"../../../Engine/Content/Functions/Engine_MaterialFunctions02/Texturing/ScreenAlignedPixelToPixelUVs.uasset" 815
"../../../Engine/Content/Functions/Engine_MaterialFunctions02/Texturing/ScreenAlignedPixelToPixelUVs.uexp" 816
"../../../Engine/Plugins/Interchange/Assets/Content/Utilities/New_LUT.uasset" 817
"../../../Engine/Plugins/Interchange/Assets/Content/Utilities/New_LUT.uexp" 818
"../../../Engine/Content/Functions/Engine_MaterialFunctions03/Math/RemapValueRange.uasset" 819
"../../../Engine/Content/Functions/Engine_MaterialFunctions03/Math/RemapValueRange.uexp" 820
"../../../Engine/Plugins/Interchange/Assets/Content/Functions/MF_Iridescence.uasset" 821
"../../../Engine/Plugins/Interchange/Assets/Content/Functions/MF_Iridescence.uexp" 822
"../../../Engine/Plugins/Interchange/Assets/Content/gltf/MaterialFunctions/MF_Fresnel_DS.uasset" 823
"../../../Engine/Plugins/Interchange/Assets/Content/gltf/MaterialFunctions/MF_Fresnel_DS.uexp" 824
"../../../Engine/Plugins/Interchange/Assets/Content/gltf/MaterialFunctions/MF_Temporal_Blur.uasset" 825
"../../../Engine/Plugins/Interchange/Assets/Content/gltf/MaterialFunctions/MF_Temporal_Blur.uexp" 826
"../../../Engine/Plugins/Interchange/Assets/Content/gltf/MaterialFunctions/MF_BaseColor.uasset" 827
"../../../Engine/Plugins/Interchange/Assets/Content/gltf/MaterialFunctions/MF_BaseColor.uexp" 828
"../../../Engine/Plugins/Interchange/Assets/Content/gltf/MaterialFunctions/MF_IOR.uasset" 829
"../../../Engine/Plugins/Interchange/Assets/Content/gltf/MaterialFunctions/MF_IOR.uexp" 830
"../../../Engine/Plugins/Interchange/Assets/Content/gltf/MaterialFunctions/MF_Iridescence.uasset" 831
"../../../Engine/Plugins/Interchange/Assets/Content/gltf/MaterialFunctions/MF_Iridescence.uexp" 832
"../../../Engine/Plugins/Interchange/Assets/Content/gltf/MaterialFunctions/MF_MetallicRoughness.uasset" 833
"../../../Engine/Plugins/Interchange/Assets/Content/gltf/MaterialFunctions/MF_MetallicRoughness.uexp" 834
"../../../Engine/Plugins/Interchange/Assets/Content/gltf/MaterialFunctions/MF_Specular.uasset" 835
"../../../Engine/Plugins/Interchange/Assets/Content/gltf/MaterialFunctions/MF_Specular.uexp" 836
"../../../Engine/Plugins/Interchange/Assets/Content/gltf/Textures/T_Anisotropy_Direction_Linear.uasset" 837
"../../../Engine/Plugins/Interchange/Assets/Content/gltf/Textures/T_Anisotropy_Direction_Linear.uexp" 838
"../../../Engine/Plugins/Interchange/Assets/Content/gltf/MaterialFunctions/MF_SpecularAnisotropy.uasset" 839
"../../../Engine/Plugins/Interchange/Assets/Content/gltf/MaterialFunctions/MF_SpecularAnisotropy.uexp" 840
"../../../Engine/Plugins/Interchange/Assets/Content/gltf/MaterialFunctions/MF_Transmission.uasset" 841
"../../../Engine/Plugins/Interchange/Assets/Content/gltf/MaterialFunctions/MF_Transmission.uexp" 842
"../../../Engine/Plugins/Interchange/Assets/Content/gltf/MaterialBodies/MF_Transmission_Body.uasset" 843
"../../../Engine/Plugins/Interchange/Assets/Content/gltf/MaterialBodies/MF_Transmission_Body.uexp" 844
"../../../Engine/Plugins/Interchange/Assets/Content/gltf/M_Transmission.uasset" 845
"../../../Engine/Plugins/Interchange/Assets/Content/gltf/M_Transmission.uexp" 846
"../../../Engine/Plugins/Interchange/Assets/Content/gltf/MaterialInstances/MI_Transmission.uasset" 847
"../../../Engine/Plugins/Interchange/Assets/Content/gltf/MaterialInstances/MI_Transmission.uexp" 848
"../../../Engine/Plugins/Interchange/Assets/Content/gltf/MaterialInstances/MI_Transmission_DS.uasset" 849
"../../../Engine/Plugins/Interchange/Assets/Content/gltf/MaterialInstances/MI_Transmission_DS.uexp" 850
"../../../Engine/Plugins/Interchange/Assets/Content/gltf/MaterialBodies/MF_Unlit_Body.uasset" 851
"../../../Engine/Plugins/Interchange/Assets/Content/gltf/MaterialBodies/MF_Unlit_Body.uexp" 852
"../../../Engine/Plugins/Interchange/Assets/Content/gltf/M_Unlit.uasset" 853
"../../../Engine/Plugins/Interchange/Assets/Content/gltf/M_Unlit.uexp" 854
"../../../Engine/Plugins/Interchange/Assets/Content/gltf/MaterialInstances/MI_Unlit_Blend.uasset" 855
"../../../Engine/Plugins/Interchange/Assets/Content/gltf/MaterialInstances/MI_Unlit_Blend.uexp" 856
"../../../Engine/Plugins/Interchange/Assets/Content/gltf/MaterialInstances/MI_Unlit_Blend_DS.uasset" 857
"../../../Engine/Plugins/Interchange/Assets/Content/gltf/MaterialInstances/MI_Unlit_Blend_DS.uexp" 858
"../../../Engine/Plugins/Interchange/Assets/Content/gltf/MaterialInstances/MI_Unlit_Mask.uasset" 859
"../../../Engine/Plugins/Interchange/Assets/Content/gltf/MaterialInstances/MI_Unlit_Mask.uexp" 860
"../../../Engine/Plugins/Interchange/Assets/Content/gltf/MaterialInstances/MI_Unlit_Mask_DS.uasset" 861
"../../../Engine/Plugins/Interchange/Assets/Content/gltf/MaterialInstances/MI_Unlit_Mask_DS.uexp" 862
"../../../Engine/Plugins/Interchange/Assets/Content/gltf/MaterialInstances/MI_Unlit_Opaque.uasset" 863
"../../../Engine/Plugins/Interchange/Assets/Content/gltf/MaterialInstances/MI_Unlit_Opaque.uexp" 864
"../../../Engine/Plugins/Interchange/Assets/Content/gltf/MaterialInstances/MI_Unlit_Opaque_DS.uasset" 865
"../../../Engine/Plugins/Interchange/Assets/Content/gltf/MaterialInstances/MI_Unlit_Opaque_DS.uexp" 866
"../../../Engine/Content/ArtTools/RenderToTexture/Meshes/S_1_Unit_Plane.ubulk" 867
"../../../Engine/Content/ArtTools/RenderToTexture/Meshes/S_1_Unit_Plane.uasset" 868
"../../../Engine/Content/ArtTools/RenderToTexture/Meshes/S_1_Unit_Plane.uexp" 869
"../../../Engine/Content/Functions/Engine_MaterialFunctions01/Texturing/FlattenNormal.uasset" 870
"../../../Engine/Content/Functions/Engine_MaterialFunctions01/Texturing/FlattenNormal.uexp" 871
"../../../Engine/Plugins/Interchange/Assets/Content/gltf/MaterialFunctions/MF_Clearcoat.uasset" 872
"../../../Engine/Plugins/Interchange/Assets/Content/gltf/MaterialFunctions/MF_Clearcoat.uexp" 873
"../../../Engine/Plugins/Interchange/Assets/Content/gltf/MaterialBodies/MF_ClearCoat_Body.uasset" 874
"../../../Engine/Plugins/Interchange/Assets/Content/gltf/MaterialBodies/MF_ClearCoat_Body.uexp" 875
"../../../Engine/Plugins/Interchange/Assets/Content/gltf/M_ClearCoat.uasset" 876
"../../../Engine/Plugins/Interchange/Assets/Content/gltf/M_ClearCoat.uexp" 877
"../../../Engine/Plugins/Interchange/Assets/Content/gltf/MaterialInstances/MI_ClearCoat_Blend.uasset" 878
"../../../Engine/Plugins/Interchange/Assets/Content/gltf/MaterialInstances/MI_ClearCoat_Blend.uexp" 879
"../../../Engine/Plugins/Interchange/Assets/Content/gltf/MaterialInstances/MI_ClearCoat_Blend_DS.uasset" 880
"../../../Engine/Plugins/Interchange/Assets/Content/gltf/MaterialInstances/MI_ClearCoat_Blend_DS.uexp" 881
"../../../Engine/Plugins/Animation/DeformerGraph/Content/DeformerFunctions/DG_Function_LinearBlendSkin_Morph_Cloth.uasset" 882
"../../../Engine/Plugins/Animation/DeformerGraph/Content/DeformerFunctions/DG_Function_LinearBlendSkin_Morph_Cloth.uexp" 883
"../../../Engine/Plugins/Animation/DeformerGraph/Content/Deformers/DG_LinearBlendSkin_Morph_Cloth.uasset" 884
"../../../Engine/Plugins/Animation/DeformerGraph/Content/Deformers/DG_LinearBlendSkin_Morph_Cloth.uexp" 885
"../../../Engine/Plugins/Interchange/Assets/Content/gltf/MaterialInstances/MI_ClearCoat_Mask.uasset" 886
"../../../Engine/Plugins/Interchange/Assets/Content/gltf/MaterialInstances/MI_ClearCoat_Mask.uexp" 887
"../../../Engine/Plugins/Interchange/Assets/Content/gltf/MaterialInstances/MI_ClearCoat_Mask_DS.uasset" 888
"../../../Engine/Plugins/Interchange/Assets/Content/gltf/MaterialInstances/MI_ClearCoat_Mask_DS.uexp" 889
"../../../Engine/Plugins/Interchange/Assets/Content/gltf/MaterialInstances/MI_ClearCoat_Opaque.uasset" 890
"../../../Engine/Plugins/Interchange/Assets/Content/gltf/MaterialInstances/MI_ClearCoat_Opaque.uexp" 891
"../../../Engine/Plugins/Animation/DeformerGraph/Content/DeformerFunctions/DG_Function_ComputeNormalsTangents.uasset" 892
"../../../Engine/Plugins/Animation/DeformerGraph/Content/DeformerFunctions/DG_Function_ComputeNormalsTangents.uexp" 893
"../../../Engine/Plugins/Animation/DeformerGraph/Content/DeformerFunctions/DG_Function_LinearBlendSkin_Morph_Cloth_PositionOnly.uasset" 894
"../../../Engine/Plugins/Animation/DeformerGraph/Content/DeformerFunctions/DG_Function_LinearBlendSkin_Morph_Cloth_PositionOnly.uexp" 895
"../../../Engine/Plugins/Animation/DeformerGraph/Content/Deformers/DG_LinearBlendSkin_Morph_Cloth_RecomputeNormals.uasset" 896
"../../../Engine/Plugins/Animation/DeformerGraph/Content/Deformers/DG_LinearBlendSkin_Morph_Cloth_RecomputeNormals.uexp" 897
"../../../Engine/Plugins/Interchange/Assets/Content/gltf/MaterialInstances/MI_ClearCoat_Opaque_DS.uasset" 898
"../../../Engine/Plugins/Interchange/Assets/Content/gltf/MaterialInstances/MI_ClearCoat_Opaque_DS.uexp" 899
"../../../Engine/Plugins/Interchange/Assets/Content/gltf/MaterialBodies/MF_Default_Body.uasset" 900
"../../../Engine/Plugins/Interchange/Assets/Content/gltf/MaterialBodies/MF_Default_Body.uexp" 901
"../../../Engine/Plugins/Interchange/Assets/Content/gltf/M_Default.uasset" 902
"../../../Engine/Plugins/Interchange/Assets/Content/gltf/M_Default.uexp" 903
"../../../Engine/Plugins/Interchange/Assets/Content/gltf/MaterialInstances/MI_Default_Blend.uasset" 904
"../../../Engine/Plugins/Interchange/Assets/Content/gltf/MaterialInstances/MI_Default_Blend.uexp" 905
"../../../Engine/Plugins/Interchange/Assets/Content/gltf/MaterialInstances/MI_Default_Blend_DS.uasset" 906
"../../../Engine/Plugins/Interchange/Assets/Content/gltf/MaterialInstances/MI_Default_Blend_DS.uexp" 907
"../../../Engine/Plugins/Interchange/Assets/Content/gltf/MaterialInstances/MI_Default_Mask.uasset" 908
"../../../Engine/Plugins/Interchange/Assets/Content/gltf/MaterialInstances/MI_Default_Mask.uexp" 909
"../../../Engine/Plugins/Interchange/Assets/Content/gltf/MaterialInstances/MI_Default_Mask_DS.uasset" 910
"../../../Engine/Plugins/Interchange/Assets/Content/gltf/MaterialInstances/MI_Default_Mask_DS.uexp" 911
"../../../Engine/Plugins/Interchange/Assets/Content/gltf/MaterialInstances/MI_Default_Opaque.uasset" 912
"../../../Engine/Plugins/Interchange/Assets/Content/gltf/MaterialInstances/MI_Default_Opaque.uexp" 913
"../../../Engine/Plugins/Interchange/Assets/Content/gltf/MaterialInstances/MI_Default_Opaque_DS.uasset" 914
"../../../Engine/Plugins/Interchange/Assets/Content/gltf/MaterialInstances/MI_Default_Opaque_DS.uexp" 915
"../../../Engine/Plugins/Interchange/Assets/Content/gltf/MaterialFunctions/MF_Sheen.uasset" 916
"../../../Engine/Plugins/Interchange/Assets/Content/gltf/MaterialFunctions/MF_Sheen.uexp" 917
"../../../Engine/Plugins/Interchange/Assets/Content/gltf/MaterialBodies/MF_Sheen_Body.uasset" 918
"../../../Engine/Plugins/Interchange/Assets/Content/gltf/MaterialBodies/MF_Sheen_Body.uexp" 919
"../../../Engine/Plugins/Interchange/Assets/Content/gltf/M_Sheen.uasset" 920
"../../../Engine/Plugins/Interchange/Assets/Content/gltf/M_Sheen.uexp" 921
"../../../Engine/Plugins/Interchange/Assets/Content/gltf/MaterialInstances/MI_Sheen_Blend.uasset" 922
"../../../Engine/Plugins/Interchange/Assets/Content/gltf/MaterialInstances/MI_Sheen_Blend.uexp" 923
"../../../Engine/Plugins/Interchange/Assets/Content/gltf/MaterialInstances/MI_Sheen_Blend_DS.uasset" 924
"../../../Engine/Plugins/Interchange/Assets/Content/gltf/MaterialInstances/MI_Sheen_Blend_DS.uexp" 925
"../../../Engine/Plugins/Interchange/Assets/Content/gltf/MaterialInstances/MI_Sheen_Mask.uasset" 926
"../../../Engine/Plugins/Interchange/Assets/Content/gltf/MaterialInstances/MI_Sheen_Mask.uexp" 927
"../../../Engine/Plugins/Interchange/Assets/Content/gltf/MaterialInstances/MI_Sheen_Mask_DS.uasset" 928
"../../../Engine/Plugins/Interchange/Assets/Content/gltf/MaterialInstances/MI_Sheen_Mask_DS.uexp" 929
"../../../Engine/Plugins/Interchange/Assets/Content/gltf/MaterialInstances/MI_Sheen_Opaque.uasset" 930
"../../../Engine/Plugins/Interchange/Assets/Content/gltf/MaterialInstances/MI_Sheen_Opaque.uexp" 931
"../../../Engine/Plugins/Interchange/Assets/Content/gltf/MaterialInstances/MI_Sheen_Opaque_DS.uasset" 932
"../../../Engine/Plugins/Interchange/Assets/Content/gltf/MaterialInstances/MI_Sheen_Opaque_DS.uexp" 933
"../../../Engine/Content/EngineMaterials/Substrate/GLints/AGlintTex2dArray.uasset" 934
"../../../Engine/Content/EngineMaterials/Substrate/GLints/AGlintTex2dArray.uexp" 935
"../../../Engine/Content/EngineMaterials/Substrate/Glints2/AGlintTex2dArray2.uasset" 936
"../../../Engine/Content/EngineMaterials/Substrate/Glints2/AGlintTex2dArray2.uexp" 937
"../../../Engine/Content/Functions/Engine_MaterialFunctions01/Shading/ConvertFromDiffSpec.uasset" 938
"../../../Engine/Content/Functions/Engine_MaterialFunctions01/Shading/ConvertFromDiffSpec.uexp" 939
"../../../Engine/Content/Functions/Engine_MaterialFunctions01/Shading/PowerToRoughness.uasset" 940
"../../../Engine/Content/Functions/Engine_MaterialFunctions01/Shading/PowerToRoughness.uexp" 941
"../../../Engine/Content/EngineMaterials/Substrate/Volume/SubstrateSimpleVolumeEnvLUT3D.uasset" 942
"../../../Engine/Content/EngineMaterials/Substrate/Volume/SubstrateSimpleVolumeEnvLUT3D.uexp" 943
"../../../Engine/Content/EngineMaterials/Substrate/Volume/SubstrateSimpleVolumeLUT3D.uasset" 944
"../../../Engine/Content/EngineMaterials/Substrate/Volume/SubstrateSimpleVolumeLUT3D.uexp" 945
"D:/Vacui Projects/SeaHorse/SeaHorse/Content/SeaHorse/Frontend/Lobby/WBP_LobbyEntry.uasset" 946
"D:/Vacui Projects/SeaHorse/SeaHorse/Content/SeaHorse/Frontend/Lobby/WBP_LobbyEntry.uexp" 947
"D:/Vacui Projects/SeaHorse/SeaHorse/Content/SeaHorse/Frontend/Lobby/WBP_WAB_Lobby.uasset" 948
"D:/Vacui Projects/SeaHorse/SeaHorse/Content/SeaHorse/Frontend/Lobby/WBP_WAB_Lobby.uexp" 949
"D:/Vacui Projects/SeaHorse/SeaHorse/Content/SeaHorse/Frontend/MainMenu/WBP_SessionEntry.uasset" 950
"D:/Vacui Projects/SeaHorse/SeaHorse/Content/SeaHorse/Frontend/MainMenu/WBP_SessionEntry.uexp" 951
"D:/Vacui Projects/SeaHorse/SeaHorse/Content/SeaHorse/Frontend/MainMenu/WBP_WAB_JoinSessionMenu.uasset" 952
"D:/Vacui Projects/SeaHorse/SeaHorse/Content/SeaHorse/Frontend/MainMenu/WBP_WAB_JoinSessionMenu.uexp" 953
"../../../Engine/Content/EngineFonts/Faces/DroidSansFallback.uexp" 954
"../../../Engine/Content/EngineFonts/Faces/DroidSansFallback.uasset" 955
"../../../Engine/Content/EngineFonts/Faces/DroidSansFallback.ufont" 956
"../../../Engine/Content/EngineFonts/Faces/RobotoBold.uexp" 957
"../../../Engine/Content/EngineFonts/Faces/RobotoBold.uasset" 958
"../../../Engine/Content/EngineFonts/Faces/RobotoBold.ufont" 959
"../../../Engine/Content/EngineFonts/Faces/RobotoBoldItalic.uexp" 960
"../../../Engine/Content/EngineFonts/Faces/RobotoBoldItalic.uasset" 961
"../../../Engine/Content/EngineFonts/Faces/RobotoBoldItalic.ufont" 962
"../../../Engine/Content/EngineFonts/Faces/RobotoItalic.uexp" 963
"../../../Engine/Content/EngineFonts/Faces/RobotoItalic.uasset" 964
"../../../Engine/Content/EngineFonts/Faces/RobotoItalic.ufont" 965
"../../../Engine/Content/EngineFonts/Faces/RobotoLight.uexp" 966
"../../../Engine/Content/EngineFonts/Faces/RobotoLight.uasset" 967
"../../../Engine/Content/EngineFonts/Faces/RobotoLight.ufont" 968
"../../../Engine/Content/EngineFonts/Faces/RobotoRegular.uexp" 969
"../../../Engine/Content/EngineFonts/Faces/RobotoRegular.uasset" 970
"../../../Engine/Content/EngineFonts/Faces/RobotoRegular.ufont" 971
"../../../Engine/Content/EngineFonts/Roboto.uasset" 972
"../../../Engine/Content/EngineFonts/Roboto.uexp" 973
"D:/Vacui Projects/SeaHorse/SeaHorse/Content/SeaHorse/Frontend/MainMenu/CTS_MainMenu.uasset" 974
"D:/Vacui Projects/SeaHorse/SeaHorse/Content/SeaHorse/Frontend/MainMenu/CTS_MainMenu.uexp" 975
"D:/Vacui Projects/SeaHorse/SeaHorse/Content/SeaHorse/Frontend/MainMenu/WBP_MainMenu_Button.uasset" 976
"D:/Vacui Projects/SeaHorse/SeaHorse/Content/SeaHorse/Frontend/MainMenu/WBP_MainMenu_Button.uexp" 977
"D:/Vacui Projects/SeaHorse/SeaHorse/Content/SeaHorse/Frontend/MainMenu/WBP_WAB_MainMenu.uasset" 978
"D:/Vacui Projects/SeaHorse/SeaHorse/Content/SeaHorse/Frontend/MainMenu/WBP_WAB_MainMenu.uexp" 979
"../../../Engine/Content/MobileResources/HUD/VirtualJoystick_Background.uasset" 980
"../../../Engine/Content/MobileResources/HUD/VirtualJoystick_Background.uexp" 981
"../../../Engine/Content/MobileResources/HUD/VirtualJoystick_Thumb.uasset" 982
"../../../Engine/Content/MobileResources/HUD/VirtualJoystick_Thumb.uexp" 983
"../../../Engine/Content/MobileResources/HUD/DefaultVirtualJoysticks.uasset" 984
"../../../Engine/Content/MobileResources/HUD/DefaultVirtualJoysticks.uexp" 985
"../../../Engine/Content/Maps/Entry_BuiltData.uasset" 986
"../../../Engine/Content/Maps/Entry_BuiltData.uexp" 987
"../../../Engine/Content/Maps/Entry.uexp" 988
"../../../Engine/Content/Maps/Entry.umap" 989
"D:/Vacui Projects/SeaHorse/SeaHorse/Content/SeaHorse/Frontend/WBP_PrimaryLayout.uasset" 990
"D:/Vacui Projects/SeaHorse/SeaHorse/Content/SeaHorse/Frontend/WBP_PrimaryLayout.uexp" 991
"D:/Vacui Projects/SeaHorse/SeaHorse/Content/SeaHorse/Maps/L_Lobby.uexp" 992
"D:/Vacui Projects/SeaHorse/SeaHorse/Content/SeaHorse/Maps/L_Lobby.umap" 993
"D:/Vacui Projects/SeaHorse/SeaHorse/Content/SeaHorse/Lobby_Core/BP_MainMenuPlayerController.uasset" 994
"D:/Vacui Projects/SeaHorse/SeaHorse/Content/SeaHorse/Lobby_Core/BP_MainMenuPlayerController.uexp" 995
"D:/Vacui Projects/SeaHorse/SeaHorse/Content/SeaHorse/Lobby_Core/BP_MainMenuGameMode.uasset" 996
"D:/Vacui Projects/SeaHorse/SeaHorse/Content/SeaHorse/Lobby_Core/BP_MainMenuGameMode.uexp" 997
"D:/Vacui Projects/SeaHorse/SeaHorse/Content/SeaHorse/Maps/L_MainMenu.uexp" 998
"D:/Vacui Projects/SeaHorse/SeaHorse/Content/SeaHorse/Maps/L_MainMenu.umap" 999
"../../../Engine/Content/BasicShapes/Plane.ubulk" 1000
"../../../Engine/Content/BasicShapes/Plane.uasset" 1001
"../../../Engine/Content/BasicShapes/Plane.uexp" 1002
"../../../Engine/Content/EngineMaterials/BlendFunc_DefBase.uasset" 1003
"../../../Engine/Content/EngineMaterials/BlendFunc_DefBase.uexp" 1004
"../../../Engine/Content/EngineMaterials/BlendFunc_DefBlend.uasset" 1005
"../../../Engine/Content/EngineMaterials/BlendFunc_DefBlend.uexp" 1006
"../../../Engine/Content/Functions/Engine_MaterialFunctions03/Blends/Blend_Overlay.uasset" 1007
"../../../Engine/Content/Functions/Engine_MaterialFunctions03/Blends/Blend_Overlay.uexp" 1008
"../../../Engine/Content/Functions/Engine_MaterialFunctions01/Gradient/LinearGradient.uasset" 1009
"../../../Engine/Content/Functions/Engine_MaterialFunctions01/Gradient/LinearGradient.uexp" 1010
"../../../Engine/Content/Functions/Engine_MaterialFunctions01/ImageAdjustment/CheapContrast.uasset" 1011
"../../../Engine/Content/Functions/Engine_MaterialFunctions01/ImageAdjustment/CheapContrast.uexp" 1012
"../../../Engine/Content/OpenWorldTemplate/LandscapeMaterial/T_GridChecker_A.ubulk" 1013
"../../../Engine/Content/OpenWorldTemplate/LandscapeMaterial/T_GridChecker_A.uasset" 1014
"../../../Engine/Content/OpenWorldTemplate/LandscapeMaterial/T_GridChecker_A.uexp" 1015
"../../../Engine/Content/OpenWorldTemplate/LandscapeMaterial/MF_ProcGrid.uasset" 1016
"../../../Engine/Content/OpenWorldTemplate/LandscapeMaterial/MF_ProcGrid.uexp" 1017
"../../../Engine/Content/OpenWorldTemplate/LandscapeMaterial/M_ProcGrid.uasset" 1018
"../../../Engine/Content/OpenWorldTemplate/LandscapeMaterial/M_ProcGrid.uexp" 1019
"../../../Engine/Content/OpenWorldTemplate/LandscapeMaterial/MI_ProcGrid.uasset" 1020
"../../../Engine/Content/OpenWorldTemplate/LandscapeMaterial/MI_ProcGrid.uexp" 1021
"D:/Vacui Projects/SeaHorse/SeaHorse/Content/SeaHorse/Components/AC_CardsLayout_Hand.uasset" 1022
"D:/Vacui Projects/SeaHorse/SeaHorse/Content/SeaHorse/Components/AC_CardsLayout_Hand.uexp" 1023
"D:/Vacui Projects/SeaHorse/SeaHorse/Content/SeaHorse/Components/AC_CardsLayout_Activatable.uasset" 1024
"D:/Vacui Projects/SeaHorse/SeaHorse/Content/SeaHorse/Components/AC_CardsLayout_Activatable.uexp" 1025
"D:/Vacui Projects/SeaHorse/SeaHorse/Content/SeaHorse/Board/BP_Table.uasset" 1026
"D:/Vacui Projects/SeaHorse/SeaHorse/Content/SeaHorse/Board/BP_Table.uexp" 1027
"../../../Engine/Content/VREditor/Devices/Vive/UE_Logo.ubulk" 1028
"../../../Engine/Content/VREditor/Devices/Vive/UE_Logo.uasset" 1029
"../../../Engine/Content/VREditor/Devices/Vive/UE_Logo.uexp" 1030
"../../../Engine/Content/VREditor/UI/M_ContentWindow.uasset" 1031
"../../../Engine/Content/VREditor/UI/M_ContentWindow.uexp" 1032
"../../../Engine/Content/Functions/Engine_MaterialFunctions02/Texturing/CustomRotator.uasset" 1033
"../../../Engine/Content/Functions/Engine_MaterialFunctions02/Texturing/CustomRotator.uexp" 1034
"D:/Vacui Projects/SeaHorse/SeaHorse/Content/SeaHorse/Cards/Textrues/T_CardRevers.uasset" 1035
"D:/Vacui Projects/SeaHorse/SeaHorse/Content/SeaHorse/Cards/Textrues/T_CardRevers.uexp" 1036
"D:/Vacui Projects/SeaHorse/SeaHorse/Content/SeaHorse/VFX/MPC_Outlines.uasset" 1037
"D:/Vacui Projects/SeaHorse/SeaHorse/Content/SeaHorse/VFX/MPC_Outlines.uexp" 1038
"D:/Vacui Projects/SeaHorse/SeaHorse/Content/SeaHorse/Cards/Materials/M_Card.uasset" 1039
"D:/Vacui Projects/SeaHorse/SeaHorse/Content/SeaHorse/Cards/Materials/M_Card.uexp" 1040
"D:/Vacui Projects/SeaHorse/SeaHorse/Content/SeaHorse/Cards/Meshes/SM_Card.ubulk" 1041
"D:/Vacui Projects/SeaHorse/SeaHorse/Content/SeaHorse/Cards/Meshes/SM_Card.uasset" 1042
"D:/Vacui Projects/SeaHorse/SeaHorse/Content/SeaHorse/Cards/Meshes/SM_Card.uexp" 1043
"D:/Vacui Projects/SeaHorse/SeaHorse/Content/SeaHorse/VFX/MagicCircle/M_MagicCircle.uasset" 1044
"D:/Vacui Projects/SeaHorse/SeaHorse/Content/SeaHorse/VFX/MagicCircle/M_MagicCircle.uexp" 1045
"D:/Vacui Projects/SeaHorse/SeaHorse/Content/SeaHorse/VFX/MagicCircle/MI_MagicCircle.uasset" 1046
"D:/Vacui Projects/SeaHorse/SeaHorse/Content/SeaHorse/VFX/MagicCircle/MI_MagicCircle.uexp" 1047
"D:/Vacui Projects/SeaHorse/SeaHorse/Content/SeaHorse/VFX/MagicCircle/NS_MagicCircle.uasset" 1048
"D:/Vacui Projects/SeaHorse/SeaHorse/Content/SeaHorse/VFX/MagicCircle/NS_MagicCircle.uexp" 1049
"D:/Vacui Projects/SeaHorse/SeaHorse/Content/SeaHorse/Cards/Textrues/T_Crumo_and_Ursula.uasset" 1050
"D:/Vacui Projects/SeaHorse/SeaHorse/Content/SeaHorse/Cards/Textrues/T_Crumo_and_Ursula.uexp" 1051
"D:/Vacui Projects/SeaHorse/SeaHorse/Content/SeaHorse/Cards/Definitions/Card_CrumoUrsula.uasset" 1052
"D:/Vacui Projects/SeaHorse/SeaHorse/Content/SeaHorse/Cards/Definitions/Card_CrumoUrsula.uexp" 1053
"D:/Vacui Projects/SeaHorse/SeaHorse/Content/SeaHorse/Cards/Textrues/T_Otfried_shadow_master.uasset" 1054
"D:/Vacui Projects/SeaHorse/SeaHorse/Content/SeaHorse/Cards/Textrues/T_Otfried_shadow_master.uexp" 1055
"D:/Vacui Projects/SeaHorse/SeaHorse/Content/SeaHorse/Cards/Definitions/Card_Otfried.uasset" 1056
"D:/Vacui Projects/SeaHorse/SeaHorse/Content/SeaHorse/Cards/Definitions/Card_Otfried.uexp" 1057
"D:/Vacui Projects/SeaHorse/SeaHorse/Content/SeaHorse/Cards/Textrues/T_Paulus_silent.uasset" 1058
"D:/Vacui Projects/SeaHorse/SeaHorse/Content/SeaHorse/Cards/Textrues/T_Paulus_silent.uexp" 1059
"D:/Vacui Projects/SeaHorse/SeaHorse/Content/SeaHorse/Cards/Definitions/Card_PaulusSilent.uasset" 1060
"D:/Vacui Projects/SeaHorse/SeaHorse/Content/SeaHorse/Cards/Definitions/Card_PaulusSilent.uexp" 1061
"D:/Vacui Projects/SeaHorse/SeaHorse/Content/SeaHorse/Cards/Textrues/T_SeaHorse_B.uasset" 1062
"D:/Vacui Projects/SeaHorse/SeaHorse/Content/SeaHorse/Cards/Textrues/T_SeaHorse_B.uexp" 1063
"D:/Vacui Projects/SeaHorse/SeaHorse/Content/SeaHorse/Cards/Definitions/Card_SeaHorse.uasset" 1064
"D:/Vacui Projects/SeaHorse/SeaHorse/Content/SeaHorse/Cards/Definitions/Card_SeaHorse.uexp" 1065
"D:/Vacui Projects/SeaHorse/SeaHorse/Content/SeaHorse/Cards/Tasks/BP_DefaultCardEffect.uasset" 1066
"D:/Vacui Projects/SeaHorse/SeaHorse/Content/SeaHorse/Cards/Tasks/BP_DefaultCardEffect.uexp" 1067
"D:/Vacui Projects/SeaHorse/SeaHorse/Content/SeaHorse/Cards/Textrues/T_Fimarik.uasset" 1068
"D:/Vacui Projects/SeaHorse/SeaHorse/Content/SeaHorse/Cards/Textrues/T_Fimarik.uexp" 1069
"D:/Vacui Projects/SeaHorse/SeaHorse/Content/SeaHorse/Cards/Definitions/Card_Fimarik.uasset" 1070
"D:/Vacui Projects/SeaHorse/SeaHorse/Content/SeaHorse/Cards/Definitions/Card_Fimarik.uexp" 1071
"D:/Vacui Projects/SeaHorse/SeaHorse/Content/SeaHorse/Cards/Textrues/T_Aramdila.uasset" 1072
"D:/Vacui Projects/SeaHorse/SeaHorse/Content/SeaHorse/Cards/Textrues/T_Aramdila.uexp" 1073
"D:/Vacui Projects/SeaHorse/SeaHorse/Content/SeaHorse/Cards/Definitions/Card_Aramdila.uasset" 1074
"D:/Vacui Projects/SeaHorse/SeaHorse/Content/SeaHorse/Cards/Definitions/Card_Aramdila.uexp" 1075
"D:/Vacui Projects/SeaHorse/SeaHorse/Content/SeaHorse/Cards/Textrues/T_Gloria.uasset" 1076
"D:/Vacui Projects/SeaHorse/SeaHorse/Content/SeaHorse/Cards/Textrues/T_Gloria.uexp" 1077
"D:/Vacui Projects/SeaHorse/SeaHorse/Content/SeaHorse/Cards/Definitions/Card_Gloria.uasset" 1078
"D:/Vacui Projects/SeaHorse/SeaHorse/Content/SeaHorse/Cards/Definitions/Card_Gloria.uexp" 1079
"D:/Vacui Projects/SeaHorse/SeaHorse/Content/SeaHorse/Cards/Textrues/T_Gnushor.uasset" 1080
"D:/Vacui Projects/SeaHorse/SeaHorse/Content/SeaHorse/Cards/Textrues/T_Gnushor.uexp" 1081
"D:/Vacui Projects/SeaHorse/SeaHorse/Content/SeaHorse/Cards/Definitions/Card_Gnushor.uasset" 1082
"D:/Vacui Projects/SeaHorse/SeaHorse/Content/SeaHorse/Cards/Definitions/Card_Gnushor.uexp" 1083
"D:/Vacui Projects/SeaHorse/SeaHorse/Content/SeaHorse/Cards/Textrues/T_Thronri_Werewolf.uasset" 1084
"D:/Vacui Projects/SeaHorse/SeaHorse/Content/SeaHorse/Cards/Textrues/T_Thronri_Werewolf.uexp" 1085
"D:/Vacui Projects/SeaHorse/SeaHorse/Content/SeaHorse/Cards/Definitions/Card_ThronriWerewolf.uasset" 1086
"D:/Vacui Projects/SeaHorse/SeaHorse/Content/SeaHorse/Cards/Definitions/Card_ThronriWerewolf.uexp" 1087
"D:/Vacui Projects/SeaHorse/SeaHorse/Content/SeaHorse/Cards/Textrues/T_Willhelm.uasset" 1088
"D:/Vacui Projects/SeaHorse/SeaHorse/Content/SeaHorse/Cards/Textrues/T_Willhelm.uexp" 1089
"D:/Vacui Projects/SeaHorse/SeaHorse/Content/SeaHorse/Cards/Definitions/Card_Wilhelm.uasset" 1090
"D:/Vacui Projects/SeaHorse/SeaHorse/Content/SeaHorse/Cards/Definitions/Card_Wilhelm.uexp" 1091
"D:/Vacui Projects/SeaHorse/SeaHorse/Content/SeaHorse/Cards/Textrues/T_Kurt_fencing_master.uasset" 1092
"D:/Vacui Projects/SeaHorse/SeaHorse/Content/SeaHorse/Cards/Textrues/T_Kurt_fencing_master.uexp" 1093
"D:/Vacui Projects/SeaHorse/SeaHorse/Content/SeaHorse/Cards/Definitions/Card_KurtSwordMaster.uasset" 1094
"D:/Vacui Projects/SeaHorse/SeaHorse/Content/SeaHorse/Cards/Definitions/Card_KurtSwordMaster.uexp" 1095
"D:/Vacui Projects/SeaHorse/SeaHorse/Content/SeaHorse/Cards/Textrues/T_Olga_Priest.uasset" 1096
"D:/Vacui Projects/SeaHorse/SeaHorse/Content/SeaHorse/Cards/Textrues/T_Olga_Priest.uexp" 1097
"D:/Vacui Projects/SeaHorse/SeaHorse/Content/SeaHorse/Cards/Definitions/Card_OlgaPriest.uasset" 1098
"D:/Vacui Projects/SeaHorse/SeaHorse/Content/SeaHorse/Cards/Definitions/Card_OlgaPriest.uexp" 1099
"D:/Vacui Projects/SeaHorse/SeaHorse/Content/SeaHorse/Cards/Textrues/T_Bodgy_vampire_hunter.uasset" 1100
"D:/Vacui Projects/SeaHorse/SeaHorse/Content/SeaHorse/Cards/Textrues/T_Bodgy_vampire_hunter.uexp" 1101
"D:/Vacui Projects/SeaHorse/SeaHorse/Content/SeaHorse/Cards/Definitions/Card_BodgyVampireHunter.uasset" 1102
"D:/Vacui Projects/SeaHorse/SeaHorse/Content/SeaHorse/Cards/Definitions/Card_BodgyVampireHunter.uexp" 1103
"D:/Vacui Projects/SeaHorse/SeaHorse/Content/SeaHorse/Cards/Textrues/T_Gniew_dead.uasset" 1104
"D:/Vacui Projects/SeaHorse/SeaHorse/Content/SeaHorse/Cards/Textrues/T_Gniew_dead.uexp" 1105
"D:/Vacui Projects/SeaHorse/SeaHorse/Content/SeaHorse/Cards/Definitions/Card_GniewDeadHerald.uasset" 1106
"D:/Vacui Projects/SeaHorse/SeaHorse/Content/SeaHorse/Cards/Definitions/Card_GniewDeadHerald.uexp" 1107
"D:/Vacui Projects/SeaHorse/SeaHorse/Content/SeaHorse/Cards/Textrues/T_Gniew_alive.uasset" 1108
"D:/Vacui Projects/SeaHorse/SeaHorse/Content/SeaHorse/Cards/Textrues/T_Gniew_alive.uexp" 1109
"D:/Vacui Projects/SeaHorse/SeaHorse/Content/SeaHorse/Cards/Definitions/Card_GniewLivingHerald.uasset" 1110
"D:/Vacui Projects/SeaHorse/SeaHorse/Content/SeaHorse/Cards/Definitions/Card_GniewLivingHerald.uexp" 1111
"D:/Vacui Projects/SeaHorse/SeaHorse/Content/SeaHorse/Cards/Textrues/T_Hans.uasset" 1112
"D:/Vacui Projects/SeaHorse/SeaHorse/Content/SeaHorse/Cards/Textrues/T_Hans.uexp" 1113
"D:/Vacui Projects/SeaHorse/SeaHorse/Content/SeaHorse/Cards/Definitions/Card_HansCaptain.uasset" 1114
"D:/Vacui Projects/SeaHorse/SeaHorse/Content/SeaHorse/Cards/Definitions/Card_HansCaptain.uexp" 1115
"D:/Vacui Projects/SeaHorse/SeaHorse/Content/SeaHorse/Cards/Textrues/T_Thronri_giants_killer.uasset" 1116
"D:/Vacui Projects/SeaHorse/SeaHorse/Content/SeaHorse/Cards/Textrues/T_Thronri_giants_killer.uexp" 1117
"D:/Vacui Projects/SeaHorse/SeaHorse/Content/SeaHorse/Cards/Definitions/Card_ThronriTrollSlayer.uasset" 1118
"D:/Vacui Projects/SeaHorse/SeaHorse/Content/SeaHorse/Cards/Definitions/Card_ThronriTrollSlayer.uexp" 1119
"D:/Vacui Projects/SeaHorse/SeaHorse/Content/SeaHorse/Cards/Textrues/T__Ye-Hesha.uasset" 1120
"D:/Vacui Projects/SeaHorse/SeaHorse/Content/SeaHorse/Cards/Textrues/T__Ye-Hesha.uexp" 1121
"D:/Vacui Projects/SeaHorse/SeaHorse/Content/SeaHorse/Cards/Definitions/Card_YeHeshaNightMonk.uasset" 1122
"D:/Vacui Projects/SeaHorse/SeaHorse/Content/SeaHorse/Cards/Definitions/Card_YeHeshaNightMonk.uexp" 1123
"D:/Vacui Projects/SeaHorse/SeaHorse/Content/SeaHorse/Cards/Textrues/T_Kurt_Priest.uasset" 1124
"D:/Vacui Projects/SeaHorse/SeaHorse/Content/SeaHorse/Cards/Textrues/T_Kurt_Priest.uexp" 1125
"D:/Vacui Projects/SeaHorse/SeaHorse/Content/SeaHorse/Cards/Definitions/Card_KurtPriest.uasset" 1126
"D:/Vacui Projects/SeaHorse/SeaHorse/Content/SeaHorse/Cards/Definitions/Card_KurtPriest.uexp" 1127
"D:/Vacui Projects/SeaHorse/SeaHorse/Content/SeaHorse/Cards/Textrues/T_Paulus_wiches_hunter.uasset" 1128
"D:/Vacui Projects/SeaHorse/SeaHorse/Content/SeaHorse/Cards/Textrues/T_Paulus_wiches_hunter.uexp" 1129
"D:/Vacui Projects/SeaHorse/SeaHorse/Content/SeaHorse/Cards/Definitions/Card_PaulusWitchHunterWu.uasset" 1130
"D:/Vacui Projects/SeaHorse/SeaHorse/Content/SeaHorse/Cards/Definitions/Card_PaulusWitchHunterWu.uexp" 1131
"D:/Vacui Projects/SeaHorse/SeaHorse/Content/SeaHorse/Cards/Textrues/T_Ratmens.uasset" 1132
"D:/Vacui Projects/SeaHorse/SeaHorse/Content/SeaHorse/Cards/Textrues/T_Ratmens.uexp" 1133
"D:/Vacui Projects/SeaHorse/SeaHorse/Content/SeaHorse/Cards/Definitions/Card_RatfolkUnderground.uasset" 1134
"D:/Vacui Projects/SeaHorse/SeaHorse/Content/SeaHorse/Cards/Definitions/Card_RatfolkUnderground.uexp" 1135
"D:/Vacui Projects/SeaHorse/SeaHorse/Content/SeaHorse/Deck/DT_Deck.uasset" 1136
"D:/Vacui Projects/SeaHorse/SeaHorse/Content/SeaHorse/Deck/DT_Deck.uexp" 1137
"D:/Vacui Projects/SeaHorse/SeaHorse/Content/SeaHorse/Components/AC_Deck.uasset" 1138
"D:/Vacui Projects/SeaHorse/SeaHorse/Content/SeaHorse/Components/AC_Deck.uexp" 1139
"D:/Vacui Projects/SeaHorse/SeaHorse/Content/SeaHorse/Core/BP_SHGameState.uasset" 1140
"D:/Vacui Projects/SeaHorse/SeaHorse/Content/SeaHorse/Core/BP_SHGameState.uexp" 1141
"D:/Vacui Projects/SeaHorse/SeaHorse/Content/SeaHorse/Core/BP_SHPlayerState.uasset" 1142
"D:/Vacui Projects/SeaHorse/SeaHorse/Content/SeaHorse/Core/BP_SHPlayerState.uexp" 1143
"D:/Vacui Projects/SeaHorse/SeaHorse/Content/SeaHorse/Cards/E_OutlineType.uasset" 1144
"D:/Vacui Projects/SeaHorse/SeaHorse/Content/SeaHorse/Cards/E_OutlineType.uexp" 1145
"D:/Vacui Projects/SeaHorse/SeaHorse/Content/SeaHorse/VFX/PP_SoftOutline.uasset" 1146
"D:/Vacui Projects/SeaHorse/SeaHorse/Content/SeaHorse/VFX/PP_SoftOutline.uexp" 1147
"D:/Vacui Projects/SeaHorse/SeaHorse/Content/SeaHorse/VFX/PPI_SoftOutline.uasset" 1148
"D:/Vacui Projects/SeaHorse/SeaHorse/Content/SeaHorse/VFX/PPI_SoftOutline.uexp" 1149
"D:/Vacui Projects/SeaHorse/SeaHorse/Content/SeaHorse/VFX/M_TargetingArrow.uasset" 1150
"D:/Vacui Projects/SeaHorse/SeaHorse/Content/SeaHorse/VFX/M_TargetingArrow.uexp" 1151
"D:/Vacui Projects/SeaHorse/SeaHorse/Content/SeaHorse/VFX/SM_TargetingArrow.ubulk" 1152
"D:/Vacui Projects/SeaHorse/SeaHorse/Content/SeaHorse/VFX/SM_TargetingArrow.uasset" 1153
"D:/Vacui Projects/SeaHorse/SeaHorse/Content/SeaHorse/VFX/SM_TargetingArrow.uexp" 1154
"D:/Vacui Projects/SeaHorse/SeaHorse/Content/SeaHorse/Widgets/WBP_HUD.uasset" 1155
"D:/Vacui Projects/SeaHorse/SeaHorse/Content/SeaHorse/Widgets/WBP_HUD.uexp" 1156
"D:/Vacui Projects/SeaHorse/SeaHorse/Content/SeaHorse/Widgets/WBP_WinnerEntry.uasset" 1157
"D:/Vacui Projects/SeaHorse/SeaHorse/Content/SeaHorse/Widgets/WBP_WinnerEntry.uexp" 1158
"D:/Vacui Projects/SeaHorse/SeaHorse/Content/SeaHorse/Widgets/WBP_Winners.uasset" 1159
"D:/Vacui Projects/SeaHorse/SeaHorse/Content/SeaHorse/Widgets/WBP_Winners.uexp" 1160
"D:/Vacui Projects/SeaHorse/SeaHorse/Content/SeaHorse/Core/BP_SHPlayerController.uasset" 1161
"D:/Vacui Projects/SeaHorse/SeaHorse/Content/SeaHorse/Core/BP_SHPlayerController.uexp" 1162
"D:/Vacui Projects/SeaHorse/SeaHorse/Content/SeaHorse/Core/BP_SHGameMode.uasset" 1163
"D:/Vacui Projects/SeaHorse/SeaHorse/Content/SeaHorse/Core/BP_SHGameMode.uexp" 1164
"D:/Vacui Projects/SeaHorse/SeaHorse/Content/SeaHorse/Core/BFL_SeaHorse.uasset" 1165
"D:/Vacui Projects/SeaHorse/SeaHorse/Content/SeaHorse/Core/BFL_SeaHorse.uexp" 1166
"D:/Vacui Projects/SeaHorse/SeaHorse/Content/SeaHorse/Cards/W_Card.uasset" 1167
"D:/Vacui Projects/SeaHorse/SeaHorse/Content/SeaHorse/Cards/W_Card.uexp" 1168
"D:/Vacui Projects/SeaHorse/SeaHorse/Content/SeaHorse/Cards/BP_Card.uasset" 1169
"D:/Vacui Projects/SeaHorse/SeaHorse/Content/SeaHorse/Cards/BP_Card.uexp" 1170
"D:/Vacui Projects/SeaHorse/SeaHorse/Content/SeaHorse/Cards/BP_Hand.uasset" 1171
"D:/Vacui Projects/SeaHorse/SeaHorse/Content/SeaHorse/Cards/BP_Hand.uexp" 1172
"D:/Vacui Projects/SeaHorse/SeaHorse/Content/SeaHorse/Maps/L_SandBox.uexp" 1173
"D:/Vacui Projects/SeaHorse/SeaHorse/Content/SeaHorse/Maps/L_SandBox.umap" 1174
"../../../Engine/Content/EngineMaterials/PaperDiffuse.uasset" 1175
"../../../Engine/Content/EngineMaterials/PaperDiffuse.uexp" 1176
"../../../Engine/Content/EngineMaterials/PaperNormal.uasset" 1177
"../../../Engine/Content/EngineMaterials/PaperNormal.uexp" 1178
"D:/Vacui Projects/SeaHorse/SeaHorse/Content/SeaHorse/Textures/Paper_T.uasset" 1179
"D:/Vacui Projects/SeaHorse/SeaHorse/Content/SeaHorse/Textures/Paper_T.uexp" 1180
"D:/Vacui Projects/SeaHorse/SeaHorse/Content/SeaHorse/Materials/M_Master.uasset" 1181
"D:/Vacui Projects/SeaHorse/SeaHorse/Content/SeaHorse/Materials/M_Master.uexp" 1182
"D:/Vacui Projects/SeaHorse/SeaHorse/Content/SeaHorse/Materials/MI_Paper.uasset" 1183
"D:/Vacui Projects/SeaHorse/SeaHorse/Content/SeaHorse/Materials/MI_Paper.uexp" 1184
"D:/Vacui Projects/SeaHorse/SeaHorse/Content/SeaHorse/Meshes/SM_Paper1.ubulk" 1185
"D:/Vacui Projects/SeaHorse/SeaHorse/Content/SeaHorse/Meshes/SM_Paper1.uasset" 1186
"D:/Vacui Projects/SeaHorse/SeaHorse/Content/SeaHorse/Meshes/SM_Paper1.uexp" 1187
"D:/Vacui Projects/SeaHorse/SeaHorse/Content/SeaHorse/Textures/rust_coarse_01_diff_1k.ubulk" 1188
"D:/Vacui Projects/SeaHorse/SeaHorse/Content/SeaHorse/Textures/rust_coarse_01_diff_1k.uasset" 1189
"D:/Vacui Projects/SeaHorse/SeaHorse/Content/SeaHorse/Textures/rust_coarse_01_diff_1k.uexp" 1190
"D:/Vacui Projects/SeaHorse/SeaHorse/Content/SeaHorse/Textures/rust_coarse_01_disp_1k.ubulk" 1191
"D:/Vacui Projects/SeaHorse/SeaHorse/Content/SeaHorse/Textures/rust_coarse_01_disp_1k.uasset" 1192
"D:/Vacui Projects/SeaHorse/SeaHorse/Content/SeaHorse/Textures/rust_coarse_01_disp_1k.uexp" 1193
"D:/Vacui Projects/SeaHorse/SeaHorse/Content/SeaHorse/Materials/MI_Steel.uasset" 1194
"D:/Vacui Projects/SeaHorse/SeaHorse/Content/SeaHorse/Materials/MI_Steel.uexp" 1195
"D:/Vacui Projects/SeaHorse/SeaHorse/Content/SeaHorse/Textures/rough_wood_diff_2k.ubulk" 1196
"D:/Vacui Projects/SeaHorse/SeaHorse/Content/SeaHorse/Textures/rough_wood_diff_2k.uasset" 1197
"D:/Vacui Projects/SeaHorse/SeaHorse/Content/SeaHorse/Textures/rough_wood_diff_2k.uexp" 1198
"D:/Vacui Projects/SeaHorse/SeaHorse/Content/SeaHorse/Textures/rough_wood_disp_2k.ubulk" 1199
"D:/Vacui Projects/SeaHorse/SeaHorse/Content/SeaHorse/Textures/rough_wood_disp_2k.uasset" 1200
"D:/Vacui Projects/SeaHorse/SeaHorse/Content/SeaHorse/Textures/rough_wood_disp_2k.uexp" 1201
"D:/Vacui Projects/SeaHorse/SeaHorse/Content/SeaHorse/Textures/rough_wood_rough_2k.ubulk" 1202
"D:/Vacui Projects/SeaHorse/SeaHorse/Content/SeaHorse/Textures/rough_wood_rough_2k.uasset" 1203
"D:/Vacui Projects/SeaHorse/SeaHorse/Content/SeaHorse/Textures/rough_wood_rough_2k.uexp" 1204
"D:/Vacui Projects/SeaHorse/SeaHorse/Content/SeaHorse/Materials/MI_Wood.uasset" 1205
"D:/Vacui Projects/SeaHorse/SeaHorse/Content/SeaHorse/Materials/MI_Wood.uexp" 1206
"D:/Vacui Projects/SeaHorse/SeaHorse/Content/SeaHorse/Meshes/SM_Scroll.ubulk" 1207
"D:/Vacui Projects/SeaHorse/SeaHorse/Content/SeaHorse/Meshes/SM_Scroll.uasset" 1208
"D:/Vacui Projects/SeaHorse/SeaHorse/Content/SeaHorse/Meshes/SM_Scroll.uexp" 1209
"D:/Vacui Projects/SeaHorse/SeaHorse/Content/SeaHorse/Blueprints/BP_Scroll.uasset" 1210
"D:/Vacui Projects/SeaHorse/SeaHorse/Content/SeaHorse/Blueprints/BP_Scroll.uexp" 1211
"../../../Engine/Content/BasicShapes/Cube.ubulk" 1212
"../../../Engine/Content/BasicShapes/Cube.uasset" 1213
"../../../Engine/Content/BasicShapes/Cube.uexp" 1214
"D:/Vacui Projects/SeaHorse/SeaHorse/Content/SeaHorse/Board/WBP_PlayerRepresentation.uasset" 1215
"D:/Vacui Projects/SeaHorse/SeaHorse/Content/SeaHorse/Board/WBP_PlayerRepresentation.uexp" 1216
"D:/Vacui Projects/SeaHorse/SeaHorse/Content/SeaHorse/VFX/M_ParticipantTargetReflections.uasset" 1217
"D:/Vacui Projects/SeaHorse/SeaHorse/Content/SeaHorse/VFX/M_ParticipantTargetReflections.uexp" 1218
"D:/Vacui Projects/SeaHorse/SeaHorse/Content/SeaHorse/Board/BP_PlayerRepresentation.uasset" 1219
"D:/Vacui Projects/SeaHorse/SeaHorse/Content/SeaHorse/Board/BP_PlayerRepresentation.uexp" 1220
"D:/Vacui Projects/SeaHorse/SeaHorse/Content/SeaHorse/Board/BP_VictoryStack.uasset" 1221
"D:/Vacui Projects/SeaHorse/SeaHorse/Content/SeaHorse/Board/BP_VictoryStack.uexp" 1222
"D:/Vacui Projects/SeaHorse/SeaHorse/Content/SeaHorse/Maps/L_Test.uexp" 1223
"D:/Vacui Projects/SeaHorse/SeaHorse/Content/SeaHorse/Maps/L_Test.umap" 1224
