"D:/Vacui Projects/SeaHorse/SeaHorse/SeaHorse.uproject" 1
"D:/Vacui Projects/SeaHorse/SeaHorse/Binaries/Win64/UnrealEditor.modules" 2
"../../../Engine/Plugins/AudioGameplay/AudioGameplay.uplugin" 3
"../../../Engine/Plugins/AudioInsights/AudioInsights.uplugin" 4
"../../../Engine/Plugins/BlueprintFileUtils/BlueprintFileUtils.uplugin" 5
"../../../Engine/Plugins/ChaosCloth/ChaosCloth.uplugin" 6
"../../../Engine/Plugins/ChaosClothAssetEditor/ChaosClothAssetEditor.uplugin" 7
"../../../Engine/Plugins/AudioGameplayVolume/AudioGameplayVolume.uplugin" 8
"../../../Engine/Plugins/CmdLinkServer/CmdLinkServer.uplugin" 9
"../../../Engine/Plugins/DiscoveryBeaconReceiver/DiscoveryBeaconReceiver.uplugin" 10
"../../../Engine/Plugins/Fab/Fab.uplugin" 11
"../../../Engine/Plugins/EnhancedInput/EnhancedInput.uplugin" 12
"../../../Engine/Plugins/ChaosClothAsset/ChaosClothAsset.uplugin" 13
"../../../Engine/Plugins/LightWeightInstancesEditor/LightWeightInstancesEditor.uplugin" 14
"../../../Engine/Plugins/IoStoreInsights/IoStoreInsights.uplugin" 15
"../../../Engine/Plugins/MassInsights/MassInsights.uplugin" 16
"../../../Engine/Plugins/Chooser/Chooser.uplugin" 17
"../../../Engine/Plugins/PCG/PCG.uplugin" 18
"../../../Engine/Plugins/BaseMaterial/BaseMaterial.uplugin" 19
"../../../Engine/Plugins/FastBuildController/FastBuildController.uplugin" 20
"../../../Engine/Plugins/TextureGraph/TextureGraph.uplugin" 21
"../../../Engine/Plugins/ChaosInsights/ChaosInsights.uplugin" 22
"../../../Engine/Plugins/TraceUtilities/TraceUtilities.uplugin" 23
"../../../Engine/Plugins/UbaController/UbaController.uplugin" 24
"../../../Engine/Plugins/Experimental/ActorPalette/ActorPalette.uplugin" 25
"../../../Engine/Plugins/Experimental/AIAssistant/AIAssistant.uplugin" 26
"../../../Engine/Plugins/Compression/OodleNetwork/OodleNetwork.uplugin" 27
"../../../Engine/Plugins/Experimental/AdvancedRenamer/AdvancedRenamer.uplugin" 28
"../../../Engine/Plugins/Experimental/AbilitySystemGameFeatureActions/AbilitySystemGameFeatureActions.uplugin" 29
"../../../Engine/Plugins/Experimental/AnimToTexture/AnimToTexture.uplugin" 30
"../../../Engine/Plugins/Experimental/AsyncMessageSystem/AsyncMessageSystem.uplugin" 31
"../../../Engine/Plugins/WorldMetrics/WorldMetrics.uplugin" 32
"../../../Engine/Plugins/Experimental/AsyncMessageSystemTests/AsyncMessageSystemTests.uplugin" 33
"../../../Engine/Plugins/MeshPainting/MeshPainting.uplugin" 34
"../../../Engine/Plugins/Experimental/AvalancheDisplayCluster/AvalancheDisplayCluster.uplugin" 35
"../../../Engine/Plugins/JsonBlueprintUtilities/JsonBlueprintUtilities.uplugin" 36
"../../../Engine/Plugins/Experimental/BackChannel/BackChannel.uplugin" 37
"../../../Engine/Plugins/ChaosVD/ChaosVD.uplugin" 38
"../../../Engine/Plugins/Bridge/Bridge.uplugin" 39
"../../../Engine/Plugins/Experimental/ChaosCachingUSD/ChaosCachingUSD.uplugin" 40
"../../../Engine/Plugins/Experimental/ChaosClothEditor/ChaosClothEditor.uplugin" 41
"../../../Engine/Plugins/ScriptPlugin/ScriptPlugin.uplugin" 42
"../../../Engine/Plugins/Experimental/ChaosModularVehicle/ChaosModularVehicle.uplugin" 43
"../../../Engine/Plugins/Experimental/AutomationUtils/AutomationUtils.uplugin" 44
"../../../Engine/Plugins/Experimental/ChaosModularVehicleExamples/ChaosModularVehicleExamples.uplugin" 45
"../../../Engine/Plugins/MemoryUsageQueries/MemoryUsageQueries.uplugin" 46
"../../../Engine/Plugins/Experimental/ChaosNiagara/ChaosNiagara.uplugin" 47
"../../../Engine/Plugins/Experimental/CelestialVault/CelestialVault.uplugin" 48
"../../../Engine/Plugins/Experimental/AvalancheSequenceNavigator/AvalancheSequenceNavigator.uplugin" 49
"../../../Engine/Plugins/Experimental/ChaosRigidAsset/ChaosRigidAsset.uplugin" 50
"../../../Engine/Plugins/Experimental/CharacterAI/CharacterAI.uplugin" 51
"../../../Engine/Plugins/Experimental/BlueprintSnapNodes/BlueprintSnapNodes.uplugin" 52
"../../../Engine/Plugins/Experimental/CineCameraSceneCapture/CineCameraSceneCapture.uplugin" 53
"../../../Engine/Plugins/RenderGraphInsights/RenderGraphInsights.uplugin" 54
"../../../Engine/Plugins/Experimental/ColorCorrectRegions/ColorCorrectRegions.uplugin" 55
"../../../Engine/Plugins/Experimental/ControlFlows/ControlFlows.uplugin" 56
"../../../Engine/Plugins/XGEController/XGEController.uplugin" 57
"../../../Engine/Plugins/Experimental/ControlRigPhysics/ControlRigPhysics.uplugin" 58
"../../../Engine/Plugins/Experimental/ChaosEditor/ChaosEditor.uplugin" 59
"../../../Engine/Plugins/Experimental/ChaosFlesh/ChaosFlesh.uplugin" 60
"../../../Engine/Plugins/Experimental/Dataflow/Dataflow.uplugin" 61
"../../../Engine/Plugins/Mutable/Mutable.uplugin" 62
"../../../Engine/Plugins/Experimental/DrawDebugLibrary/DrawDebugLibrary.uplugin" 63
"../../../Engine/Plugins/Experimental/ChaosOutfitAsset/ChaosOutfitAsset.uplugin" 64
"../../../Engine/Plugins/Experimental/DynamicWind/DynamicWind.uplugin" 65
"../../../Engine/Plugins/Experimental/ChaosMover/ChaosMover.uplugin" 66
"../../../Engine/Plugins/Experimental/EditorPerformance/EditorPerformance.uplugin" 67
"../../../Engine/Plugins/Experimental/ChaosSolverPlugin/ChaosSolverPlugin.uplugin" 68
"../../../Engine/Plugins/Experimental/EditorDataStorage/EditorDataStorage.uplugin" 69
"../../../Engine/Plugins/Experimental/ChaosUserDataPT/ChaosUserDataPT.uplugin" 70
"../../../Engine/Plugins/Experimental/ChaosCaching/ChaosCaching.uplugin" 71
"../../../Engine/Plugins/Experimental/ChaosVehiclesPlugin/ChaosVehiclesPlugin.uplugin" 72
"../../../Engine/Plugins/Experimental/EditorTelemetry/EditorTelemetry.uplugin" 73
"../../../Engine/Plugins/Experimental/BlueprintStats/BlueprintStats.uplugin" 74
"../../../Engine/Plugins/Experimental/DefaultInstallBundleManager/DefaultInstallBundleManager.uplugin" 75
"../../../Engine/Plugins/Experimental/CodeView/CodeView.uplugin" 76
"../../../Engine/Plugins/Experimental/FieldSystemPlugin/FieldSystemPlugin.uplugin" 77
"../../../Engine/Plugins/Experimental/Fracture/Fracture.uplugin" 78
"../../../Engine/Plugins/Experimental/GameplayBehaviors/GameplayBehaviors.uplugin" 79
"../../../Engine/Plugins/Experimental/Gauntlet/Gauntlet.uplugin" 80
"../../../Engine/Plugins/Experimental/GameplayTargetingSystem/TargetingSystem.uplugin" 81
"../../../Engine/Plugins/Experimental/CinematicSequenceNavigator/CinematicSequenceNavigator.uplugin" 82
"../../../Engine/Plugins/Experimental/GeometryCacheAbcFile/GeometryCacheAbcFile.uplugin" 83
"../../../Engine/Plugins/Experimental/DaySequence/DaySequence.uplugin" 84
"../../../Engine/Plugins/Experimental/CineCameraRigs/CineCameraRigs.uplugin" 85
"../../../Engine/Plugins/Experimental/GPULightmass/GPULightmass.uplugin" 86
"../../../Engine/Plugins/Experimental/EditorDataStorageFeatures/EditorDataStorageFeatures.uplugin" 87
"../../../Engine/Plugins/Experimental/GizmoFramework/GizmoFramework.uplugin" 88
"../../../Engine/Plugins/Experimental/GameInputWindows/GameInputWindows.uplugin" 89
"../../../Engine/Plugins/Experimental/EvaluationNotifies/EvaluationNotifies.uplugin" 90
"../../../Engine/Plugins/Experimental/GizmoEdMode/GizmoEdMode.uplugin" 91
"../../../Engine/Plugins/Experimental/GlobalConfigurationData/GlobalConfigurationData.uplugin" 92
"../../../Engine/Plugins/Experimental/ImageWidgets/ImageWidgets.uplugin" 93
"../../../Engine/Plugins/Experimental/FastGeoStreaming/FastGeoStreaming.uplugin" 94
"../../../Engine/Plugins/Experimental/Buoyancy/Buoyancy.uplugin" 95
"../../../Engine/Plugins/Experimental/ImpostorBaker/ImpostorBaker.uplugin" 96
"../../../Engine/Plugins/Experimental/HairCardGenerator/HairCardGenerator.uplugin" 97
"../../../Engine/Plugins/Experimental/GeometryFlow/GeometryFlow.uplugin" 98
"../../../Engine/Plugins/Experimental/CinematicPrestreaming/CinematicPrestreaming.uplugin" 99
"../../../Engine/Plugins/Experimental/InEditorDocumentation/InEditorDocumentation.uplugin" 100
"../../../Engine/Plugins/Experimental/DynamicMaterialMediaStreamBridge/DynamicMaterialMediaStreamBridge.uplugin" 101
"../../../Engine/Plugins/Experimental/InstanceDataObjectFixupTool/InstanceDataObjectFixupTool.uplugin" 102
"../../../Engine/Plugins/Experimental/GeometryCacheLevelSequenceBaker/GeometryCacheLevelSequenceBaker.uplugin" 103
"../../../Engine/Plugins/Experimental/Landmass/Landmass.uplugin" 104
"../../../Engine/Plugins/Experimental/LearningAgents/LearningAgents.uplugin" 105
"../../../Engine/Plugins/Experimental/HairModelingToolset/HairModelingToolset.uplugin" 106
"../../../Engine/Plugins/Experimental/LiveLinkControlRig/LiveLinkControlRig.uplugin" 107
"../../../Engine/Plugins/Experimental/InlineMaterialInstance/InlineMaterialInstance.uplugin" 108
"../../../Engine/Plugins/Experimental/GeometryDataflow/GeometryDataflow.uplugin" 109
"../../../Engine/Plugins/Experimental/LocalizableMessage/LocalizableMessage.uplugin" 110
"../../../Engine/Plugins/Experimental/FullBodyIK/FullBodyIK.uplugin" 111
"../../../Engine/Plugins/Experimental/MetasoundExperimental/MetasoundExperimental.uplugin" 112
"../../../Engine/Plugins/Experimental/MeshModelingToolsetExp/MeshModelingToolsetExp.uplugin" 113
"../../../Engine/Plugins/Experimental/MeshResizing/MeshResizing.uplugin" 114
"../../../Engine/Plugins/Experimental/MoverAnimNext/MoverAnimNext.uplugin" 115
"../../../Engine/Plugins/Experimental/GameplayGraph/GameplayGraph.uplugin" 116
"../../../Engine/Plugins/Experimental/LiveLinkOpenVR/LiveLinkOpenVR.uplugin" 117
"../../../Engine/Plugins/Experimental/MotoSynth/MotoSynth.uplugin" 118
"../../../Engine/Plugins/Experimental/ImagePlate/ImagePlate.uplugin" 119
"../../../Engine/Plugins/Experimental/MoverIntegrations/MoverIntegrations.uplugin" 120
"../../../Engine/Plugins/Experimental/Iris/Iris.uplugin" 121
"../../../Engine/Plugins/Experimental/MutableDataflow/MutableDataflow.uplugin" 122
"../../../Engine/Plugins/Experimental/JWT/JWT.uplugin" 123
"../../../Engine/Plugins/Experimental/InteractionInterface/InteractionInterface.uplugin" 124
"../../../Engine/Plugins/Experimental/MediaStream/MediaStream.uplugin" 125
"../../../Engine/Plugins/Experimental/MutableClothing/MutableClothing.uplugin" 126
"../../../Engine/Plugins/Experimental/LiveLinkFaceImporter/LiveLinkFaceImporter.uplugin" 127
"../../../Engine/Plugins/Experimental/MoverExamples/MoverExamples.uplugin" 128
"../../../Engine/Plugins/Experimental/MutablePopulation/MutablePopulation.uplugin" 129
"../../../Engine/Plugins/Experimental/FloatingProperties/FloatingProperties.uplugin" 130
"../../../Engine/Plugins/Experimental/NaniteAssemblyEditorUtils/NaniteAssemblyEditorUtils.uplugin" 131
"../../../Engine/Plugins/Experimental/HairStrandsMutable/HairStrandsMutable.uplugin" 132
"../../../Engine/Plugins/Experimental/NNERuntimeCoreML/NNERuntimeCoreML.uplugin" 133
"../../../Engine/Plugins/Experimental/MoverTests/MoverTests.uplugin" 134
"../../../Engine/Plugins/Experimental/NaniteDisplacedMesh/NaniteDisplacedMesh.uplugin" 135
"../../../Engine/Plugins/Experimental/PanoramicCapture/PanoramicCapture.uplugin" 136
"../../../Engine/Plugins/Experimental/CommonConversation/CommonConversation.uplugin" 137
"../../../Engine/Plugins/Experimental/OptiXDenoise/OptiXDenoise.uplugin" 138
"../../../Engine/Plugins/Experimental/Mover/Mover.uplugin" 139
"../../../Engine/Plugins/Experimental/PCGBiomeCore/PCGBiomeCore.uplugin" 140
"../../../Engine/Plugins/Experimental/CodeEditor/CodeEditor.uplugin" 141
"../../../Engine/Plugins/Experimental/PhysicsControl/PhysicsControl.uplugin" 142
"../../../Engine/Plugins/Experimental/PCGBiomeSample/PCGBiomeSample.uplugin" 143
"../../../Engine/Plugins/Experimental/MovieScenePoseSearchTracks/MovieScenePoseSearchTracks.uplugin" 144
"../../../Engine/Plugins/Experimental/PlatformCrypto/PlatformCrypto.uplugin" 145
"../../../Engine/Plugins/Experimental/PluginTemplateTool/PluginTemplateTool.uplugin" 146
"../../../Engine/Plugins/Experimental/NNERuntimeBasicCpu/NNERuntimeBasicCpu.uplugin" 147
"../../../Engine/Plugins/Experimental/GeometryCollectionPlugin/GeometryCollectionPlugin.uplugin" 148
"../../../Engine/Plugins/Experimental/ProceduralVegetationEditor/ProceduralVegetationEditor.uplugin" 149
"../../../Engine/Plugins/Experimental/PSDImporter/PSDImporter.uplugin" 150
"../../../Engine/Plugins/Experimental/MotorSimOutputMotoSynth/MotorSimOutputMotoSynth.uplugin" 151
"../../../Engine/Plugins/Experimental/PythonMLPackages/PythonMLPackages.uplugin" 152
"../../../Engine/Plugins/Experimental/PythonScriptPlugin/PythonScriptPlugin.uplugin" 153
"../../../Engine/Plugins/Experimental/NNERuntimeRDG/NNERuntimeRDG.uplugin" 154
"../../../Engine/Plugins/Experimental/OpenImageDenoise/OpenImageDenoise.uplugin" 155
"../../../Engine/Plugins/Experimental/RemoteControlActorModifierBridge/RemoteControlActorModifierBridge.uplugin" 156
"../../../Engine/Plugins/Experimental/MovieSceneAnimMixer/MovieSceneAnimMixer.uplugin" 157
"../../../Engine/Plugins/Experimental/QuicMessaging/QuicMessaging.uplugin" 158
"../../../Engine/Plugins/Experimental/PlainPropsEngine/PlainPropsEngine.uplugin" 159
"../../../Engine/Plugins/Experimental/NFORDenoise/NFORDenoise.uplugin" 160
"../../../Engine/Plugins/Experimental/RenderGrid/RenderGrid.uplugin" 161
"../../../Engine/Plugins/Experimental/PlainPropsUObject/PlainPropsUObject.uplugin" 162
"../../../Engine/Plugins/Experimental/RigLogicUAF/RigLogicUAF.uplugin" 163
"../../../Engine/Plugins/Experimental/RigLogicMutable/RigLogicMutable.uplugin" 164
"../../../Engine/Plugins/Experimental/SecuritySandbox/SecuritySandbox.uplugin" 165
"../../../Engine/Plugins/Experimental/PixelStreamingPlayer/PixelStreamingPlayer.uplugin" 166
"../../../Engine/Plugins/Experimental/SequenceNavigator/SequenceNavigator.uplugin" 167
"../../../Engine/Plugins/Experimental/PluginAudit/PluginAudit.uplugin" 168
"../../../Engine/Plugins/Experimental/SlateIM/SlateIM.uplugin" 169
"../../../Engine/Plugins/Experimental/LowLevelNetTrace/LowLevelNetTrace.uplugin" 170
"../../../Engine/Plugins/Experimental/SkeletalReduction/SkeletalReduction.uplugin" 171
"../../../Engine/Plugins/Experimental/PlanarCutPlugin/PlanarCut.uplugin" 172
"../../../Engine/Plugins/Experimental/SerializationUtils/SerializationUtils.uplugin" 173
"../../../Engine/Plugins/Experimental/PostProcessMaterialChainGraph/PostProcessMaterialChainGraph.uplugin" 174
"../../../Engine/Plugins/Experimental/StateGraph/StateGraph.uplugin" 175
"../../../Engine/Plugins/Experimental/SlateModelViewViewModel/SlateModelViewViewModel.uplugin" 176
"../../../Engine/Plugins/Experimental/SlateScreenReader/SlateScreenReader.uplugin" 177
"../../../Engine/Plugins/Experimental/Shotgrid/Shotgrid.uplugin" 178
"../../../Engine/Plugins/Experimental/NNERuntimeIREE/NNERuntimeIREE.uplugin" 179
"../../../Engine/Plugins/Experimental/Tensorboard/Tensorboard.uplugin" 180
"../../../Engine/Plugins/Experimental/SubmitToolEditor/SubmitToolEditor.uplugin" 181
"../../../Engine/Plugins/Experimental/TetMeshing/TetMeshing.uplugin" 182
"../../../Engine/Plugins/Experimental/TargetDeviceServicesScripting/TargetDeviceServicesScripting.uplugin" 183
"../../../Engine/Plugins/Experimental/RawInput/RawInput.uplugin" 184
"../../../Engine/Plugins/Experimental/SurfaceEffects/SurfaceEffects.uplugin" 185
"../../../Engine/Plugins/Experimental/PlainProps/PlainProps.uplugin" 186
"../../../Engine/Plugins/Experimental/UserToolBoxBasicCommand/UserToolBoxBasicCommand.uplugin" 187
"../../../Engine/Plugins/Experimental/PSDImporterMaterialDesignerBridge/PSDImporterMaterialDesignerBridge.uplugin" 188
"../../../Engine/Plugins/Experimental/VirtualHeightfieldMesh/VirtualHeightfieldMesh.uplugin" 189
"../../../Engine/Plugins/Experimental/UIFramework/UIFramework.uplugin" 190
"../../../Engine/Plugins/Experimental/UserToolBoxCore/UserToolBoxCore.uplugin" 191
"../../../Engine/Plugins/Experimental/MLflow/MLflow.uplugin" 192
"../../../Engine/Plugins/Experimental/WaterAdvanced/WaterAdvanced.uplugin" 193
"../../../Engine/Plugins/Experimental/WaterExtras/WaterExtras.uplugin" 194
"../../../Engine/Plugins/Experimental/WebSocketNetworking/WebSocketNetworking.uplugin" 195
"../../../Engine/Plugins/Experimental/SimpleHMD/SimpleHMD.uplugin" 196
"../../../Engine/Plugins/Experimental/LevelSequenceNavigatorBridge/LevelSequenceNavigatorBridge.uplugin" 197
"../../../Engine/Plugins/Experimental/Workspace/Workspace.uplugin" 198
"../../../Engine/Plugins/Experimental/SpatialReadiness/SpatialReadiness.uplugin" 199
"../../../Engine/Plugins/NetcodeUnitTest/NUTUnrealEngine/NUTUnrealEngine.uplugin" 200
"../../../Engine/Plugins/Experimental/PluginReferenceViewer/PluginReferenceViewer.uplugin" 201
"../../../Engine/Plugins/Experimental/XRCreativeFramework/XRCreativeFramework.uplugin" 202
"../../../Engine/Plugins/Tests/CQTest/CQTest.uplugin" 203
"../../../Engine/Plugins/Experimental/TechAudioTools/TechAudioTools.uplugin" 204
"../../../Engine/Plugins/Tests/CQTestEnhancedInput/CQTestEnhancedInput.uplugin" 205
"../../../Engine/Plugins/Experimental/PythonFoundationPackages/PythonFoundationPackages.uplugin" 206
"../../../Engine/Plugins/Tests/CQTestExperimental/CQTestExperimental.uplugin" 207
"../../../Engine/Plugins/Experimental/SubtitlesAndClosedCaptions/SubtitlesAndClosedCaptions.uplugin" 208
"../../../Engine/Plugins/Tests/FunctionalTestingEditor/FunctionalTestingEditor.uplugin" 209
"../../../Engine/Plugins/Experimental/RemoteSession/RemoteSession.uplugin" 210
"../../../Engine/Plugins/Experimental/ToolPresets/ToolPresets.uplugin" 211
"../../../Engine/Plugins/Experimental/TextToSpeech/TextToSpeech.uplugin" 212
"../../../Engine/Plugins/Experimental/RemoteControlComponents/RemoteControlComponents.uplugin" 213
"../../../Engine/Plugins/Tests/InterchangeTests/InterchangeTests.uplugin" 214
"../../../Engine/Plugins/Tests/WidgetAutomationTests/WidgetAutomationTests.uplugin" 215
"../../../Engine/Plugins/Experimental/Water/Water.uplugin" 216
"../../../Engine/Plugins/Tests/TestSamples/TestSamples.uplugin" 217
"../../../Engine/Plugins/Tests/TestFramework/TestFramework.uplugin" 218
"../../../Engine/Plugins/PCGInterops/PCGGeometryScriptInterop/PCGGeometryScriptInterop.uplugin" 219
"../../../Engine/Plugins/Tests/RHITests/RHITests.uplugin" 220
"../../../Engine/Plugins/Tests/AudioCQTests/AudioCQTests.uplugin" 221
"../../../Engine/Plugins/VirtualProduction/Avalanche/Avalanche.uplugin" 222
"../../../Engine/Plugins/VirtualProduction/ActorModifierCore/ActorModifierCore.uplugin" 223
"../../../Engine/Plugins/Experimental/RuntimeTelemetry/RuntimeTelemetry.uplugin" 224
"../../../Engine/Plugins/Experimental/StructUtils/StructUtils.uplugin" 225
"../../../Engine/Plugins/PCGInterops/PCGPythonInterop/PCGPythonInterop.uplugin" 226
"../../../Engine/Plugins/Experimental/ScreenReader/ScreenReader.uplugin" 227
"../../../Engine/Plugins/VirtualProduction/CameraCalibration/CameraCalibration.uplugin" 228
"../../../Engine/Plugins/VirtualProduction/CinematicAssemblyTools/CinematicAssemblyTools.uplugin" 229
"../../../Engine/Plugins/VirtualProduction/AvalancheSceneState/AvalancheSceneState.uplugin" 230
"../../../Engine/Plugins/VirtualProduction/ClonerEffector/ClonerEffector.uplugin" 231
"../../../Engine/Plugins/VirtualProduction/DataCharts/DataCharts.uplugin" 232
"../../../Engine/Plugins/NetcodeUnitTest/NetcodeUnitTest/NetcodeUnitTest.uplugin" 233
"../../../Engine/Plugins/VirtualProduction/DataLink/DataLink.uplugin" 234
"../../../Engine/Plugins/Experimental/WidgetEditorToolPalette/WidgetEditorToolPalette.uplugin" 235
"../../../Engine/Plugins/VirtualProduction/CustomDetailsView/CustomDetailsView.uplugin" 236
"../../../Engine/Plugins/VirtualProduction/ActorModifier/ActorModifier.uplugin" 237
"../../../Engine/Plugins/PCGInterops/PCGExternalDataInterop/PCGExternalDataInterop.uplugin" 238
"../../../Engine/Plugins/Experimental/NeuralRendering/NeuralRendering.uplugin" 239
"../../../Engine/Plugins/VirtualProduction/DynamicMaterial/DynamicMaterial.uplugin" 240
"../../../Engine/Plugins/Tests/AutomationDriverTests/AutomationDriverTests.uplugin" 241
"../../../Engine/Plugins/VirtualProduction/LensComponent/LensComponent.uplugin" 242
"../../../Engine/Plugins/VirtualProduction/LiveLinkVRPN/LiveLinkVRPN.uplugin" 243
"../../../Engine/Plugins/VirtualProduction/LiveLinkMasterLockit/LiveLinkMasterLockit.uplugin" 244
"../../../Engine/Plugins/VirtualProduction/LiveLinkXR/LiveLinkXR.uplugin" 245
"../../../Engine/Plugins/VirtualProduction/CameraCalibrationML/CameraCalibrationML.uplugin" 246
"../../../Engine/Plugins/VirtualProduction/AvalancheDataLink/AvalancheDataLink.uplugin" 247
"../../../Engine/Plugins/VirtualProduction/LiveLinkFreeD/LiveLinkFreeD.uplugin" 248
"../../../Engine/Plugins/VirtualProduction/DataLinkOAuth/DataLinkOAuth.uplugin" 249
"../../../Engine/Plugins/VirtualProduction/EpicStageApp/EpicStageApp.uplugin" 250
"../../../Engine/Plugins/VirtualProduction/MultiUserTakes/MultiUserTakes.uplugin" 251
"../../../Engine/Plugins/Experimental/WebSocketMessaging/WebSocketMessaging.uplugin" 252
"../../../Engine/Plugins/Experimental/WaveFunctionCollapse/WaveFunctionCollapse.uplugin" 253
"../../../Engine/Plugins/VirtualProduction/ICVFX/ICVFX.uplugin" 254
"../../../Engine/Plugins/VirtualProduction/CaptureData/CaptureData.uplugin" 255
"../../../Engine/Plugins/VirtualProduction/RemoteControlProtocolDMX/RemoteControlProtocolDMX.uplugin" 256
"../../../Engine/Plugins/VirtualProduction/RemoteControl/RemoteControl.uplugin" 257
"../../../Engine/Plugins/VirtualProduction/PropertyAnimatorCore/PropertyAnimatorCore.uplugin" 258
"../../../Engine/Plugins/VirtualProduction/ICVFXTesting/ICVFXTesting.uplugin" 259
"../../../Engine/Plugins/Experimental/Volumetrics/Volumetrics.uplugin" 260
"../../../Engine/Plugins/VirtualProduction/RemoteControlWebInterface/RemoteControlWebInterface.uplugin" 261
"../../../Engine/Plugins/VirtualProduction/SceneState/SceneState.uplugin" 262
"../../../Engine/Plugins/VirtualProduction/RemoteControlProtocolOSC/RemoteControlProtocolOSC.uplugin" 263
"../../../Engine/Plugins/VirtualProduction/LiveLinkCamera/LiveLinkCamera.uplugin" 264
"../../../Engine/Plugins/VirtualProduction/SequencerPlaylists/SequencerPlaylists.uplugin" 265
"../../../Engine/Plugins/Tests/EditorTests/EditorTests.uplugin" 266
"../../../Engine/Plugins/VirtualProduction/LiveLinkLens/LiveLinkLens.uplugin" 267
"../../../Engine/Plugins/VirtualProduction/StormSync/StormSync.uplugin" 268
"../../../Engine/Plugins/Tests/FbxAutomationTestBuilder/FbxAutomationTestBuilder.uplugin" 269
"../../../Engine/Plugins/Tests/PythonAutomationTest/PythonAutomationTest.uplugin" 270
"../../../Engine/Plugins/VirtualProduction/StageMonitoring/StageMonitoring.uplugin" 271
"../../../Engine/Plugins/VirtualProduction/SVGImporter/SVGImporter.uplugin" 272
"../../../Engine/Plugins/VirtualProduction/Takes/Takes.uplugin" 273
"../../../Engine/Plugins/VirtualProduction/LevelSnapshots/LevelSnapshots.uplugin" 274
"../../../Engine/Plugins/Experimental/RazerChromaDevices/RazerChromaDevices.uplugin" 275
"../../../Engine/Plugins/Tests/RuntimeTests/RuntimeTests.uplugin" 276
"../../../Engine/Plugins/VirtualProduction/Text3D/Text3D.uplugin" 277
"../../../Engine/Plugins/VirtualProduction/GeometryMask/GeometryMask.uplugin" 278
"../../../Engine/Plugins/VirtualProduction/CameraCalibrationCore/CameraCalibrationCore.uplugin" 279
"../../../Engine/Plugins/Developer/CodeLiteSourceCodeAccess/CodeLiteSourceCodeAccess.uplugin" 280
"../../../Engine/Plugins/Developer/AnimationSharing/AnimationSharing.uplugin" 281
"../../../Engine/Plugins/Developer/DirectoryPlaceholder/DirectoryPlaceholder.uplugin" 282
"../../../Engine/Plugins/Developer/CLionSourceCodeAccess/CLionSourceCodeAccess.uplugin" 283
"../../../Engine/Plugins/Developer/BlankPlugin/BlankPlugin.uplugin" 284
"../../../Engine/Plugins/VirtualProduction/PropertyAnimator/PropertyAnimator.uplugin" 285
"../../../Engine/Plugins/Developer/GPUReshape/GPUReshape.uplugin" 286
"../../../Engine/Plugins/Developer/GitSourceControl/GitSourceControl.uplugin" 287
"../../../Engine/Plugins/Developer/FieldNotificationTrace/FieldNotificationTrace.uplugin" 288
"../../../Engine/Plugins/VirtualProduction/RemoteControlInterception/RemoteControlInterception.uplugin" 289
"../../../Engine/Plugins/Developer/NullSourceCodeAccess/NullSourceCodeAccess.uplugin" 290
"../../../Engine/Plugins/VirtualProduction/LiveLinkOpenTrackIO/LiveLinkOpenTrackIO.uplugin" 291
"../../../Engine/Plugins/Developer/PluginUtils/PluginUtils.uplugin" 292
"../../../Engine/Plugins/Developer/PlasticSourceControl/PlasticSourceControl.uplugin" 293
"../../../Engine/Plugins/Developer/OneSkyLocalizationService/OneSkyLocalizationService.uplugin" 294
"../../../Engine/Plugins/Developer/PropertyAccessNode/PropertyAccessNode.uplugin" 295
"../../../Engine/Plugins/VirtualProduction/OperatorStack/OperatorStack.uplugin" 296
"../../../Engine/Plugins/Developer/RiderSourceCodeAccess/RiderSourceCodeAccess.uplugin" 297
"../../../Engine/Plugins/VirtualProduction/LiveLinkInputDevice/LiveLinkInputDevice.uplugin" 298
"../../../Engine/Plugins/Developer/TextureFormatOodle/TextureFormatOodle.uplugin" 299
"../../../Engine/Plugins/VirtualProduction/VirtualScouting/VirtualScouting.uplugin" 300
"../../../Engine/Plugins/Developer/VisualStudioSourceCodeAccess/VisualStudioSourceCodeAccess.uplugin" 301
"../../../Engine/Plugins/VirtualProduction/VirtualCameraCore/VirtualCameraCore.uplugin" 302
"../../../Engine/Plugins/Developer/TraceSourceFiltering/TraceSourceFilters.uplugin" 303
"../../../Engine/Plugins/VirtualProduction/VirtualCamera/VirtualCamera.uplugin" 304
"../../../Engine/Plugins/Developer/XcodeGPUDebuggerPlugin/XcodeGPUDebuggerPlugin.uplugin" 305
"../../../Engine/Plugins/Enterprise/AxFImporter/AxFImporter.uplugin" 306
"../../../Engine/Plugins/VirtualProduction/PerformanceCaptureWorkflow/PerformanceCaptureWorkflow.uplugin" 307
"../../../Engine/Plugins/Developer/DumpGPUServices/DumpGPUServices.uplugin" 308
"../../../Engine/Plugins/Enterprise/DataprepEditor/DataprepEditor.uplugin" 309
"../../../Engine/Plugins/VirtualProduction/RemoteControlProtocolMIDI/RemoteControlProtocolMIDI.uplugin" 310
"../../../Engine/Plugins/Developer/VisualStudioCodeSourceCodeAccess/VisualStudioCodeSourceCodeAccess.uplugin" 311
"../../../Engine/Plugins/Developer/NamingTokens/NamingTokens.uplugin" 312
"../../../Engine/Plugins/Enterprise/DatasmithCADImporter/DatasmithCADImporter.uplugin" 313
"../../../Engine/Plugins/Developer/N10XSourceCodeAccess/N10XSourceCodeAccess.uplugin" 314
"../../../Engine/Plugins/Experimental/VirtualProductionUtilities/VirtualProductionUtilities.uplugin" 315
"../../../Engine/Plugins/Enterprise/DatasmithImporter/DatasmithImporter.uplugin" 316
"../../../Engine/Plugins/Developer/KDevelopSourceCodeAccess/KDevelopSourceCodeAccess.uplugin" 317
"../../../Engine/Plugins/VirtualProduction/SceneStateDataLink/SceneStateDataLink.uplugin" 318
"../../../Engine/Plugins/Enterprise/MDLImporter/MDLImporter.uplugin" 319
"../../../Engine/Plugins/Interchange/Assets/InterchangeAssets.uplugin" 320
"../../../Engine/Plugins/Enterprise/VariantManager/VariantManager.uplugin" 321
"../../../Engine/Plugins/Developer/PerforceSourceControl/PerforceSourceControl.uplugin" 322
"../../../Engine/Plugins/VirtualProduction/TextureShare/TextureShare.uplugin" 323
"../../../Engine/Plugins/Enterprise/LidarPointCloud/LidarPointCloud.uplugin" 324
"../../../Engine/Plugins/Marketplace/FabLauncher/FabLauncher.uplugin" 325
"../../../Engine/Plugins/Developer/SubversionSourceControl/SubversionSourceControl.uplugin" 326
"../../../Engine/Plugins/Marketplace/DLSS/DLSS.uplugin" 327
"../../../Engine/Plugins/Developer/UObjectPlugin/UObjectPlugin.uplugin" 328
"../../../Engine/Plugins/Marketplace/Streamline/Streamline.uplugin" 329
"../../../Engine/Plugins/Developer/RenderDocPlugin/RenderDocPlugin.uplugin" 330
"../../../Engine/Plugins/Marketplace/StreamlineDeepDVC/StreamlineDeepDVC.uplugin" 331
"../../../Engine/Plugins/Messaging/MessagingDebugger/MessagingDebugger.uplugin" 332
"../../../Engine/Plugins/VirtualProduction/TimedDataMonitor/TimedDataMonitor.uplugin" 333
"../../../Engine/Plugins/Runtime/ADM/ADM.uplugin" 334
"../../../Engine/Plugins/Enterprise/VariantManagerContent/VariantManagerContent.uplugin" 335
"../../../Engine/Plugins/Enterprise/DatasmithFBXImporter/DatasmithFBXImporter.uplugin" 336
"../../../Engine/Plugins/Enterprise/DatasmithC4DImporter/DatasmithC4DImporter.uplugin" 337
"../../../Engine/Plugins/Messaging/UdpMessaging/UdpMessaging.uplugin" 338
"../../../Engine/Plugins/Developer/PixWinPlugin/PixWinPlugin.uplugin" 339
"../../../Engine/Plugins/Runtime/ActorLayerUtilities/ActorLayerUtilities.uplugin" 340
"../../../Engine/Plugins/NNE/NNERuntimeORT/NNERuntimeORT.uplugin" 341
"../../../Engine/Plugins/Marketplace/StreamlineDLSSG/StreamlineDLSSG.uplugin" 342
"../../../Engine/Plugins/Interchange/Runtime/Interchange.uplugin" 343
"../../../Engine/Plugins/Performance/AutomatedPerfTesting/AutomatedPerfTesting.uplugin" 344
"../../../Engine/Plugins/Developer/XCodeSourceCodeAccess/XCodeSourceCodeAccess.uplugin" 345
"../../../Engine/Plugins/Runtime/AnimationBudgetAllocator/AnimationBudgetAllocator.uplugin" 346
"../../../Engine/Plugins/Runtime/AndroidBackgroundService/AndroidBackgroundService.uplugin" 347
"../../../Engine/Plugins/Marketplace/StreamlineCore/StreamlineCore.uplugin" 348
"../../../Engine/Plugins/Runtime/AppleMoviePlayer/AppleMoviePlayer.uplugin" 349
"../../../Engine/Plugins/Developer/ProjectLauncher/ProjectLauncher.uplugin" 350
"../../../Engine/Plugins/Runtime/ArchVisCharacter/ArchVisCharacter.uplugin" 351
"../../../Engine/Plugins/Marketplace/StreamlineNGXCommon/StreamlineNGXCommon.uplugin" 352
"../../../Engine/Plugins/VirtualProduction/LiveLinkPrestonMDR/LiveLinkPrestonMDR.uplugin" 353
"../../../Engine/Plugins/Runtime/AndroidFileServer/AndroidFileServer.uplugin" 354
"../../../Engine/Plugins/Enterprise/GLTFExporter/GLTFExporter.uplugin" 355
"../../../Engine/Plugins/Runtime/AudioModulation/AudioModulation.uplugin" 356
"../../../Engine/Plugins/Runtime/AudioMotorSim/AudioMotorSim.uplugin" 357
"../../../Engine/Plugins/NNE/NNEDenoiser/NNEDenoiser.uplugin" 358
"../../../Engine/Plugins/Runtime/CableComponent/CableComponent.uplugin" 359
"../../../Engine/Plugins/Interchange/Editor/InterchangeEditor.uplugin" 360
"../../../Engine/Plugins/Runtime/ComputeFramework/ComputeFramework.uplugin" 361
"../../../Engine/Plugins/VirtualProduction/StormSyncAvalancheBridge/StormSyncAvalancheBridge.uplugin" 362
"../../../Engine/Plugins/Runtime/CustomMeshComponent/CustomMeshComponent.uplugin" 363
"../../../Engine/Plugins/Marketplace/NIS/NIS.uplugin" 364
"../../../Engine/Plugins/Runtime/DataRegistry/DataRegistry.uplugin" 365
"../../../Engine/Plugins/Messaging/TcpMessaging/TcpMessaging.uplugin" 366
"../../../Engine/Plugins/Runtime/Firebase/Firebase.uplugin" 367
"../../../Engine/Plugins/Performance/PerformanceMonitor/PerformanceMonitor.uplugin" 368
"../../../Engine/Plugins/Runtime/ExampleDeviceProfileSelector/ExampleDeviceProfileSelector.uplugin" 369
"../../../Engine/Plugins/Marketplace/StreamlineReflex/StreamlineReflex.uplugin" 370
"../../../Engine/Plugins/Runtime/GameFeatures/GameFeatures.uplugin" 371
"../../../Engine/Plugins/Runtime/GameplayAbilities/GameplayAbilities.uplugin" 372
"../../../Engine/Plugins/Runtime/GeoReferencing/GeoReferencing.uplugin" 373
"../../../Engine/Plugins/Runtime/GeometryProcessing/GeometryProcessing.uplugin" 374
"../../../Engine/Plugins/Runtime/GameInput/GameInput.uplugin" 375
"../../../Engine/Plugins/Runtime/AudioWidgets/AudioWidgets.uplugin" 376
"../../../Engine/Plugins/Runtime/GoogleCloudMessaging/GoogleCloudMessaging.uplugin" 377
"../../../Engine/Plugins/Runtime/AndroidMoviePlayer/AndroidMoviePlayer.uplugin" 378
"../../../Engine/Plugins/Runtime/AndroidDeviceProfileSelector/AndroidDeviceProfileSelector.uplugin" 379
"../../../Engine/Plugins/Runtime/GeometryScripting/GeometryScripting.uplugin" 380
"../../../Engine/Plugins/Runtime/GooglePAD/GooglePAD.uplugin" 381
"../../../Engine/Plugins/Runtime/CommonUI/CommonUI.uplugin" 382
"../../../Engine/Plugins/Runtime/Harmonix/Harmonix.uplugin" 383
"../../../Engine/Plugins/VirtualProduction/CompositePlane/CompositePlane.uplugin" 384
"../../../Engine/Plugins/Runtime/InputDebugging/InputDebugging.uplugin" 385
"../../../Engine/Plugins/Runtime/HTTPChunkInstaller/HTTPChunkInstaller.uplugin" 386
"../../../Engine/Plugins/Runtime/HPMotionController/HPMotionController.uplugin" 387
"../../../Engine/Plugins/Runtime/GameplayBehaviorSmartObjects/GameplayBehaviorSmartObjects.uplugin" 388
"../../../Engine/Plugins/Runtime/InstancedActors/InstancedActors.uplugin" 389
"../../../Engine/Plugins/Runtime/GameplayStateTree/GameplayStateTree.uplugin" 390
"../../../Engine/Plugins/Runtime/HairStrands/HairStrands.uplugin" 391
"../../../Engine/Plugins/Runtime/LocationServicesAndroidImpl/LocationServicesAndroidImpl.uplugin" 392
"../../../Engine/Plugins/Runtime/MassEntity/MassEntity.uplugin" 393
"../../../Engine/Plugins/VirtualProduction/Switchboard/Switchboard.uplugin" 394
"../../../Engine/Plugins/Runtime/LevelStreamingPersistence/LevelStreamingPersistence.uplugin" 395
"../../../Engine/Plugins/Runtime/AudioCapture/AudioCapture.uplugin" 396
"../../../Engine/Plugins/Runtime/ApexDestruction/ApexDestruction.uplugin" 397
"../../../Engine/Plugins/Runtime/MixedRealityCaptureFramework/MixedRealityCaptureFramework.uplugin" 398
"../../../Engine/Plugins/Runtime/ModelViewViewModel/ModelViewViewModel.uplugin" 399
"../../../Engine/Plugins/Runtime/MultiServerReplication/MultiServerReplication.uplugin" 400
"../../../Engine/Plugins/Runtime/GeometryCache/GeometryCache.uplugin" 401
"../../../Engine/Plugins/Runtime/ChunkDownloader/ChunkDownloader.uplugin" 402
"../../../Engine/Plugins/Enterprise/DatasmithContent/DatasmithContent.uplugin" 403
"../../../Engine/Plugins/Runtime/NavCorridor/NavCorridor.uplugin" 404
"../../../Engine/Plugins/Runtime/nDisplay/nDisplay.uplugin" 405
"../../../Engine/Plugins/Marketplace/DLSSMoviePipelineSupport/DLSSMoviePipelineSupport.uplugin" 406
"../../../Engine/Plugins/Runtime/MsQuic/MsQuic.uplugin" 407
"../../../Engine/Plugins/Runtime/HDRIBackdrop/HDRIBackdrop.uplugin" 408
"../../../Engine/Plugins/Runtime/NetworkPredictionInsights/NetworkPredictionInsights.uplugin" 409
"../../../Engine/Plugins/Runtime/GameplayInteractions/GameplayInteractions.uplugin" 410
"../../../Engine/Plugins/Runtime/MobilePatchingUtils/MobilePatchingUtils.uplugin" 411
"../../../Engine/Plugins/Runtime/OpenCV/OpenCV.uplugin" 412
"../../../Engine/Plugins/Runtime/AssetTags/AssetTags.uplugin" 413
"../../../Engine/Plugins/Runtime/AndroidPermission/AndroidPermission.uplugin" 414
"../../../Engine/Plugins/Runtime/IOSDeviceProfileSelector/IOSDeviceProfileSelector.uplugin" 415
"../../../Engine/Plugins/Runtime/LocationServicesBPLibrary/LocationServicesBPLibrary.uplugin" 416
"../../../Engine/Plugins/Runtime/LiveLinkOvernDisplay/LiveLinkOverNDisplay.uplugin" 417
"../../../Engine/Plugins/Runtime/LocationServicesIOSImpl/LocationServicesIOSImpl.uplugin" 418
"../../../Engine/Plugins/Runtime/OpenXRMsftHandInteraction/OpenXRMsftHandInteraction.uplugin" 419
"../../../Engine/Plugins/Runtime/AppleImageUtils/AppleImageUtils.uplugin" 420
"../../../Engine/Plugins/Runtime/OpenXRViveTracker/OpenXRViveTracker.uplugin" 421
"../../../Engine/Plugins/Runtime/PreLoadScreenMoviePlayer/PreLoadScreenMoviePlayer.uplugin" 422
"../../../Engine/Plugins/Runtime/ReplicationSystemTestPlugin/ReplicationSystemTestPlugin.uplugin" 423
"../../../Engine/Plugins/Runtime/MeshModelingToolset/MeshModelingToolset.uplugin" 424
"../../../Engine/Plugins/Runtime/ReplicationGraph/ReplicationGraph.uplugin" 425
"../../../Engine/Plugins/Runtime/MIDIDevice/MIDIDevice.uplugin" 426
"../../../Engine/Plugins/Runtime/SoundFields/SoundFields.uplugin" 427
"../../../Engine/Plugins/Runtime/ModularGameplay/ModularGameplay.uplugin" 428
"../../../Engine/Plugins/Runtime/ExternalGPUStatistics/ExternalGPUStatistics.uplugin" 429
"../../../Engine/Plugins/Runtime/SmartObjects/SmartObjects.uplugin" 430
"../../../Engine/Plugins/Runtime/SkeletalMerging/SkeletalMerging.uplugin" 431
"../../../Engine/Plugins/Runtime/MusicEnvironment/MusicEnvironment.uplugin" 432
"../../../Engine/Plugins/Runtime/SoundCueTemplates/SoundCueTemplates.uplugin" 433
"../../../Engine/Plugins/Runtime/RigVM/RigVM.uplugin" 434
"../../../Engine/Plugins/Runtime/IOSReplayKit/IOSReplayKit.uplugin" 435
"../../../Engine/Plugins/Runtime/Soundscape/Soundscape.uplugin" 436
"../../../Engine/Plugins/Runtime/NetworkPrediction/NetworkPrediction.uplugin" 437
"../../../Engine/Plugins/Runtime/ScriptableToolsFramework/ScriptableToolsFramework.uplugin" 438
"../../../Engine/Plugins/Runtime/SoundMod/SoundMod.uplugin" 439
"../../../Engine/Plugins/Runtime/SoundUtilities/SoundUtilities.uplugin" 440
"../../../Engine/Plugins/Runtime/OpenXR/OpenXR.uplugin" 441
"../../../Engine/Plugins/Runtime/StateTree/StateTree.uplugin" 442
"../../../Engine/Plugins/Runtime/OpenXREyeTracker/OpenXREyeTracker.uplugin" 443
"../../../Engine/Plugins/Runtime/Synthesis/Synthesis.uplugin" 444
"../../../Engine/Plugins/Runtime/OptionalMobileFeaturesBPLibrary/OptionalMobileFeaturesBPLibrary.uplugin" 445
"../../../Engine/Plugins/Runtime/OSC/OSC.uplugin" 446
"../../../Engine/Plugins/Runtime/WebBrowserNativeProxy/WebBrowserNativeProxy.uplugin" 447
"../../../Engine/Plugins/Runtime/WebBrowserWidget/WebBrowserWidget.uplugin" 448
"../../../Engine/Plugins/Runtime/WebMMoviePlayer/WebMMoviePlayer.uplugin" 449
"../../../Engine/Plugins/Runtime/MicrosoftSpatialAudio/MicroSoftSpatialSound.uplugin" 450
"../../../Engine/Plugins/Runtime/XRBase/XRBase.uplugin" 451
"../../../Engine/Plugins/Runtime/PropertyAccess/PropertyAccessEditor.uplugin" 452
"../../../Engine/Plugins/Runtime/WindowsDeviceProfileSelector/WindowsDeviceProfileSelector.uplugin" 453
"../../../Engine/Plugins/Runtime/Metasound/Metasound.uplugin" 454
"../../../Engine/Plugins/Media/AjaMedia/AjaMedia.uplugin" 455
"../../../Engine/Plugins/Runtime/OpenXRHandTracking/OpenXRHandTracking.uplugin" 456
"../../../Engine/Plugins/Runtime/MassGameplay/MassGameplay.uplugin" 457
"../../../Engine/Plugins/Runtime/RenderTrace/RenderTrace.uplugin" 458
"../../../Engine/Plugins/Media/AndroidCamera/AndroidCamera.uplugin" 459
"../../../Engine/Plugins/Media/AndroidMedia/AndroidMedia.uplugin" 460
"../../../Engine/Plugins/Importers/USDImporter/USDImporter.uplugin" 461
"../../../Engine/Plugins/Importers/AlembicHairImporter/AlembicHairImporter.uplugin" 462
"../../../Engine/Plugins/Runtime/ResonanceAudio/ResonanceAudio.uplugin" 463
"../../../Engine/Plugins/Runtime/ProceduralMeshComponent/ProceduralMeshComponent.uplugin" 464
"../../../Engine/Plugins/Media/AvidDNxHDDecoderElectra/AvidDNxHDDecoderElectra.uplugin" 465
"../../../Engine/Plugins/Runtime/WarpUtils/WarpUtils.uplugin" 466
"../../../Engine/Plugins/Runtime/WindowsMoviePlayer/WindowsMoviePlayer.uplugin" 467
"../../../Engine/Plugins/Media/BinkMedia/BinkMedia.uplugin" 468
"../../../Engine/Plugins/Importers/USDImporterMDL/USDImporterMDL.uplugin" 469
"../../../Engine/Plugins/Runtime/SignificanceManager/SignificanceManager.uplugin" 470
"../../../Engine/Plugins/Media/ElectraCodecs/ElectraCodecs.uplugin" 471
"../../../Engine/Plugins/Media/AudioCaptureTimecodeProvider/AudioCaptureTimecodeProvider.uplugin" 472
"../../../Engine/Plugins/Runtime/WaveTable/WaveTable.uplugin" 473
"../../../Engine/Plugins/Media/D3D12VideoDecodersElectra/D3D12VideoDecodersElectra.uplugin" 474
"../../../Engine/Plugins/Runtime/AudioSynesthesia/AudioSynesthesia.uplugin" 475
"../../../Engine/Plugins/Media/AvfMedia/AvfMedia.uplugin" 476
"../../../Engine/Plugins/Runtime/nDisplayModularFeatures/nDisplayModularFeatures.uplugin" 477
"../../../Engine/Plugins/Media/ElectraSubtitles/ElectraSubtitles.uplugin" 478
"../../../Engine/Plugins/Media/BlackmagicMedia/BlackmagicMedia.uplugin" 479
"../../../Engine/Plugins/Media/HardwareEncoders/HardwareEncoders.uplugin" 480
"../../../Engine/Plugins/Media/HAPDecoderElectra/HAPDecoderElectra.uplugin" 481
"../../../Engine/Plugins/Media/ImgMedia/ImgMedia.uplugin" 482
"../../../Engine/Plugins/Importers/USDMultiUser/USDMultiUser.uplugin" 483
"../../../Engine/Plugins/Media/LinearTimecode/LinearTimecode.uplugin" 484
"../../../Engine/Plugins/Runtime/USDCore/USDCore.uplugin" 485
"../../../Engine/Plugins/Media/ElectraPlayer/ElectraPlayer.uplugin" 486
"../../../Engine/Plugins/Media/MediaCompositing/MediaCompositing.uplugin" 487
"../../../Engine/Plugins/Media/MediaMovieStreamer/MediaMovieStreamer.uplugin" 488
"../../../Engine/Plugins/Media/AppleProResMedia/AppleProResMedia.uplugin" 489
"../../../Engine/Plugins/Media/MfMedia/MfMedia.uplugin" 490
"../../../Engine/Plugins/Media/MediaPlate/MediaPlate.uplugin" 491
"../../../Engine/Plugins/Media/MediaViewer/MediaViewer.uplugin" 492
"../../../Engine/Plugins/Media/AvidDNxMedia/AvidDNxMedia.uplugin" 493
"../../../Engine/Plugins/Runtime/PropertyBindingUtils/PropertyBindingUtils.uplugin" 494
"../../../Engine/Plugins/Runtime/LinuxDeviceProfileSelector/LinuxDeviceProfileSelector.uplugin" 495
"../../../Engine/Plugins/Media/PixelCapture/PixelCapture.uplugin" 496
"../../../Engine/Plugins/Media/MJPEGDecoderElectra/MJPEGDecoderElectra.uplugin" 497
"../../../Engine/Plugins/Media/VPxDecoderElectra/VPxDecoderElectra.uplugin" 498
"../../../Engine/Plugins/Media/PixelStreaming/PixelStreaming.uplugin" 499
"../../../Engine/Plugins/Media/MediaIOFramework/MediaIOFramework.uplugin" 500
"../../../Engine/Plugins/Runtime/NetworkPredictionExtras/NetworkPredictionExtras.uplugin" 501
"../../../Engine/Plugins/Media/ElectraUtil/ElectraUtil.uplugin" 502
"../../../Engine/Plugins/Runtime/Spatialization/Spatialization.uplugin" 503
"../../../Engine/Plugins/Media/HAPMedia/HAPMedia.uplugin" 504
"../../../Engine/Plugins/Protocols/MQTT/MQTT.uplugin" 505
"../../../Engine/Plugins/Media/PixelStreaming2/PixelStreaming2.uplugin" 506
"../../../Engine/Plugins/Media/MediaFrameworkUtilities/MediaFrameworkUtilities.uplugin" 507
"../../../Engine/Plugins/Media/TimecodeSynchronizer/TimecodeSynchronizer.uplugin" 508
"../../../Engine/Plugins/MovieScene/SequenceValidator/SequenceValidator.uplugin" 509
"../../../Engine/Plugins/AI/EnvironmentQueryEditor/EnvironmentQueryEditor.uplugin" 510
"../../../Engine/Plugins/Media/FlacDecoderElectra/FlacDecoderElectra.uplugin" 511
"../../../Engine/Plugins/Media/AppleProResDecoderElectra/AppleProResDecoderElectra.uplugin" 512
"../../../Engine/Plugins/AI/MassAI/MassAI.uplugin" 513
"../../../Engine/Plugins/Media/NDIMedia/NDIMedia.uplugin" 514
"../../../Engine/Plugins/MovieScene/ReplayTracks/ReplayTracks.uplugin" 515
"../../../Engine/Plugins/Runtime/SunPosition/SunPosition.uplugin" 516
"../../../Engine/Plugins/Runtime/ZoneGraph/ZoneGraph.uplugin" 517
"../../../Engine/Plugins/2D/Paper2D/Paper2D.uplugin" 518
"../../../Engine/Plugins/AI/MassCrowd/MassCrowd.uplugin" 519
"../../../Engine/Plugins/Media/MediaPlayerEditor/MediaPlayerEditor.uplugin" 520
"../../../Engine/Plugins/AI/AISupport/AISupport.uplugin" 521
"../../../Engine/Plugins/Runtime/WorldConditions/WorldConditions.uplugin" 522
"../../../Engine/Plugins/Animation/AnimationData/AnimationData.uplugin" 523
"../../../Engine/Plugins/Media/ElectraCDM/ElectraCDM.uplugin" 524
"../../../Engine/Plugins/Animation/ACLPlugin/ACLPlugin.uplugin" 525
"../../../Engine/Plugins/Importers/AlembicImporter/AlembicImporter.uplugin" 526
"../../../Engine/Plugins/Animation/AnimatorKit/AnimatorKit.uplugin" 527
"../../../Engine/Plugins/Slate/SlateScripting/SlateScripting.uplugin" 528
"../../../Engine/Plugins/Animation/AnimationWarping/AnimationWarping.uplugin" 529
"../../../Engine/Plugins/MovieScene/ActorSequence/ActorSequence.uplugin" 530
"../../../Engine/Plugins/Animation/BlendSpaceMotionAnalysis/BlendSpaceMotionAnalysis.uplugin" 531
"../../../Engine/Plugins/MovieScene/MovieSceneTextTrack/MovieSceneTextTrack.uplugin" 532
"../../../Engine/Plugins/Animation/BlendStack/BlendStack.uplugin" 533
"../../../Engine/Plugins/AI/HTNPlanner/HTNPlanner.uplugin" 534
"../../../Engine/Plugins/Animation/DeformerGraph/DeformerGraph.uplugin" 535
"../../../Engine/Plugins/Portal/LauncherChunkInstaller/LauncherChunkInstaller.uplugin" 536
"../../../Engine/Plugins/Animation/EaseCurveTool/EaseCurveTool.uplugin" 537
"../../../Engine/Plugins/Media/OpusDecoderElectra/OpusDecoderElectra.uplugin" 538
"../../../Engine/Plugins/MovieScene/MovieRenderPipeline/MovieRenderPipeline.uplugin" 539
"../../../Engine/Plugins/Animation/LiveLinkCurveDebugUI/LiveLinkCurveDebugUI.uplugin" 540
"../../../Engine/Plugins/Media/WebMMedia/WebMMedia.uplugin" 541
"../../../Engine/Plugins/Animation/GeneSplicer/GeneSplicer.uplugin" 542
"../../../Engine/Plugins/Animation/LiveLinkExampleDevice/LiveLinkExampleDevice.uplugin" 543
"../../../Engine/Plugins/Animation/IKRig/IKRig.uplugin" 544
"../../../Engine/Plugins/Media/WmfMedia/WmfMedia.uplugin" 545
"../../../Engine/Plugins/Animation/LiveLink/LiveLink.uplugin" 546
"../../../Engine/Plugins/Animation/LiveLinkHub/LiveLinkHub.uplugin" 547
"../../../Engine/Plugins/Animation/RigLogic/RigLogic.uplugin" 548
"../../../Engine/Plugins/Animation/PerformanceCaptureCore/PerformanceCaptureCore.uplugin" 549
"../../../Engine/Plugins/Animation/PoseSearch/PoseSearch.uplugin" 550
"../../../Engine/Plugins/Cameras/EngineCameras/EngineCameras.uplugin" 551
"../../../Engine/Plugins/MovieScene/CustomizableSequencerTracks/CustomizableSequencerTracks.uplugin" 552
"../../../Engine/Plugins/Runtime/ZoneGraphAnnotations/ZoneGraphAnnotations.uplugin" 553
"../../../Engine/Plugins/Animation/AnimationModifierLibrary/AnimationModifierLibrary.uplugin" 554
"../../../Engine/Plugins/Compositing/Composite/Composite.uplugin" 555
"../../../Engine/Plugins/Animation/ControlRigModules/ControlRigModules.uplugin" 556
"../../../Engine/Plugins/Animation/SkeletalMeshModelingTools/SkeletalMeshModelingTools.uplugin" 557
"../../../Engine/Plugins/Animation/DNACalib/DNACalib.uplugin" 558
"../../../Engine/Plugins/Editor/AssetManagerEditor/AssetManagerEditor.uplugin" 559
"../../../Engine/Plugins/Compositing/HoldoutComposite/HoldoutComposite.uplugin" 560
"../../../Engine/Plugins/Editor/AssetSearch/AssetSearch.uplugin" 561
"../../../Engine/Plugins/Animation/LiveLinkDevice/LiveLinkDevice.uplugin" 562
"../../../Engine/Plugins/MovieScene/TemplateSequence/TemplateSequence.uplugin" 563
"../../../Engine/Plugins/Compositing/OpenCVLensDistortion/OpenCVLensDistortion.uplugin" 564
"../../../Engine/Plugins/MovieScene/LevelSequenceEditor/LevelSequenceEditor.uplugin" 565
"../../../Engine/Plugins/Animation/MotionWarping/MotionWarping.uplugin" 566
"../../../Engine/Plugins/Editor/BlueprintHeaderView/BlueprintHeaderView.uplugin" 567
"../../../Engine/Plugins/Editor/AssetReferenceRestrictions/AssetReferenceRestrictions.uplugin" 568
"../../../Engine/Plugins/Editor/CryptoKeys/CryptoKeys.uplugin" 569
"../../../Engine/Plugins/Animation/LiveLinkUnrealDevice/LiveLinkUnrealDevice.uplugin" 570
"../../../Engine/Plugins/Editor/BlueprintMaterialTextureNodes/BlueprintMaterialTextureNodes.uplugin" 571
"../../../Engine/Plugins/Editor/ConsoleVariablesEditor/ConsoleVariables.uplugin" 572
"../../../Engine/Plugins/MovieScene/SequencerScripting/SequencerScripting.uplugin" 573
"../../../Engine/Plugins/MovieScene/MoviePipelineMaskRenderPass/MoviePipelineMaskRenderPass.uplugin" 574
"../../../Engine/Plugins/Cameras/GameplayCameras/GameplayCameras.uplugin" 575
"../../../Engine/Plugins/Editor/ColorGrading/ColorGrading.uplugin" 576
"../../../Engine/Plugins/Editor/GameplayTagsEditor/GameplayTagsEditor.uplugin" 577
"../../../Engine/Plugins/Editor/FacialAnimation/FacialAnimation.uplugin" 578
"../../../Engine/Plugins/Compositing/OpenColorIO/OpenColorIO.uplugin" 579
"../../../Engine/Plugins/Editor/EditorScriptingUtilities/EditorScriptingUtilities.uplugin" 580
"../../../Engine/Plugins/Editor/EditorDebugTools/EditorDebugTools.uplugin" 581
"../../../Engine/Plugins/Editor/EditorSysConfigAssistant/EditorSysConfigAssistant.uplugin" 582
"../../../Engine/Plugins/Editor/LandscapePatch/LandscapePatch.uplugin" 583
"../../../Engine/Plugins/Editor/AssetRegistryExport/AssetRegistryExport.uplugin" 584
"../../../Engine/Plugins/Editor/MeshLODToolset/MeshLODToolset.uplugin" 585
"../../../Engine/Plugins/Animation/AnimationLocomotionLibrary/AnimationLocomotionLibrary.uplugin" 586
"../../../Engine/Plugins/Editor/MaterialAnalyzer/MaterialAnalyzer.uplugin" 587
"../../../Engine/Plugins/Compositing/CompositeCore/CompositeCore.uplugin" 588
"../../../Engine/Plugins/Editor/GeometryMode/GeometryMode.uplugin" 589
"../../../Engine/Plugins/Compositing/LensDistortion/LensDistortion.uplugin" 590
"../../../Engine/Plugins/Editor/ModelViewViewModelPreview/ModelViewViewModelPreview.uplugin" 591
"../../../Engine/Plugins/Editor/SampleToolsEditorMode/SampleToolsEditorMode.uplugin" 592
"../../../Engine/Plugins/Editor/MobileLauncherProfileWizard/MobileLauncherProfileWizard.uplugin" 593
"../../../Engine/Plugins/Editor/MakeCookedEditorAsDLC/MakeCookedEditorAsDLC.uplugin" 594
"../../../Engine/Plugins/Editor/SequencerAnimTools/SequencerAnimTools.uplugin" 595
"../../../Engine/Plugins/Editor/ScriptableToolsEditorMode/ScriptableToolsEditorMode.uplugin" 596
"../../../Engine/Plugins/Cameras/CameraShakePreviewer/CameraShakePreviewer.uplugin" 597
"../../../Engine/Plugins/Editor/UMGWidgetPreview/UMGWidgetPreview.uplugin" 598
"../../../Engine/Plugins/Animation/ControlRigSpline/ControlRigSpline.uplugin" 599
"../../../Engine/Plugins/Animation/TweeningUtils/TweeningUtils.uplugin" 600
"../../../Engine/Plugins/Editor/UVEditor/UVEditor.uplugin" 601
"../../../Engine/Plugins/Editor/CurveEditorTools/CurveEditorTools.uplugin" 602
"../../../Engine/Plugins/Editor/WaveformEditor/WaveformEditor.uplugin" 603
"../../../Engine/Plugins/FX/NiagaraMRQ/NiagaraMRQ.uplugin" 604
"../../../Engine/Plugins/Editor/WorldPartitionHLODUtilities/WorldPartitionHLODUtilities.uplugin" 605
"../../../Engine/Plugins/Editor/EngineAssetDefinitions/EngineAssetDefinitions.uplugin" 606
"../../../Engine/Plugins/MetaHuman/MetaHumanCalibrationProcessing/MetaHumanCalibrationProcessing.uplugin" 607
"../../../Engine/Plugins/MetaHuman/MetaHumanCoreTechLib/MetaHumanCoreTech.uplugin" 608
"../../../Engine/Plugins/FX/CascadeToNiagaraConverter/CascadeToNiagaraConverter.uplugin" 609
"../../../Engine/Plugins/Editor/ModelingToolsEditorMode/ModelingToolsEditorMode.uplugin" 610
"../../../Engine/Plugins/FX/Niagara/Niagara.uplugin" 611
"../../../Engine/Plugins/FX/NiagaraPreviewContent/NiagaraPreviewContent.uplugin" 612
"../../../Engine/Plugins/Editor/StaticMeshEditorModeling/StaticMeshEditorModeling.uplugin" 613
"../../../Engine/Plugins/Animation/ControlRig/ControlRig.uplugin" 614
"../../../Engine/Plugins/Editor/SpeedTreeImporter/SpeedTreeImporter.uplugin" 615
"../../../Engine/Plugins/MetaHuman/MetaHumanCharacter/MetaHumanCharacter.uplugin" 616
"../../../Engine/Plugins/Slate/SlateInsights/SlateInsights.uplugin" 617
"../../../Engine/Plugins/Editor/PluginBrowser/PluginBrowser.uplugin" 618
"../../../Engine/Plugins/Online/EOSOverlayInputProvider/EOSOverlayInputProvider.uplugin" 619
"../../../Engine/Plugins/FX/NiagaraSimCaching/NiagaraSimCaching.uplugin" 620
"../../../Engine/Plugins/Online/OnlineFramework/OnlineFramework.uplugin" 621
"../../../Engine/Plugins/Online/OnlineFrameworkCommon/OnlineFrameworkCommon.uplugin" 622
"../../../Engine/Plugins/Online/OnlineServices/OnlineServices.uplugin" 623
"../../../Engine/Plugins/Online/OnlineBase/OnlineBase.uplugin" 624
"../../../Engine/Plugins/FX/Cascade/Cascade.uplugin" 625
"../../../Engine/Plugins/Online/OnlineServicesEOS/OnlineServicesEOS.uplugin" 626
"../../../Engine/Plugins/Online/EOSShared/EOSShared.uplugin" 627
"../../../Engine/Plugins/Editor/DisplayClusterLaunch/DisplayClusterLaunch.uplugin" 628
"../../../Engine/Plugins/Online/OnlineServicesEpicCommon/OnlineServicesEpicCommon.uplugin" 629
"../../../Engine/Plugins/Online/OnlineSubsystem/OnlineSubsystem.uplugin" 630
"../../../Engine/Plugins/FX/NiagaraNanite/NiagaraNanite.uplugin" 631
"../../../Engine/Plugins/Online/OnlineServicesOSSAdapter/OnlineServicesOSSAdapter.uplugin" 632
"../../../Engine/Plugins/FX/NiagaraFluids/NiagaraFluids.uplugin" 633
"../../../Engine/Plugins/Animation/GameplayInsights/GameplayInsights.uplugin" 634
"../../../Engine/Plugins/Online/OnlineSubsystemEOS/OnlineSubsystemEOS.uplugin" 635
"../../../Engine/Plugins/Online/OnlineSubsystemAmazon/OnlineSubsystemAmazon.uplugin" 636
"../../../Engine/Plugins/Online/OnlineSubsystemSteam/OnlineSubsystemSteam.uplugin" 637
"../../../Engine/Plugins/Online/OnlineSubsystemNull/OnlineSubsystemNull.uplugin" 638
"../../../Engine/Plugins/Editor/LiveUpdateForSlate/LiveUpdateForSlate.uplugin" 639
"../../../Engine/Plugins/Online/OnlineSubsystemTencent/OnlineSubsystemTencent.uplugin" 640
"../../../Engine/Plugins/Online/OnlineSubsystemGoogle/OnlineSubsystemGoogle.uplugin" 641
"../../../Engine/Plugins/Online/WebAuth/WebAuth.uplugin" 642
"../../../Engine/Plugins/Online/OnlineSubsystemUtils/OnlineSubsystemUtils.uplugin" 643
"../../../Engine/Plugins/Experimental/CharacterFXEditor/BaseCharacterFXEditor/BaseCharacterFXEditor.uplugin" 644
"../../../Engine/Plugins/MetaHuman/MetaHumanSDK/MetaHumanSDK.uplugin" 645
"../../../Engine/Plugins/Experimental/CharacterFXEditor/ExampleCharacterFXEditor/ExampleCharacterFXEditor.uplugin" 646
"../../../Engine/Plugins/Editor/ChangelistReview/ChangelistReview.uplugin" 647
"../../../Engine/Plugins/Experimental/MetaHuman/MetaHumanCalibrationDiagnostics/MetaHumanCalibrationDiagnostics.uplugin" 648
"../../../Engine/Plugins/Experimental/MetaHuman/MetaHumanCharacterUAF/MetaHumanCharacterUAF.uplugin" 649
"../../../Engine/Plugins/Runtime/Advertising/IOSTapJoy/IOSTapJoy.uplugin" 650
"../../../Engine/Plugins/Experimental/MetaHuman/MetaHumanRuntime/MetaHumanRuntime.uplugin" 651
"../../../Engine/Plugins/Runtime/Windows/WinDualShock/WinDualShock.uplugin" 652
"../../../Engine/Plugins/Editor/GuidedTutorials/GuidedTutorials.uplugin" 653
"../../../Engine/Plugins/Experimental/VirtualProduction/VPRoles/VPRoles.uplugin" 654
"../../../Engine/Plugins/Runtime/Windows/XInputDevice/XInputDevice.uplugin" 655
"../../../Engine/Plugins/FX/ExampleCustomDataInterface/ExampleCustomDataInterface.uplugin" 656
"../../../Engine/Plugins/Experimental/VirtualProduction/LedWallCalibration/LedWallCalibration.uplugin" 657
"../../../Engine/Plugins/Online/OnlineServicesNull/OnlineServicesNull.uplugin" 658
"../../../Engine/Plugins/Experimental/VirtualProduction/VPSettings/VPSettings.uplugin" 659
"../../../Engine/Plugins/Online/OnlineSubsystemFacebook/OnlineSubsystemFacebook.uplugin" 660
"../../../Engine/Plugins/Runtime/Steam/SteamController/SteamController.uplugin" 661
"../../../Engine/Plugins/Animation/MLDeformer/ChaosFleshGenerator/ChaosFleshGenerator.uplugin" 662
"../../../Engine/Plugins/Editor/StylusInput/StylusInput.uplugin" 663
"../../../Engine/Plugins/Animation/MLDeformer/ChaosClothGenerator/ChaosClothGenerator.uplugin" 664
"../../../Engine/Plugins/Editor/DataValidation/DataValidation.uplugin" 665
"../../../Engine/Plugins/Experimental/Animation/Locomotor/Locomotor.uplugin" 666
"../../../Engine/Plugins/Online/SocketSubsystemSteamIP/SocketSubsystemSteamIP.uplugin" 667
"../../../Engine/Plugins/Experimental/Animation/CurveExpression/CurveExpression.uplugin" 668
"../../../Engine/Plugins/Experimental/Animation/MotionTrajectory/MotionTrajectory.uplugin" 669
"../../../Engine/Plugins/Experimental/Animation/HierarchyTableAnimation/HierarchyTableAnimation.uplugin" 670
"../../../Engine/Plugins/Experimental/Animation/HierarchyTable/HierarchyTable.uplugin" 671
"../../../Engine/Plugins/Developer/Concert/ConcertMain/ConcertMain.uplugin" 672
"../../../Engine/Plugins/Experimental/Animation/ContextualAnimation/ContextualAnimation.uplugin" 673
"../../../Engine/Plugins/Web/HttpBlueprint/HttpBlueprint.uplugin" 674
"../../../Engine/Plugins/Experimental/Animation/RigMapperOp/RigMapperOp.uplugin" 675
"../../../Engine/Plugins/Runtime/Steam/SteamAudio/SteamAudio.uplugin" 676
"../../../Engine/Plugins/Animation/MLDeformer/NeuralMorphModel/NeuralMorphModel.uplugin" 677
"../../../Engine/Plugins/Experimental/Animation/RelativeIKOp/RelativeIKOp.uplugin" 678
"../../../Engine/Plugins/Experimental/Animation/RigMapper/RigMapper.uplugin" 679
"../../../Engine/Plugins/Animation/MLDeformer/VertexDeltaModel/VertexDeltaModel.uplugin" 680
"../../../Engine/Plugins/Experimental/Animation/PackedAttributes/PackedAttributes.uplugin" 681
"../../../Engine/Plugins/Experimental/Enterprise/DatasmithInterchange/DatasmithInterchange.uplugin" 682
"../../../Engine/Plugins/Animation/MLDeformer/NearestNeighborModel/NearestNeighborModel.uplugin" 683
"../../../Engine/Plugins/Experimental/Animation/SkeletalMeshMorphTargetEditingTools/SkeletalMeshMorphTargetEditingTools.uplugin" 684
"../../../Engine/Plugins/Runtime/Steam/SteamSockets/SteamSockets.uplugin" 685
"../../../Engine/Plugins/Experimental/PCGInterops/PCGInstancedActorsInterop/PCGInstancedActorsInterop.uplugin" 686
"../../../Engine/Plugins/Experimental/PCGInterops/PCGFastGeoInterop/PCGFastGeoInterop.uplugin" 687
"../../../Engine/Plugins/Experimental/PCGInterops/PCGWaterInterop/PCGWaterInterop.uplugin" 688
"../../../Engine/Plugins/Experimental/PCGInterops/PCGNaniteAssembliesInterop/PCGNaniteAssembliesInterop.uplugin" 689
"../../../Engine/Plugins/Runtime/MeshReconstruction/DummyMeshReconstructor/DummyMeshReconstructor.uplugin" 690
"../../../Engine/Plugins/Editor/ProxyLODPlugin/ProxyLODPlugin.uplugin" 691
"../../../Engine/Plugins/Runtime/Database/ADOSupport/ADOSupport.uplugin" 692
"../../../Engine/Plugins/Interchange/Extensions/OpenUSD/InterchangeOpenUSD.uplugin" 693
"../../../Engine/Plugins/MetaHuman/MetaHumanLiveLink/MetaHumanLiveLink.uplugin" 694
"../../../Engine/Plugins/Runtime/Database/RemoteDatabaseSupport/RemoteDatabaseSupport.uplugin" 695
"../../../Engine/Plugins/VirtualProduction/Rivermax/RivermaxSync/RivermaxSync.uplugin" 696
"../../../Engine/Plugins/Online/Android/AndroidFetchBackgroundDownload/AndroidFetchBackgroundDownload.uplugin" 697
"../../../Engine/Plugins/MetaHuman/MetaHumanAnimator/MetaHuman.uplugin" 698
"../../../Engine/Plugins/Online/Android/OnlineSubsystemGooglePlay/OnlineSubsystemGooglePlay.uplugin" 699
"../../../Engine/Plugins/VirtualProduction/Rivermax/RivermaxCore/RivermaxCore.uplugin" 700
"../../../Engine/Plugins/Animation/MLDeformer/MLDeformerFramework/MLDeformerFramework.uplugin" 701
"../../../Engine/Plugins/Runtime/Analytics/Adjust/Adjust.uplugin" 702
"../../../Engine/Plugins/Online/SocketSubsystemEOS/SocketSubsystemEOS.uplugin" 703
"../../../Engine/Plugins/Runtime/Analytics/AnalyticsBlueprintLibrary/AnalyticsBlueprintLibrary.uplugin" 704
"../../../Engine/Plugins/Runtime/Analytics/FileLogging/FileLogging.uplugin" 705
"../../../Engine/Plugins/Online/OnlineSubsystemApple/OnlineSubsystemApple.uplugin" 706
"../../../Engine/Plugins/Editor/ContentBrowser/ContentBrowserAssetDataSource/ContentBrowserAssetDataSource.uplugin" 707
"../../../Engine/Plugins/Editor/ContentBrowser/ContentBrowserFileDataSource/ContentBrowserFileDataSource.uplugin" 708
"../../../Engine/Plugins/Editor/ContentBrowser/ContentBrowserClassDataSource/ContentBrowserClassDataSource.uplugin" 709
"../../../Engine/Plugins/Experimental/Enterprise/DatasmithRuntime/DatasmithRuntime.uplugin" 710
"../../../Engine/Plugins/Experimental/UAF/UAFControlRig/UAFControlRig.uplugin" 711
"../../../Engine/Plugins/AI/MLAdapter/MLAdapter.uplugin" 712
"../../../Engine/Plugins/Experimental/Enterprise/DataprepGeometryOperations/DataprepGeometryOperations.uplugin" 713
"../../../Engine/Plugins/Experimental/UAF/UAFAnimGraph/UAFAnimGraph.uplugin" 714
"../../../Engine/Plugins/Online/OnlineServicesEOSGS/OnlineServicesEOSGS.uplugin" 715
"../../../Engine/Plugins/Experimental/UAF/UAFMirroring/UAFMirroring.uplugin" 716
"../../../Engine/Plugins/Interchange/Extensions/OpenVDB/InterchangeOpenVDB.uplugin" 717
"../../../Engine/Plugins/Experimental/UAF/UAFPoseSearch/UAFPoseSearch.uplugin" 718
"../../../Engine/Plugins/VirtualProduction/CaptureManager/CaptureManagerCore/CaptureManagerCore.uplugin" 719
"../../../Engine/Plugins/Compositing/Composure/Composure.uplugin" 720
"../../../Engine/Plugins/Runtime/XR/XRScribe/XRScribe.uplugin" 721
"../../../Engine/Plugins/VirtualProduction/CaptureManager/CaptureManagerEditor/CaptureManagerEditor.uplugin" 722
"../../../Engine/Plugins/Runtime/Windows/WinVirtualKeyboard/WinVirtualKeyboard.uplugin" 723
"../../../Engine/Plugins/Runtime/XR/XRVisualization/XRVisualization.uplugin" 724
"../../../Engine/Plugins/Experimental/PCGInterops/PCGNiagaraInterop/PCGNiagaraInterop.uplugin" 725
"../../../Engine/Plugins/VirtualProduction/CaptureManager/CaptureManagerApp/CaptureManagerApp.uplugin" 726
"../../../Engine/Plugins/Experimental/Web/WebAPI/WebAPI.uplugin" 727
"../../../Engine/Plugins/VirtualProduction/CaptureManager/CaptureManagerDevices/CaptureManagerDevices.uplugin" 728
"../../../Engine/Plugins/VirtualProduction/DMX/DMXEngine/DMXEngine.uplugin" 729
"../../../Engine/Plugins/Editor/ContentBrowser/ContentBrowserAliasDataSource/ContentBrowserAliasDataSource.uplugin" 730
"../../../Engine/Plugins/Experimental/Animation/Optimus/Optimus.uplugin" 731
"../../../Engine/Plugins/Experimental/UAF/UAFStateTree/UAFStateTree.uplugin" 732
"../../../Engine/Plugins/Runtime/Database/SQLiteSupport/SQLiteSupport.uplugin" 733
"../../../Engine/Plugins/VirtualProduction/DMX/DMXProtocol/DMXProtocol.uplugin" 734
"../../../Engine/Plugins/Runtime/PacketHandlers/AESGCMHandlerComponent/AESGCMHandlerComponent.uplugin" 735
"../../../Engine/Plugins/Experimental/UAF/UAFTests/UAFTests.uplugin" 736
"../../../Engine/Plugins/Editor/Localization/PortableObjectFileDataSource/PortableObjectFileDataSource.uplugin" 737
"../../../Engine/Plugins/Runtime/Database/SQLiteCore/SQLiteCore.uplugin" 738
"../../../Engine/Plugins/Runtime/Nvidia/GeForceNOWWrapper/GeForceNOWWrapper.uplugin" 739
"../../../Engine/Plugins/Experimental/AVCodecs/NVCodecs/NVCodecs.uplugin" 740
"../../../Engine/Plugins/Experimental/UAF/UAFWarping/UAFWarping.uplugin" 741
"../../../Engine/Plugins/Experimental/Animation/TrajectoryTools/TrajectoryTools.uplugin" 742
"../../../Engine/Plugins/VirtualProduction/DMX/DMXControlConsole/DMXControlConsole.uplugin" 743
"../../../Engine/Plugins/Editor/ObjectMixer/ObjectMixer/ObjectMixer.uplugin" 744
"../../../Engine/Plugins/VirtualProduction/DMX/DMXGDTF/DMXGDTF.uplugin" 745
"../../../Engine/Plugins/Experimental/AVCodecs/AMFCodecs/AMFCodecs.uplugin" 746
"../../../Engine/Plugins/Experimental/AVCodecs/WMFCodecs/WMFCodecs.uplugin" 747
"../../../Engine/Plugins/Editor/MacGraphicsSwitching/MacGraphicsSwitching.uplugin" 748
"../../../Engine/Plugins/Editor/ObjectMixer/LightMixer/LightMixer.uplugin" 749
"../../../Engine/Plugins/Online/VoiceChat/EOSVoiceChat/EOSVoiceChat.uplugin" 750
"../../../Engine/Plugins/Experimental/AVCodecs/LibVpxCodecs/LibVpxCodecs.uplugin" 751
"../../../Engine/Plugins/Runtime/Steam/SteamShared/SteamShared.uplugin" 752
"../../../Engine/Plugins/VirtualProduction/DMX/DMXFixtures/DMXFixtures.uplugin" 753
"../../../Engine/Plugins/Online/IOS/OnlineSubsystemIOS/OnlineSubsystemIOS.uplugin" 754
"../../../Engine/Plugins/Developer/Concert/ConcertSync/ConcertSyncCore/ConcertSyncCore.uplugin" 755
"../../../Engine/Plugins/Developer/Concert/ConcertSync/ConcertSyncServer/ConcertSyncServer.uplugin" 756
"../../../Engine/Plugins/Runtime/AR/AppleAR/AppleARKit/AppleARKit.uplugin" 757
"../../../Engine/Plugins/Developer/Concert/ConcertUI/ConcertClientSharedSlate/ConcertClientSharedSlate.uplugin" 758
"../../../Engine/Plugins/VirtualProduction/DMX/DMXPixelMapping/DMXPixelMapping.uplugin" 759
"../../../Engine/Plugins/Developer/Concert/ConcertUI/ConcertSharedSlate/ConcertSharedSlate.uplugin" 760
"../../../Engine/Plugins/Online/VoiceChat/VoiceChat/VoiceChat.uplugin" 761
"../../../Engine/Plugins/Runtime/AR/AppleAR/AppleARKitFaceSupport/AppleARKitFaceSupport.uplugin" 762
"../../../Engine/Plugins/VirtualProduction/DMX/DMXModularFeatures/DMXModularFeatures.uplugin" 763
"../../../Engine/Plugins/Developer/Concert/ConcertInsights/ConcertInsightsClient/ConcertInsightsClient.uplugin" 764
"../../../Engine/Plugins/Experimental/Animation/MLDeformer/DetailPoseModel/DetailPoseModel.uplugin" 765
"../../../Engine/Plugins/Runtime/AR/ARUtilities/ARUtilities.uplugin" 766
"../../../Engine/Plugins/Developer/Concert/ConcertInsights/ConcertInsightsVisualizer/ConcertInsightsVisualizer.uplugin" 767
"../../../Engine/Plugins/Runtime/PacketHandlers/DTLSHandlerComponent/DTLSHandlerComponent.uplugin" 768
"../../../Engine/Plugins/Developer/Concert/ConcertApp/MultiUserClient/MultiUserClient.uplugin" 769
"../../../Engine/Plugins/Developer/Concert/ConcertApp/MultiUserServer/MultiUserServer.uplugin" 770
"../../../Engine/Plugins/Developer/Concert/ConcertScripting/ConcertReplicationScripting/ConcertReplicationScripting.uplugin" 771
"../../../Engine/Plugins/Runtime/Database/DatabaseSupport/DatabaseSupport.uplugin" 772
"../../../Engine/Plugins/Developer/Concert/ConcertInsights/ConcertInsightsCore/ConcertInsightsCore.uplugin" 773
"../../../Engine/Plugins/Runtime/PacketHandlers/AESHandlerComponent/AESHandlerComponent.uplugin" 774
"../../../Engine/Plugins/Runtime/Nvidia/Reflex/Reflex.uplugin" 775
"../../../Engine/Plugins/Experimental/AVCodecs/VTCodecs/VTCodecs.uplugin" 776
"../../../Engine/Plugins/Experimental/AVCodecs/AVCodecsCore/AVCodecsCore.uplugin" 777
"../../../Engine/Plugins/VirtualProduction/DMX/DatasmithMVR/DatasmithMVR.uplugin" 778
"../../../Engine/Plugins/Developer/Concert/ConcertSync/ConcertSyncClient/ConcertSyncClient.uplugin" 779
"../../../Engine/Plugins/Experimental/UAF/UAF/UAF.uplugin" 780
"../../../Engine/Plugins/Developer/Concert/ConcertSync/ConcertSyncTest/ConcertSyncTest.uplugin" 781
"../../../Engine/Plugins/Experimental/UAF/UAFChooser/UAFChooser.uplugin" 782
"../../../Engine/Plugins/Runtime/AR/Google/GoogleARCoreServices/GoogleARCoreServices.uplugin" 783
"../../../Engine/Plugins/Runtime/AR/Google/GoogleARCore/GoogleARCore.uplugin" 784
"../../../Engine/Plugins/Runtime/Analytics/AnalyticsMulticast/AnalyticsMulticast.uplugin" 785
"../../../Engine/Plugins/Developer/Concert/ConcertInsights/ConcertInsightsServer/ConcertInsightsServer.uplugin" 786
"../../../Engine/Plugins/VirtualProduction/Rivermax/RivermaxMedia/RivermaxMedia.uplugin" 787
"../../../Engine/Plugins/Developer/Concert/ConcertApp/DisasterRecoveryClient/DisasterRecoveryClient.uplugin" 788
"../../../Engine/Plugins/VirtualProduction/DMX/DMXDisplayCluster/DMXDisplayCluster.uplugin" 789
"../../../Engine/Platforms/Android/Plugins/Animation/ACLPlugin/ACLPlugin_Android.uplugin" 790
"../../../Engine/Platforms/Android/Plugins/Animation/RigLogic/RigLogic_Android.uplugin" 791
"../../../Engine/Platforms/IOS/Plugins/Animation/RigLogic/RigLogic_IOS.uplugin" 792
"../../../Engine/Content/Internationalization/icudt64l/cnvalias.icu" 793
"../../../Engine/Content/Internationalization/icudt64l/res_index.res" 794
"../../../Engine/Content/Internationalization/icudt64l/plurals.res" 795
"../../../Engine/Content/Internationalization/icudt64l/lang/pl.res" 796
"../../../Engine/Content/Internationalization/icudt64l/lang/pool.res" 797
"../../../Engine/Content/Internationalization/icudt64l/lang/root.res" 798
"../../../Engine/Content/Internationalization/icudt64l/region/pl.res" 799
"../../../Engine/Content/Internationalization/icudt64l/region/pool.res" 800
"../../../Engine/Content/Internationalization/icudt64l/region/root.res" 801
"../../../Engine/Content/Internationalization/icudt64l/lang/en.res" 802
"../../../Engine/Content/Internationalization/icudt64l/region/en.res" 803
"../../../Engine/Content/Internationalization/icudt64l/windowsZones.res" 804
"../../../Engine/Content/Internationalization/icudt64l/zoneinfo64.res" 805
"../../../Engine/Content/Internationalization/icudt64l/keyTypeData.res" 806
"../../../Engine/Content/Internationalization/icudt64l/timezoneTypes.res" 807
"../../../Engine/Content/Internationalization/icudt64l/likelySubtags.res" 808
"../../../Engine/Content/Internationalization/icudt64l/pl_PL.res" 809
"../../../Engine/Content/Internationalization/icudt64l/pool.res" 810
"../../../Engine/Content/Internationalization/icudt64l/pl.res" 811
"../../../Engine/Content/Internationalization/icudt64l/root.res" 812
"../../../Engine/Content/Internationalization/icudt64l/supplementalData.res" 813
"../../../Engine/Config/ConfigRedirects.ini" 814
"C:/Users/Admin/AppData/Local/UnrealEngine/5.7/Saved/Config/WindowsEditor/Manifest.ini" 815
"../../../Engine/Config/BaseEngine.ini" 816
"../../../Engine/Config/Windows/BaseWindowsEngine.ini" 817
"D:/Vacui Projects/SeaHorse/SeaHorse/Config/DefaultEngine.ini" 818
"D:/Vacui Projects/SeaHorse/SeaHorse/Saved/Config/WindowsEditor/Engine.ini" 819
"../../../Engine/Config/BaseGame.ini" 820
"D:/Vacui Projects/SeaHorse/SeaHorse/Config/DefaultGame.ini" 821
"../../../Engine/Config/Windows/WindowsGame.ini" 822
"D:/Vacui Projects/SeaHorse/SeaHorse/Saved/Config/WindowsEditor/Game.ini" 823
"../../../Engine/Config/BaseInput.ini" 824
"../../../Engine/Config/Windows/BaseWindowsInput.ini" 825
"D:/Vacui Projects/SeaHorse/SeaHorse/Config/DefaultInput.ini" 826
"../../../Engine/Config/Windows/WindowsInput.ini" 827
"D:/Vacui Projects/SeaHorse/SeaHorse/Saved/Config/WindowsEditor/Input.ini" 828
"../../../Engine/Config/BaseDeviceProfiles.ini" 829
"../../../Engine/Config/BaseGameUserSettings.ini" 830
"D:/Vacui Projects/SeaHorse/SeaHorse/Saved/Config/WindowsEditor/GameUserSettings.ini" 831
"../../../Engine/Config/BaseScalability.ini" 832
"../../../Engine/Config/BaseRuntimeOptions.ini" 833
"../../../Engine/Config/BaseInstallBundle.ini" 834
"../../../Engine/Config/BaseHardware.ini" 835
"D:/Vacui Projects/SeaHorse/SeaHorse/Config/DefaultGameplayTags.ini" 836
"../../../Engine/Config/BaseCompat.ini" 837
"../../../Engine/Config/BaseLightmass.ini" 838
"../../../Engine/Config/BaseEditor.ini" 839
"D:/Vacui Projects/SeaHorse/SeaHorse/Config/DefaultEditor.ini" 840
"D:/Vacui Projects/SeaHorse/SeaHorse/Saved/Config/WindowsEditor/Editor.ini" 841
"../../../Engine/Config/BaseMaterialExpressions.ini" 842
"../../../Engine/Config/BaseEditorPerProjectUserSettings.ini" 843
"../../../Engine/Config/Windows/WindowsEditorPerProjectUserSettings.ini" 844
"D:/Vacui Projects/SeaHorse/SeaHorse/Saved/Config/WindowsEditor/EditorPerProjectUserSettings.ini" 845
"../../../Engine/Config/BaseEditorSettings.ini" 846
"../../../Engine/Config/Windows/WindowsEditorSettings.ini" 847
"C:/Users/Admin/AppData/Local/UnrealEngine/5.7/Saved/Config/WindowsEditor/EditorSettings.ini" 848
"../../../Engine/Config/BaseEditorKeyBindings.ini" 849
"C:/Users/Admin/AppData/Local/UnrealEngine/5.7/Saved/Config/WindowsEditor/EditorKeyBindings.ini" 850
"C:/Users/Admin/AppData/Local/UnrealEngine/5.7/Saved/Config/WindowsEditor/EditorLayout.ini" 851
"D:/Vacui Projects/SeaHorse/SeaHorse/Intermediate/CachedAssetRegistryDiscovery.bin" 852
"D:/Vacui Projects/SeaHorse/SeaHorse/Binaries/Win64/SeaHorse.target" 853
"D:/Vacui Projects/SeaHorse/SeaHorse/Binaries/Win64/SeaHorseEditor.target" 854
"../../../Engine/Config/Android/BaseAndroidEngine.ini" 855
"../../../Engine/Config/Linux/BaseLinuxEngine.ini" 856
"../../../Engine/Config/Mac/BaseMacEngine.ini" 857
"../../../Engine/Config/IOS/BaseIOSEngine.ini" 858
"../../../Engine/Config/Android/AndroidEngine.ini" 859
"../../../Engine/Platforms/VisionOS/Config/BaseVisionOSEngine.ini" 860
"../../../Engine/Config/TVOS/TVOSEngine.ini" 861
"../../../Engine/Config/Unix/UnixEngine.ini" 862
"../../../Engine/Config/Linux/LinuxEngine.ini" 863
"../../../Engine/Platforms/VisionOS/Config/VisionOSEngine.ini" 864
"../../../Engine/Config/Android/BaseAndroidGame.ini" 865
"../../../Engine/Config/IOS/BaseIOSGame.ini" 866
"../../../Engine/Config/Mac/MacGame.ini" 867
"../../../Engine/Config/IOS/IOSGame.ini" 868
"../../../Engine/Config/Android/BaseAndroidInput.ini" 869
"../../../Engine/Config/Linux/LinuxGame.ini" 870
"../../../Engine/Config/Mac/BaseMacInput.ini" 871
"../../../Engine/Config/IOS/BaseIOSInput.ini" 872
"../../../Engine/Config/Android/AndroidScalability.ini" 873
"../../../Engine/Config/IOS/IOSScalability.ini" 874
"../../../Engine/Config/Android/BaseAndroidInstallBundle.ini" 875
"../../../Engine/Config/IOS/BaseIOSInstallBundle.ini" 876
"../../../Engine/Config/PluginBase.ini" 877
"../../../Engine/Plugins/ChaosVD/Config/DefaultChaosVD.ini" 878
"../../../Engine/Plugins/EnhancedInput/Config/BaseEnhancedInput.ini" 879
"../../../Engine/Plugins/Fab/Config/BaseFab.ini" 880
"../../../Engine/Plugins/TraceUtilities/Config/BaseTraceUtilities.ini" 881
"../../../Engine/Plugins/Experimental/FullBodyIK/Config/BaseFullBodyIK.ini" 882
"../../../Engine/Plugins/Experimental/ToolPresets/Config/BaseToolPresets.ini" 883
"../../../Engine/Plugins/VirtualProduction/Takes/Config/BaseTakes.ini" 884
"../../../Engine/Plugins/Enterprise/DatasmithContent/Config/BaseDatasmithContent.ini" 885
"../../../Engine/Plugins/Enterprise/GLTFExporter/Config/BaseGLTFExporter.ini" 886
"../../../Engine/Plugins/Enterprise/GLTFExporter/Config/DefaultGLTFExporter.ini" 887
"../../../Engine/Plugins/Enterprise/VariantManagerContent/Config/BaseVariantManagerContent.ini" 888
"../../../Engine/Plugins/Interchange/Assets/Config/BaseInterchangeAssets.ini" 889
"../../../Engine/Plugins/Interchange/Runtime/Config/BaseInterchange.ini" 890
"../../../Engine/Plugins/Runtime/CommonUI/Config/BaseCommonUI.ini" 891
"../../../Engine/Plugins/Runtime/HairStrands/Config/BaseHairStrands.ini" 892
"../../../Engine/Plugins/Runtime/Metasound/Config/BaseMetasound.ini" 893
"../../../Engine/Plugins/Runtime/Metasound/Config/DefaultMetasound.ini" 894
"../../../Engine/Plugins/Runtime/PropertyBindingUtils/Config/BasePropertyBindingUtils.ini" 895
"../../../Engine/Plugins/Runtime/RigVM/Config/BaseRigVM.ini" 896
"../../../Engine/Plugins/Runtime/StateTree/Config/BaseStateTree.ini" 897
"../../../Engine/Plugins/Runtime/USDCore/Config/BaseUSDCore.ini" 898
"../../../Engine/Plugins/Runtime/Synthesis/Config/BaseSynthesis.ini" 899
"../../../Engine/Plugins/2D/Paper2D/Config/BasePaper2D.ini" 900
"../../../Engine/Plugins/Animation/DeformerGraph/Config/BaseDeformerGraph.ini" 901
"../../../Engine/Plugins/Animation/ControlRig/Config/BaseControlRig.ini" 902
"../../../Engine/Plugins/Animation/IKRig/Config/BaseIKRig.ini" 903
"../../../Engine/Plugins/Animation/LiveLink/Config/BaseLiveLink.ini" 904
"../../../Engine/Plugins/Compositing/CompositeCore/Config/BaseCompositeCore.ini" 905
"../../../Engine/Plugins/Cameras/GameplayCameras/Config/BaseGameplayCameras.ini" 906
"../../../Engine/Plugins/Editor/EditorScriptingUtilities/Config/BaseEditorScriptingUtilities.ini" 907
"../../../Engine/Plugins/FX/Niagara/Config/BaseNiagara.ini" 908
"D:/Vacui Projects/SeaHorse/SeaHorse/Saved/Config/WindowsEditor/Niagara.ini" 909
"../../../Engine/Plugins/MetaHuman/MetaHumanSDK/Config/BaseMetaHumanSDK.ini" 910
"../../../Engine/Plugins/Developer/Concert/ConcertSync/ConcertSyncCore/Config/BaseConcertSyncCore.ini" 911
"../../../Engine/Plugins/ChaosVD/Config/Engine.ini" 912
"../../../Engine/Plugins/EnhancedInput/Config/Input.ini" 913
"../../../Engine/Plugins/Runtime/InputDebugging/Config/Input.ini" 914
"../../../Engine/Plugins/Runtime/Windows/XInputDevice/Config/Input.ini" 915
"../../../Engine/Plugins/NNE/NNEDenoiser/Config/Game.ini" 916
"../../../Engine/Plugins/Runtime/RigVM/Config/Editor.ini" 917
"../../../Engine/Plugins/Online/OnlineSubsystemUtils/Config/Editor.ini" 918
"../../../Engine/Plugins/Editor/ModelingToolsEditorMode/Binaries/Win64/UnrealEditor.modules" 919
"../../../Engine/Plugins/Runtime/MeshModelingToolset/Binaries/Win64/UnrealEditor.modules" 920
"../../../Engine/Plugins/Experimental/MeshModelingToolsetExp/Binaries/Win64/UnrealEditor.modules" 921
"../../../Engine/Plugins/Editor/MeshLODToolset/Binaries/Win64/UnrealEditor.modules" 922
"../../../Engine/Plugins/Experimental/ToolPresets/Binaries/Win64/UnrealEditor.modules" 923
"../../../Engine/Plugins/Editor/StylusInput/Binaries/Win64/UnrealEditor.modules" 924
"../../../Engine/Plugins/Runtime/GeometryProcessing/Binaries/Win64/UnrealEditor.modules" 925
"../../../Engine/Plugins/Editor/ProxyLODPlugin/Binaries/Win64/UnrealEditor.modules" 926
"../../../Engine/Plugins/Experimental/PlanarCutPlugin/Binaries/Win64/UnrealEditor.modules" 927
"../../../Engine/Plugins/Runtime/GeometryCache/Binaries/Win64/UnrealEditor.modules" 928
"../../../Engine/Plugins/Experimental/GeometryFlow/Binaries/Win64/UnrealEditor.modules" 929
"../../../Engine/Plugins/Editor/EditorScriptingUtilities/Binaries/Win64/UnrealEditor.modules" 930
"../../../Engine/Plugins/FX/Niagara/Binaries/Win64/UnrealEditor.modules" 931
"../../../Engine/Plugins/Experimental/PythonScriptPlugin/Binaries/Win64/UnrealEditor.modules" 932
"../../../Engine/Plugins/Editor/ContentBrowser/ContentBrowserFileDataSource/Binaries/Win64/UnrealEditor.modules" 933
"../../../Engine/Plugins/Runtime/CommonUI/Binaries/Win64/UnrealEditor.modules" 934
"../../../Engine/Plugins/Editor/GameplayTagsEditor/Binaries/Win64/UnrealEditor.modules" 935
"../../../Engine/Plugins/EnhancedInput/Binaries/Win64/UnrealEditor.modules" 936
"../../../Engine/Plugins/Editor/DataValidation/Binaries/Win64/UnrealEditor.modules" 937
"../../../Engine/Plugins/Runtime/Steam/SteamSockets/Binaries/Win64/UnrealEditor.modules" 938
"../../../Engine/Plugins/Online/OnlineSubsystem/Binaries/Win64/UnrealEditor.modules" 939
"../../../Engine/Plugins/Online/OnlineSubsystemSteam/Binaries/Win64/UnrealEditor.modules" 940
"../../../Engine/Plugins/Runtime/Steam/SteamShared/Binaries/Win64/UnrealEditor.modules" 941
"../../../Engine/Plugins/Online/OnlineBase/Binaries/Win64/UnrealEditor.modules" 942
"../../../Engine/Plugins/Online/OnlineSubsystemUtils/Binaries/Win64/UnrealEditor.modules" 943
"../../../Engine/Plugins/Online/OnlineServices/Binaries/Win64/UnrealEditor.modules" 944
"../../../Engine/Plugins/AudioInsights/Binaries/Win64/UnrealEditor.modules" 945
"../../../Engine/Plugins/Runtime/AudioWidgets/Binaries/Win64/UnrealEditor.modules" 946
"../../../Engine/Plugins/Runtime/AudioSynesthesia/Binaries/Win64/UnrealEditor.modules" 947
"../../../Engine/Plugins/Bridge/Binaries/Win64/UnrealEditor.modules" 948
"../../../Engine/Plugins/MetaHuman/MetaHumanSDK/Binaries/Win64/UnrealEditor.modules" 949
"../../../Engine/Plugins/Animation/ControlRig/Binaries/Win64/UnrealEditor.modules" 950
"../../../Engine/Plugins/Runtime/HairStrands/Binaries/Win64/UnrealEditor.modules" 951
"../../../Engine/Plugins/Animation/RigLogic/Binaries/Win64/UnrealEditor.modules" 952
"../../../Engine/Plugins/Interchange/Runtime/Binaries/Win64/UnrealEditor.modules" 953
"../../../Engine/Plugins/Online/EOSShared/Binaries/Win64/UnrealEditor.modules" 954
"../../../Engine/Plugins/Runtime/RigVM/Binaries/Win64/UnrealEditor.modules" 955
"../../../Engine/Plugins/MovieScene/LevelSequenceEditor/Binaries/Win64/UnrealEditor.modules" 956
"../../../Engine/Plugins/Runtime/PropertyAccess/Binaries/Win64/UnrealEditor.modules" 957
"../../../Engine/Plugins/MovieScene/SequencerScripting/Binaries/Win64/UnrealEditor.modules" 958
"../../../Engine/Plugins/Animation/TweeningUtils/Binaries/Win64/UnrealEditor.modules" 959
"../../../Engine/Plugins/Animation/DeformerGraph/Binaries/Win64/UnrealEditor.modules" 960
"../../../Engine/Plugins/Experimental/Dataflow/Binaries/Win64/UnrealEditor.modules" 961
"../../../Engine/Plugins/Runtime/ComputeFramework/Binaries/Win64/UnrealEditor.modules" 962
"../../../Engine/Plugins/Enterprise/VariantManagerContent/Binaries/Win64/UnrealEditor.modules" 963
"../../../Engine/Plugins/Enterprise/VariantManager/Binaries/Win64/UnrealEditor.modules" 964
"../../../Engine/Plugins/Interchange/Assets/Binaries/Win64/UnrealEditor.modules" 965
"../../../Engine/Plugins/Experimental/CharacterFXEditor/BaseCharacterFXEditor/Binaries/Win64/UnrealEditor.modules" 966
"../../../Engine/Plugins/Runtime/ProceduralMeshComponent/Binaries/Win64/UnrealEditor.modules" 967
"../../../Engine/Plugins/Experimental/ChaosCaching/Binaries/Win64/UnrealEditor.modules" 968
"../../../Engine/Plugins/Experimental/EditorDataStorage/Binaries/Win64/UnrealEditor.modules" 969
"../../../Engine/Plugins/Experimental/EditorDataStorageFeatures/Binaries/Win64/UnrealEditor.modules" 970
"../../../Engine/Plugins/Animation/SkeletalMeshModelingTools/Binaries/Win64/UnrealEditor.modules" 971
"../../../Engine/Plugins/VirtualProduction/Takes/Binaries/Win64/UnrealEditor.modules" 972
"../../../Engine/Plugins/Runtime/AudioCapture/Binaries/Win64/UnrealEditor.modules" 973
"../../../Engine/Plugins/Developer/NamingTokens/Binaries/Win64/UnrealEditor.modules" 974
"../../../Engine/Plugins/Editor/EngineAssetDefinitions/Binaries/Win64/UnrealEditor.modules" 975
"../../../Engine/Plugins/ChaosCloth/Binaries/Win64/UnrealEditor.modules" 976
"../../../Engine/Plugins/ChaosInsights/Binaries/Win64/UnrealEditor.modules" 977
"../../../Engine/Plugins/ChaosVD/Binaries/Win64/UnrealEditor.modules" 978
"../../../Engine/Plugins/CmdLinkServer/Binaries/Win64/UnrealEditor.modules" 979
"../../../Engine/Plugins/Fab/Binaries/Win64/UnrealEditor.modules" 980
"../../../Engine/Plugins/IoStoreInsights/Binaries/Win64/UnrealEditor.modules" 981
"../../../Engine/Plugins/MassInsights/Binaries/Win64/UnrealEditor.modules" 982
"../../../Engine/Plugins/MeshPainting/Binaries/Win64/UnrealEditor.modules" 983
"../../../Engine/Plugins/Interchange/Editor/Binaries/Win64/UnrealEditor.modules" 984
"../../../Engine/Plugins/RenderGraphInsights/Binaries/Win64/UnrealEditor.modules" 985
"../../../Engine/Plugins/TraceUtilities/Binaries/Win64/UnrealEditor.modules" 986
"../../../Engine/Plugins/UbaController/Binaries/Win64/UnrealEditor.modules" 987
"../../../Engine/Plugins/WorldMetrics/Binaries/Win64/UnrealEditor.modules" 988
"../../../Engine/Plugins/XGEController/Binaries/Win64/UnrealEditor.modules" 989
"../../../Engine/Plugins/Compression/OodleNetwork/Binaries/Win64/UnrealEditor.modules" 990
"../../../Engine/Plugins/Experimental/AdvancedRenamer/Binaries/Win64/UnrealEditor.modules" 991
"../../../Engine/Plugins/Experimental/AutomationUtils/Binaries/Win64/UnrealEditor.modules" 992
"../../../Engine/Plugins/Experimental/BackChannel/Binaries/Win64/UnrealEditor.modules" 993
"../../../Engine/Plugins/Experimental/ChaosEditor/Binaries/Win64/UnrealEditor.modules" 994
"../../../Engine/Plugins/Experimental/GeometryCollectionPlugin/Binaries/Win64/UnrealEditor.modules" 995
"../../../Engine/Plugins/Experimental/Fracture/Binaries/Win64/UnrealEditor.modules" 996
"../../../Engine/Plugins/Experimental/ChaosSolverPlugin/Binaries/Win64/UnrealEditor.modules" 997
"../../../Engine/Plugins/Experimental/GeometryDataflow/Binaries/Win64/UnrealEditor.modules" 998
"../../../Engine/Plugins/Experimental/ChaosNiagara/Binaries/Win64/UnrealEditor.modules" 999
"../../../Engine/Plugins/Experimental/ChaosUserDataPT/Binaries/Win64/UnrealEditor.modules" 1000
"../../../Engine/Plugins/Experimental/CharacterAI/Binaries/Win64/UnrealEditor.modules" 1001
"../../../Engine/Plugins/Experimental/EditorPerformance/Binaries/Win64/UnrealEditor.modules" 1002
"../../../Engine/Plugins/Experimental/EditorTelemetry/Binaries/Win64/UnrealEditor.modules" 1003
"../../../Engine/Plugins/Experimental/GlobalConfigurationData/Binaries/Win64/UnrealEditor.modules" 1004
"../../../Engine/Plugins/Experimental/LevelSequenceNavigatorBridge/Binaries/Win64/UnrealEditor.modules" 1005
"../../../Engine/Plugins/Experimental/SequenceNavigator/Binaries/Win64/UnrealEditor.modules" 1006
"../../../Engine/Plugins/Experimental/LocalizableMessage/Binaries/Win64/UnrealEditor.modules" 1007
"../../../Engine/Plugins/Experimental/NFORDenoise/Binaries/Win64/UnrealEditor.modules" 1008
"../../../Engine/Plugins/Experimental/PlatformCrypto/Binaries/Win64/UnrealEditor.modules" 1009
"../../../Engine/Plugins/Experimental/RuntimeTelemetry/Binaries/Win64/UnrealEditor.modules" 1010
"../../../Engine/Plugins/Experimental/SkeletalReduction/Binaries/Win64/UnrealEditor.modules" 1011
"../../../Engine/Plugins/Tests/InterchangeTests/Binaries/Win64/UnrealEditor.modules" 1012
"../../../Engine/Plugins/Developer/AnimationSharing/Binaries/Win64/UnrealEditor.modules" 1013
"../../../Engine/Plugins/Runtime/SignificanceManager/Binaries/Win64/UnrealEditor.modules" 1014
"../../../Engine/Plugins/Developer/CLionSourceCodeAccess/Binaries/Win64/UnrealEditor.modules" 1015
"../../../Engine/Plugins/Developer/GPUReshape/Binaries/Win64/UnrealEditor.modules" 1016
"../../../Engine/Plugins/Developer/DumpGPUServices/Binaries/Win64/UnrealEditor.modules" 1017
"../../../Engine/Plugins/Developer/GitSourceControl/Binaries/Win64/UnrealEditor.modules" 1018
"../../../Engine/Plugins/Developer/N10XSourceCodeAccess/Binaries/Win64/UnrealEditor.modules" 1019
"../../../Engine/Plugins/Developer/PerforceSourceControl/Binaries/Win64/UnrealEditor.modules" 1020
"../../../Engine/Plugins/Developer/PlasticSourceControl/Binaries/Win64/UnrealEditor.modules" 1021
"../../../Engine/Plugins/Developer/PixWinPlugin/Binaries/Win64/UnrealEditor.modules" 1022
"../../../Engine/Plugins/Developer/PluginUtils/Binaries/Win64/UnrealEditor.modules" 1023
"../../../Engine/Plugins/Developer/PropertyAccessNode/Binaries/Win64/UnrealEditor.modules" 1024
"../../../Engine/Plugins/Developer/RiderSourceCodeAccess/Binaries/Win64/UnrealEditor.modules" 1025
"../../../Engine/Plugins/Developer/ProjectLauncher/Binaries/Win64/UnrealEditor.modules" 1026
"../../../Engine/Plugins/Developer/SubversionSourceControl/Binaries/Win64/UnrealEditor.modules" 1027
"../../../Engine/Plugins/Developer/TextureFormatOodle/Binaries/Win64/UnrealEditor.modules" 1028
"../../../Engine/Plugins/Developer/UObjectPlugin/Binaries/Win64/UnrealEditor.modules" 1029
"../../../Engine/Plugins/Developer/VisualStudioSourceCodeAccess/Binaries/Win64/UnrealEditor.modules" 1030
"../../../Engine/Plugins/Developer/RenderDocPlugin/Binaries/Win64/UnrealEditor.modules" 1031
"../../../Engine/Plugins/Developer/VisualStudioCodeSourceCodeAccess/Binaries/Win64/UnrealEditor.modules" 1032
"../../../Engine/Plugins/Enterprise/DatasmithContent/Binaries/Win64/UnrealEditor.modules" 1033
"../../../Engine/Plugins/Enterprise/GLTFExporter/Binaries/Win64/UnrealEditor.modules" 1034
"../../../Engine/Plugins/Marketplace/FabLauncher/Binaries/Win64/UnrealEditor.modules" 1035
"../../../Engine/Plugins/Importers/USDImporter/Binaries/Win64/UnrealEditor.modules" 1036
"../../../Engine/Plugins/Importers/AlembicImporter/Binaries/Win64/UnrealEditor.modules" 1037
"../../../Engine/Plugins/Runtime/USDCore/Binaries/Win64/UnrealEditor.modules" 1038
"../../../Engine/Plugins/Runtime/Analytics/AnalyticsBlueprintLibrary/Binaries/Win64/UnrealEditor.modules" 1039
"../../../Engine/Plugins/Animation/LiveLink/Binaries/Win64/UnrealEditor.modules" 1040
"../../../Engine/Plugins/Developer/Concert/ConcertSync/ConcertSyncClient/Binaries/Win64/UnrealEditor.modules" 1041
"../../../Engine/Plugins/Editor/ContentBrowser/ContentBrowserAssetDataSource/Binaries/Win64/UnrealEditor.modules" 1042
"../../../Engine/Plugins/Developer/Concert/ConcertSync/ConcertSyncCore/Binaries/Win64/UnrealEditor.modules" 1043
"../../../Engine/Plugins/Developer/Concert/ConcertMain/Binaries/Win64/UnrealEditor.modules" 1044
"../../../Engine/Plugins/Runtime/Database/SQLiteCore/Binaries/Win64/UnrealEditor.modules" 1045
"../../../Engine/Plugins/NNE/NNEDenoiser/Binaries/Win64/UnrealEditor.modules" 1046
"../../../Engine/Plugins/NNE/NNERuntimeORT/Binaries/Win64/UnrealEditor.modules" 1047
"../../../Engine/Plugins/Messaging/UdpMessaging/Binaries/Win64/UnrealEditor.modules" 1048
"../../../Engine/Plugins/Messaging/TcpMessaging/Binaries/Win64/UnrealEditor.modules" 1049
"../../../Engine/Plugins/Runtime/ActorLayerUtilities/Binaries/Win64/UnrealEditor.modules" 1050
"../../../Engine/Plugins/Runtime/AndroidDeviceProfileSelector/Binaries/Win64/UnrealEditor.modules" 1051
"../../../Engine/Plugins/Runtime/AndroidPermission/Binaries/Win64/UnrealEditor.modules" 1052
"../../../Engine/Plugins/Runtime/ArchVisCharacter/Binaries/Win64/UnrealEditor.modules" 1053
"../../../Engine/Plugins/Runtime/AppleImageUtils/Binaries/Win64/UnrealEditor.modules" 1054
"../../../Engine/Plugins/Runtime/AndroidFileServer/Binaries/Win64/UnrealEditor.modules" 1055
"../../../Engine/Plugins/Runtime/AssetTags/Binaries/Win64/UnrealEditor.modules" 1056
"../../../Engine/Plugins/Runtime/CableComponent/Binaries/Win64/UnrealEditor.modules" 1057
"../../../Engine/Plugins/Runtime/ChunkDownloader/Binaries/Win64/UnrealEditor.modules" 1058
"../../../Engine/Plugins/Runtime/CustomMeshComponent/Binaries/Win64/UnrealEditor.modules" 1059
"../../../Engine/Plugins/Runtime/ExampleDeviceProfileSelector/Binaries/Win64/UnrealEditor.modules" 1060
"../../../Engine/Plugins/Runtime/GooglePAD/Binaries/Win64/UnrealEditor.modules" 1061
"../../../Engine/Plugins/Runtime/InputDebugging/Binaries/Win64/UnrealEditor.modules" 1062
"../../../Engine/Plugins/Runtime/LocationServicesBPLibrary/Binaries/Win64/UnrealEditor.modules" 1063
"../../../Engine/Plugins/Runtime/Metasound/Binaries/Win64/UnrealEditor.modules" 1064
"../../../Engine/Plugins/Runtime/WaveTable/Binaries/Win64/UnrealEditor.modules" 1065
"../../../Engine/Plugins/Runtime/MsQuic/Binaries/Win64/UnrealEditor.modules" 1066
"../../../Engine/Plugins/Runtime/MobilePatchingUtils/Binaries/Win64/UnrealEditor.modules" 1067
"../../../Engine/Plugins/Runtime/SoundFields/Binaries/Win64/UnrealEditor.modules" 1068
"../../../Engine/Plugins/Runtime/ResonanceAudio/Binaries/Win64/UnrealEditor.modules" 1069
"../../../Engine/Plugins/Runtime/Synthesis/Binaries/Win64/UnrealEditor.modules" 1070
"../../../Engine/Plugins/Runtime/WindowsMoviePlayer/Binaries/Win64/UnrealEditor.modules" 1071
"../../../Engine/Plugins/Runtime/WebMMoviePlayer/Binaries/Win64/UnrealEditor.modules" 1072
"../../../Engine/Plugins/Media/WebMMedia/Binaries/Win64/UnrealEditor.modules" 1073
"../../../Engine/Plugins/Runtime/WindowsDeviceProfileSelector/Binaries/Win64/UnrealEditor.modules" 1074
"../../../Engine/Plugins/Media/AndroidMedia/Binaries/Win64/UnrealEditor.modules" 1075
"../../../Engine/Plugins/Media/AvfMedia/Binaries/Win64/UnrealEditor.modules" 1076
"../../../Engine/Plugins/Media/ImgMedia/Binaries/Win64/UnrealEditor.modules" 1077
"../../../Engine/Plugins/Media/MediaPlayerEditor/Binaries/Win64/UnrealEditor.modules" 1078
"../../../Engine/Plugins/Media/MediaCompositing/Binaries/Win64/UnrealEditor.modules" 1079
"../../../Engine/Plugins/Media/MediaPlate/Binaries/Win64/UnrealEditor.modules" 1080
"../../../Engine/Plugins/Compositing/CompositeCore/Binaries/Win64/UnrealEditor.modules" 1081
"../../../Engine/Plugins/MovieScene/ActorSequence/Binaries/Win64/UnrealEditor.modules" 1082
"../../../Engine/Plugins/Media/WmfMedia/Binaries/Win64/UnrealEditor.modules" 1083
"../../../Engine/Plugins/MovieScene/SequenceValidator/Binaries/Win64/UnrealEditor.modules" 1084
"../../../Engine/Plugins/AI/EnvironmentQueryEditor/Binaries/Win64/UnrealEditor.modules" 1085
"../../../Engine/Plugins/AI/AISupport/Binaries/Win64/UnrealEditor.modules" 1086
"../../../Engine/Plugins/Portal/LauncherChunkInstaller/Binaries/Win64/UnrealEditor.modules" 1087
"../../../Engine/Plugins/2D/Paper2D/Binaries/Win64/UnrealEditor.modules" 1088
"../../../Engine/Plugins/Animation/AnimationData/Binaries/Win64/UnrealEditor.modules" 1089
"../../../Engine/Plugins/Animation/ACLPlugin/Binaries/Win64/UnrealEditor.modules" 1090
"../../../Engine/Plugins/Animation/AnimationModifierLibrary/Binaries/Win64/UnrealEditor.modules" 1091
"../../../Engine/Plugins/Animation/BlendSpaceMotionAnalysis/Binaries/Win64/UnrealEditor.modules" 1092
"../../../Engine/Plugins/Animation/ControlRigSpline/Binaries/Win64/UnrealEditor.modules" 1093
"../../../Engine/Plugins/Animation/EaseCurveTool/Binaries/Win64/UnrealEditor.modules" 1094
"../../../Engine/Plugins/Animation/IKRig/Binaries/Win64/UnrealEditor.modules" 1095
"../../../Engine/Plugins/Experimental/FullBodyIK/Binaries/Win64/UnrealEditor.modules" 1096
"../../../Engine/Plugins/Cameras/EngineCameras/Binaries/Win64/UnrealEditor.modules" 1097
"../../../Engine/Plugins/MovieScene/TemplateSequence/Binaries/Win64/UnrealEditor.modules" 1098
"../../../Engine/Plugins/Cameras/CameraShakePreviewer/Binaries/Win64/UnrealEditor.modules" 1099
"../../../Engine/Plugins/Cameras/GameplayCameras/Binaries/Win64/UnrealEditor.modules" 1100
"../../../Engine/Plugins/Runtime/StateTree/Binaries/Win64/UnrealEditor.modules" 1101
"../../../Engine/Plugins/Animation/GameplayInsights/Binaries/Win64/UnrealEditor.modules" 1102
"../../../Engine/Plugins/Runtime/PropertyBindingUtils/Binaries/Win64/UnrealEditor.modules" 1103
"../../../Engine/Plugins/Editor/AssetManagerEditor/Binaries/Win64/UnrealEditor.modules" 1104
"../../../Engine/Plugins/Editor/BlueprintHeaderView/Binaries/Win64/UnrealEditor.modules" 1105
"../../../Engine/Plugins/Editor/CryptoKeys/Binaries/Win64/UnrealEditor.modules" 1106
"../../../Engine/Plugins/Editor/ChangelistReview/Binaries/Win64/UnrealEditor.modules" 1107
"../../../Engine/Plugins/Editor/ColorGrading/Binaries/Win64/UnrealEditor.modules" 1108
"../../../Engine/Plugins/Editor/ObjectMixer/ObjectMixer/Binaries/Win64/UnrealEditor.modules" 1109
"../../../Engine/Plugins/Editor/CurveEditorTools/Binaries/Win64/UnrealEditor.modules" 1110
"../../../Engine/Plugins/Editor/FacialAnimation/Binaries/Win64/UnrealEditor.modules" 1111
"../../../Engine/Plugins/Editor/EditorDebugTools/Binaries/Win64/UnrealEditor.modules" 1112
"../../../Engine/Plugins/Editor/GeometryMode/Binaries/Win64/UnrealEditor.modules" 1113
"../../../Engine/Plugins/Editor/MaterialAnalyzer/Binaries/Win64/UnrealEditor.modules" 1114
"../../../Engine/Plugins/Editor/MobileLauncherProfileWizard/Binaries/Win64/UnrealEditor.modules" 1115
"../../../Engine/Plugins/Editor/SequencerAnimTools/Binaries/Win64/UnrealEditor.modules" 1116
"../../../Engine/Plugins/Editor/SpeedTreeImporter/Binaries/Win64/UnrealEditor.modules" 1117
"../../../Engine/Plugins/Editor/PluginBrowser/Binaries/Win64/UnrealEditor.modules" 1118
"../../../Engine/Plugins/Editor/UMGWidgetPreview/Binaries/Win64/UnrealEditor.modules" 1119
"../../../Engine/Plugins/Editor/UVEditor/Binaries/Win64/UnrealEditor.modules" 1120
"../../../Engine/Plugins/FX/NiagaraPreviewContent/Binaries/Win64/UnrealEditor.modules" 1121
"../../../Engine/Plugins/Editor/WorldPartitionHLODUtilities/Binaries/Win64/UnrealEditor.modules" 1122
"../../../Engine/Plugins/FX/Cascade/Binaries/Win64/UnrealEditor.modules" 1123
"../../../Engine/Plugins/FX/NiagaraSimCaching/Binaries/Win64/UnrealEditor.modules" 1124
"../../../Engine/Plugins/Online/OnlineSubsystemNull/Binaries/Win64/UnrealEditor.modules" 1125
"../../../Engine/Plugins/Runtime/Windows/XInputDevice/Binaries/Win64/UnrealEditor.modules" 1126
"../../../Engine/Plugins/Editor/ContentBrowser/ContentBrowserClassDataSource/Binaries/Win64/UnrealEditor.modules" 1127
"../../../Engine/Plugins/Editor/Localization/PortableObjectFileDataSource/Binaries/Win64/UnrealEditor.modules" 1128
"../../../Engine/Plugins/Editor/ObjectMixer/LightMixer/Binaries/Win64/UnrealEditor.modules" 1129
"../../../Engine/Config/BaseSourceControlSettings.ini" 1130
"C:/Users/Admin/AppData/Local/UnrealEngine/5.7/Saved/Config/WindowsEditor/SourceControlSettings.ini" 1131
"../../../Engine/Content/Internationalization/icudt64l/coll/ucadata.icu" 1132
"../../../Engine/Content/Internationalization/icudt64l/coll/pl.res" 1133
"../../../Engine/Content/Internationalization/icudt64l/coll/root.res" 1134
"../../../Engine/Content/Certificates/ThirdParty/cacert.pem" 1135
"../../../Engine/Config/ConsoleVariables.ini" 1136
"../../../Engine/Binaries/Win64/Android/UnrealEditor.modules" 1137
"../../../Engine/Binaries/Win64/IOS/UnrealEditor.modules" 1138
"../../../Engine/Binaries/Win64/Linux/UnrealEditor.modules" 1139
"../../../Engine/Content/Localization/Editor/en/Editor.locres" 1140
"../../../Engine/Content/Localization/Keywords/en/Keywords.locres" 1141
"../../../Engine/Content/Localization/Category/en/Category.locres" 1142
"../../../Engine/Content/Localization/ToolTips/en/ToolTips.locres" 1143
"../../../Engine/Content/Localization/PropertyNames/en/PropertyNames.locres" 1144
"../../../Engine/Content/Localization/Engine/en/Engine.locres" 1145
"../../../Engine/Plugins/MetaHuman/MetaHumanSDK/Content/Localization/MetaHumanSDK/en/MetaHumanSDK.locres" 1146
"../../../Engine/Plugins/MetaHuman/MetaHumanSDK/Content/Localization/MetaHumanSDK_Properties/en/MetaHumanSDK_Properties.locres" 1147
"../../../Engine/Plugins/MetaHuman/MetaHumanSDK/Content/Localization/MetaHumanSDK_Tooltips/en/MetaHumanSDK_Tooltips.locres" 1148
"../../../Engine/Plugins/Online/OnlineSubsystem/Content/Localization/OnlineSubsystem/en/OnlineSubsystem.locres" 1149
"../../../Engine/Plugins/Online/OnlineSubsystemSteam/Content/Localization/OnlineSubsystemSteam/en/OnlineSubsystemSteam.locres" 1150
"../../../Engine/Plugins/Online/OnlineSubsystemUtils/Content/Localization/OnlineSubsystemUtils/en/OnlineSubsystemUtils.locres" 1151
"../../../Engine/Plugins/Online/Android/OnlineSubsystemGooglePlay/Content/Localization/OnlineSubsystemGooglePlay/en/OnlineSubsystemGooglePlay.locres" 1152
"../../../Engine/Plugins/Online/IOS/OnlineSubsystemIOS/Content/Localization/OnlineSubsystemIOS/en/OnlineSubsystemIOS.locres" 1153
"../../../Engine/Content/Internationalization/icudt64l/numberingSystems.res" 1154
"../../../Engine/Content/Internationalization/icudt64l/curr/supplementalData.res" 1155
"../../../Engine/Content/Internationalization/icudt64l/curr/pl.res" 1156
"../../../Engine/Content/Internationalization/icudt64l/curr/pool.res" 1157
"../../../Engine/Content/Internationalization/icudt64l/curr/root.res" 1158
"../../../Engine/Content/Internationalization/icudt64l/lang/af.res" 1159
"../../../Engine/Content/Internationalization/icudt64l/region/af.res" 1160
"../../../Engine/Content/Internationalization/icudt64l/lang/agq.res" 1161
"../../../Engine/Content/Internationalization/icudt64l/region/agq.res" 1162
"../../../Engine/Content/Internationalization/icudt64l/lang/ak.res" 1163
"../../../Engine/Content/Internationalization/icudt64l/region/ak.res" 1164
"../../../Engine/Content/Internationalization/icudt64l/lang/am.res" 1165
"../../../Engine/Content/Internationalization/icudt64l/region/am.res" 1166
"../../../Engine/Content/Internationalization/icudt64l/lang/ar.res" 1167
"../../../Engine/Content/Internationalization/icudt64l/region/ar.res" 1168
"../../../Engine/Content/Internationalization/icudt64l/region/ar_AE.res" 1169
"../../../Engine/Content/Internationalization/icudt64l/lang/ar_EG.res" 1170
"../../../Engine/Content/Internationalization/icudt64l/lang/ar_LY.res" 1171
"../../../Engine/Content/Internationalization/icudt64l/region/ar_LY.res" 1172
"../../../Engine/Content/Internationalization/icudt64l/lang/ar_SA.res" 1173
"../../../Engine/Content/Internationalization/icudt64l/region/ar_SA.res" 1174
"../../../Engine/Content/Internationalization/icudt64l/lang/as.res" 1175
"../../../Engine/Content/Internationalization/icudt64l/region/as.res" 1176
"../../../Engine/Content/Internationalization/icudt64l/lang/asa.res" 1177
"../../../Engine/Content/Internationalization/icudt64l/region/asa.res" 1178
"../../../Engine/Content/Internationalization/icudt64l/lang/ast.res" 1179
"../../../Engine/Content/Internationalization/icudt64l/region/ast.res" 1180
"../../../Engine/Content/Internationalization/icudt64l/lang/az.res" 1181
"../../../Engine/Content/Internationalization/icudt64l/lang/az_Cyrl.res" 1182
"../../../Engine/Content/Internationalization/icudt64l/lang/az_AZ.res" 1183
"../../../Engine/Content/Internationalization/icudt64l/lang/az_Latn_AZ.res" 1184
"../../../Engine/Content/Internationalization/icudt64l/lang/az_Latn.res" 1185
"../../../Engine/Content/Internationalization/icudt64l/region/az_AZ.res" 1186
"../../../Engine/Content/Internationalization/icudt64l/region/az_Latn_AZ.res" 1187
"../../../Engine/Content/Internationalization/icudt64l/region/az_Latn.res" 1188
"../../../Engine/Content/Internationalization/icudt64l/region/az.res" 1189
"../../../Engine/Content/Internationalization/icudt64l/region/az_Cyrl.res" 1190
"../../../Engine/Content/Internationalization/icudt64l/lang/bas.res" 1191
"../../../Engine/Content/Internationalization/icudt64l/region/bas.res" 1192
"../../../Engine/Content/Internationalization/icudt64l/lang/be.res" 1193
"../../../Engine/Content/Internationalization/icudt64l/region/be.res" 1194
"../../../Engine/Content/Internationalization/icudt64l/lang/bem.res" 1195
"../../../Engine/Content/Internationalization/icudt64l/region/bem.res" 1196
"../../../Engine/Content/Internationalization/icudt64l/lang/bez.res" 1197
"../../../Engine/Content/Internationalization/icudt64l/region/bez.res" 1198
"../../../Engine/Content/Internationalization/icudt64l/lang/bg.res" 1199
"../../../Engine/Content/Internationalization/icudt64l/region/bg.res" 1200
"../../../Engine/Content/Internationalization/icudt64l/lang/bm.res" 1201
"../../../Engine/Content/Internationalization/icudt64l/region/bm.res" 1202
"../../../Engine/Content/Internationalization/icudt64l/lang/bn.res" 1203
"../../../Engine/Content/Internationalization/icudt64l/region/bn.res" 1204
"../../../Engine/Content/Internationalization/icudt64l/lang/bn_IN.res" 1205
"../../../Engine/Content/Internationalization/icudt64l/region/bn_IN.res" 1206
"../../../Engine/Content/Internationalization/icudt64l/lang/bo.res" 1207
"../../../Engine/Content/Internationalization/icudt64l/region/bo.res" 1208
"../../../Engine/Content/Internationalization/icudt64l/region/bo_IN.res" 1209
"../../../Engine/Content/Internationalization/icudt64l/lang/br.res" 1210
"../../../Engine/Content/Internationalization/icudt64l/region/br.res" 1211
"../../../Engine/Content/Internationalization/icudt64l/lang/brx.res" 1212
"../../../Engine/Content/Internationalization/icudt64l/region/brx.res" 1213
"../../../Engine/Content/Internationalization/icudt64l/lang/bs.res" 1214
"../../../Engine/Content/Internationalization/icudt64l/lang/bs_Cyrl.res" 1215
"../../../Engine/Content/Internationalization/icudt64l/lang/bs_BA.res" 1216
"../../../Engine/Content/Internationalization/icudt64l/lang/bs_Latn_BA.res" 1217
"../../../Engine/Content/Internationalization/icudt64l/lang/bs_Latn.res" 1218
"../../../Engine/Content/Internationalization/icudt64l/region/bs_BA.res" 1219
"../../../Engine/Content/Internationalization/icudt64l/region/bs_Latn_BA.res" 1220
"../../../Engine/Content/Internationalization/icudt64l/region/bs_Latn.res" 1221
"../../../Engine/Content/Internationalization/icudt64l/region/bs.res" 1222
"../../../Engine/Content/Internationalization/icudt64l/region/bs_Cyrl.res" 1223
"../../../Engine/Content/Internationalization/icudt64l/lang/ca.res" 1224
"../../../Engine/Content/Internationalization/icudt64l/region/ca.res" 1225
"../../../Engine/Content/Internationalization/icudt64l/lang/ccp.res" 1226
"../../../Engine/Content/Internationalization/icudt64l/region/ccp.res" 1227
"../../../Engine/Content/Internationalization/icudt64l/lang/ce.res" 1228
"../../../Engine/Content/Internationalization/icudt64l/region/ce.res" 1229
"../../../Engine/Content/Internationalization/icudt64l/lang/ceb.res" 1230
"../../../Engine/Content/Internationalization/icudt64l/region/ceb.res" 1231
"../../../Engine/Content/Internationalization/icudt64l/lang/cgg.res" 1232
"../../../Engine/Content/Internationalization/icudt64l/region/cgg.res" 1233
"../../../Engine/Content/Internationalization/icudt64l/lang/chr.res" 1234
"../../../Engine/Content/Internationalization/icudt64l/region/chr.res" 1235
"../../../Engine/Content/Internationalization/icudt64l/lang/ckb.res" 1236
"../../../Engine/Content/Internationalization/icudt64l/region/ckb.res" 1237
"../../../Engine/Content/Internationalization/icudt64l/lang/cs.res" 1238
"../../../Engine/Content/Internationalization/icudt64l/region/cs.res" 1239
"../../../Engine/Content/Internationalization/icudt64l/lang/cy.res" 1240
"../../../Engine/Content/Internationalization/icudt64l/region/cy.res" 1241
"../../../Engine/Content/Internationalization/icudt64l/lang/da.res" 1242
"../../../Engine/Content/Internationalization/icudt64l/region/da.res" 1243
"../../../Engine/Content/Internationalization/icudt64l/lang/dav.res" 1244
"../../../Engine/Content/Internationalization/icudt64l/region/dav.res" 1245
"../../../Engine/Content/Internationalization/icudt64l/lang/de.res" 1246
"../../../Engine/Content/Internationalization/icudt64l/lang/de_AT.res" 1247
"../../../Engine/Content/Internationalization/icudt64l/region/de_AT.res" 1248
"../../../Engine/Content/Internationalization/icudt64l/region/de.res" 1249
"../../../Engine/Content/Internationalization/icudt64l/lang/de_CH.res" 1250
"../../../Engine/Content/Internationalization/icudt64l/region/de_CH.res" 1251
"../../../Engine/Content/Internationalization/icudt64l/lang/de_LU.res" 1252
"../../../Engine/Content/Internationalization/icudt64l/lang/dje.res" 1253
"../../../Engine/Content/Internationalization/icudt64l/region/dje.res" 1254
"../../../Engine/Content/Internationalization/icudt64l/lang/dsb.res" 1255
"../../../Engine/Content/Internationalization/icudt64l/region/dsb.res" 1256
"../../../Engine/Content/Internationalization/icudt64l/lang/dua.res" 1257
"../../../Engine/Content/Internationalization/icudt64l/region/dua.res" 1258
"../../../Engine/Content/Internationalization/icudt64l/lang/dyo.res" 1259
"../../../Engine/Content/Internationalization/icudt64l/region/dyo.res" 1260
"../../../Engine/Content/Internationalization/icudt64l/lang/dz.res" 1261
"../../../Engine/Content/Internationalization/icudt64l/region/dz.res" 1262
"../../../Engine/Content/Internationalization/icudt64l/lang/ebu.res" 1263
"../../../Engine/Content/Internationalization/icudt64l/region/ebu.res" 1264
"../../../Engine/Content/Internationalization/icudt64l/lang/ee.res" 1265
"../../../Engine/Content/Internationalization/icudt64l/region/ee.res" 1266
"../../../Engine/Content/Internationalization/icudt64l/lang/el.res" 1267
"../../../Engine/Content/Internationalization/icudt64l/region/el.res" 1268
"../../../Engine/Content/Internationalization/icudt64l/lang/en_001.res" 1269
"../../../Engine/Content/Internationalization/icudt64l/lang/en_150.res" 1270
"../../../Engine/Content/Internationalization/icudt64l/region/en_150.res" 1271
"../../../Engine/Content/Internationalization/icudt64l/lang/en_AG.res" 1272
"../../../Engine/Content/Internationalization/icudt64l/region/en_AG.res" 1273
"../../../Engine/Content/Internationalization/icudt64l/lang/en_AI.res" 1274
"../../../Engine/Content/Internationalization/icudt64l/region/en_AI.res" 1275
"../../../Engine/Content/Internationalization/icudt64l/lang/en_AT.res" 1276
"../../../Engine/Content/Internationalization/icudt64l/region/en_AT.res" 1277
"../../../Engine/Content/Internationalization/icudt64l/lang/en_AU.res" 1278
"../../../Engine/Content/Internationalization/icudt64l/region/en_AU.res" 1279
"../../../Engine/Content/Internationalization/icudt64l/lang/en_BB.res" 1280
"../../../Engine/Content/Internationalization/icudt64l/region/en_BB.res" 1281
"../../../Engine/Content/Internationalization/icudt64l/lang/en_BE.res" 1282
"../../../Engine/Content/Internationalization/icudt64l/region/en_BE.res" 1283
"../../../Engine/Content/Internationalization/icudt64l/lang/en_BM.res" 1284
"../../../Engine/Content/Internationalization/icudt64l/region/en_BM.res" 1285
"../../../Engine/Content/Internationalization/icudt64l/lang/en_BS.res" 1286
"../../../Engine/Content/Internationalization/icudt64l/region/en_BS.res" 1287
"../../../Engine/Content/Internationalization/icudt64l/lang/en_BW.res" 1288
"../../../Engine/Content/Internationalization/icudt64l/region/en_BW.res" 1289
"../../../Engine/Content/Internationalization/icudt64l/lang/en_BZ.res" 1290
"../../../Engine/Content/Internationalization/icudt64l/region/en_BZ.res" 1291
"../../../Engine/Content/Internationalization/icudt64l/lang/en_CA.res" 1292
"../../../Engine/Content/Internationalization/icudt64l/region/en_CA.res" 1293
"../../../Engine/Content/Internationalization/icudt64l/lang/en_CC.res" 1294
"../../../Engine/Content/Internationalization/icudt64l/region/en_CC.res" 1295
"../../../Engine/Content/Internationalization/icudt64l/lang/en_CH.res" 1296
"../../../Engine/Content/Internationalization/icudt64l/region/en_CH.res" 1297
"../../../Engine/Content/Internationalization/icudt64l/lang/en_CK.res" 1298
"../../../Engine/Content/Internationalization/icudt64l/region/en_CK.res" 1299
"../../../Engine/Content/Internationalization/icudt64l/lang/en_CM.res" 1300
"../../../Engine/Content/Internationalization/icudt64l/region/en_CM.res" 1301
"../../../Engine/Content/Internationalization/icudt64l/lang/en_CX.res" 1302
"../../../Engine/Content/Internationalization/icudt64l/region/en_CX.res" 1303
"../../../Engine/Content/Internationalization/icudt64l/lang/en_CY.res" 1304
"../../../Engine/Content/Internationalization/icudt64l/region/en_CY.res" 1305
"../../../Engine/Content/Internationalization/icudt64l/lang/en_DE.res" 1306
"../../../Engine/Content/Internationalization/icudt64l/region/en_DE.res" 1307
"../../../Engine/Content/Internationalization/icudt64l/lang/en_DG.res" 1308
"../../../Engine/Content/Internationalization/icudt64l/region/en_DG.res" 1309
"../../../Engine/Content/Internationalization/icudt64l/lang/en_DK.res" 1310
"../../../Engine/Content/Internationalization/icudt64l/region/en_DK.res" 1311
"../../../Engine/Content/Internationalization/icudt64l/lang/en_DM.res" 1312
"../../../Engine/Content/Internationalization/icudt64l/region/en_DM.res" 1313
"../../../Engine/Content/Internationalization/icudt64l/lang/en_ER.res" 1314
"../../../Engine/Content/Internationalization/icudt64l/region/en_ER.res" 1315
"../../../Engine/Content/Internationalization/icudt64l/lang/en_FI.res" 1316
"../../../Engine/Content/Internationalization/icudt64l/region/en_FI.res" 1317
"../../../Engine/Content/Internationalization/icudt64l/lang/en_FJ.res" 1318
"../../../Engine/Content/Internationalization/icudt64l/region/en_FJ.res" 1319
"../../../Engine/Content/Internationalization/icudt64l/lang/en_FK.res" 1320
"../../../Engine/Content/Internationalization/icudt64l/region/en_FK.res" 1321
"../../../Engine/Content/Internationalization/icudt64l/lang/en_FM.res" 1322
"../../../Engine/Content/Internationalization/icudt64l/region/en_FM.res" 1323
"../../../Engine/Content/Internationalization/icudt64l/lang/en_GB.res" 1324
"../../../Engine/Content/Internationalization/icudt64l/region/en_GB.res" 1325
"../../../Engine/Content/Internationalization/icudt64l/lang/en_GD.res" 1326
"../../../Engine/Content/Internationalization/icudt64l/region/en_GD.res" 1327
"../../../Engine/Content/Internationalization/icudt64l/lang/en_GG.res" 1328
"../../../Engine/Content/Internationalization/icudt64l/region/en_GG.res" 1329
"../../../Engine/Content/Internationalization/icudt64l/lang/en_GH.res" 1330
"../../../Engine/Content/Internationalization/icudt64l/region/en_GH.res" 1331
"../../../Engine/Content/Internationalization/icudt64l/lang/en_GI.res" 1332
"../../../Engine/Content/Internationalization/icudt64l/region/en_GI.res" 1333
"../../../Engine/Content/Internationalization/icudt64l/lang/en_GM.res" 1334
"../../../Engine/Content/Internationalization/icudt64l/region/en_GM.res" 1335
"../../../Engine/Content/Internationalization/icudt64l/lang/en_GY.res" 1336
"../../../Engine/Content/Internationalization/icudt64l/region/en_GY.res" 1337
"../../../Engine/Content/Internationalization/icudt64l/lang/en_HK.res" 1338
"../../../Engine/Content/Internationalization/icudt64l/region/en_HK.res" 1339
"../../../Engine/Content/Internationalization/icudt64l/lang/en_IE.res" 1340
"../../../Engine/Content/Internationalization/icudt64l/region/en_IE.res" 1341
"../../../Engine/Content/Internationalization/icudt64l/lang/en_IL.res" 1342
"../../../Engine/Content/Internationalization/icudt64l/region/en_IL.res" 1343
"../../../Engine/Content/Internationalization/icudt64l/lang/en_IM.res" 1344
"../../../Engine/Content/Internationalization/icudt64l/region/en_IM.res" 1345
"../../../Engine/Content/Internationalization/icudt64l/lang/en_IN.res" 1346
"../../../Engine/Content/Internationalization/icudt64l/region/en_IN.res" 1347
"../../../Engine/Content/Internationalization/icudt64l/lang/en_IO.res" 1348
"../../../Engine/Content/Internationalization/icudt64l/region/en_IO.res" 1349
"../../../Engine/Content/Internationalization/icudt64l/lang/en_JE.res" 1350
"../../../Engine/Content/Internationalization/icudt64l/region/en_JE.res" 1351
"../../../Engine/Content/Internationalization/icudt64l/lang/en_JM.res" 1352
"../../../Engine/Content/Internationalization/icudt64l/region/en_JM.res" 1353
"../../../Engine/Content/Internationalization/icudt64l/lang/en_KE.res" 1354
"../../../Engine/Content/Internationalization/icudt64l/region/en_KE.res" 1355
"../../../Engine/Content/Internationalization/icudt64l/lang/en_KI.res" 1356
"../../../Engine/Content/Internationalization/icudt64l/region/en_KI.res" 1357
"../../../Engine/Content/Internationalization/icudt64l/lang/en_KN.res" 1358
"../../../Engine/Content/Internationalization/icudt64l/region/en_KN.res" 1359
"../../../Engine/Content/Internationalization/icudt64l/lang/en_KY.res" 1360
"../../../Engine/Content/Internationalization/icudt64l/region/en_KY.res" 1361
"../../../Engine/Content/Internationalization/icudt64l/lang/en_LC.res" 1362
"../../../Engine/Content/Internationalization/icudt64l/region/en_LC.res" 1363
"../../../Engine/Content/Internationalization/icudt64l/lang/en_LR.res" 1364
"../../../Engine/Content/Internationalization/icudt64l/region/en_LR.res" 1365
"../../../Engine/Content/Internationalization/icudt64l/lang/en_LS.res" 1366
"../../../Engine/Content/Internationalization/icudt64l/region/en_LS.res" 1367
"../../../Engine/Content/Internationalization/icudt64l/lang/en_MG.res" 1368
"../../../Engine/Content/Internationalization/icudt64l/region/en_MG.res" 1369
"../../../Engine/Content/Internationalization/icudt64l/lang/en_MO.res" 1370
"../../../Engine/Content/Internationalization/icudt64l/region/en_MO.res" 1371
"../../../Engine/Content/Internationalization/icudt64l/lang/en_MS.res" 1372
"../../../Engine/Content/Internationalization/icudt64l/region/en_MS.res" 1373
"../../../Engine/Content/Internationalization/icudt64l/lang/en_MT.res" 1374
"../../../Engine/Content/Internationalization/icudt64l/region/en_MT.res" 1375
"../../../Engine/Content/Internationalization/icudt64l/lang/en_MU.res" 1376
"../../../Engine/Content/Internationalization/icudt64l/region/en_MU.res" 1377
"../../../Engine/Content/Internationalization/icudt64l/lang/en_MW.res" 1378
"../../../Engine/Content/Internationalization/icudt64l/region/en_MW.res" 1379
"../../../Engine/Content/Internationalization/icudt64l/lang/en_MY.res" 1380
"../../../Engine/Content/Internationalization/icudt64l/region/en_MY.res" 1381
"../../../Engine/Content/Internationalization/icudt64l/lang/en_NA.res" 1382
"../../../Engine/Content/Internationalization/icudt64l/region/en_NA.res" 1383
"../../../Engine/Content/Internationalization/icudt64l/lang/en_NF.res" 1384
"../../../Engine/Content/Internationalization/icudt64l/region/en_NF.res" 1385
"../../../Engine/Content/Internationalization/icudt64l/lang/en_NG.res" 1386
"../../../Engine/Content/Internationalization/icudt64l/region/en_NG.res" 1387
"../../../Engine/Content/Internationalization/icudt64l/lang/en_NL.res" 1388
"../../../Engine/Content/Internationalization/icudt64l/region/en_NL.res" 1389
"../../../Engine/Content/Internationalization/icudt64l/lang/en_NR.res" 1390
"../../../Engine/Content/Internationalization/icudt64l/region/en_NR.res" 1391
"../../../Engine/Content/Internationalization/icudt64l/lang/en_NU.res" 1392
"../../../Engine/Content/Internationalization/icudt64l/region/en_NU.res" 1393
"../../../Engine/Content/Internationalization/icudt64l/lang/en_NZ.res" 1394
"../../../Engine/Content/Internationalization/icudt64l/region/en_NZ.res" 1395
"../../../Engine/Content/Internationalization/icudt64l/lang/en_PG.res" 1396
"../../../Engine/Content/Internationalization/icudt64l/region/en_PG.res" 1397
"../../../Engine/Content/Internationalization/icudt64l/lang/en_PH.res" 1398
"../../../Engine/Content/Internationalization/icudt64l/region/en_PH.res" 1399
"../../../Engine/Content/Internationalization/icudt64l/lang/en_PK.res" 1400
"../../../Engine/Content/Internationalization/icudt64l/region/en_PK.res" 1401
"../../../Engine/Content/Internationalization/icudt64l/lang/en_PN.res" 1402
"../../../Engine/Content/Internationalization/icudt64l/region/en_PN.res" 1403
"../../../Engine/Content/Internationalization/icudt64l/lang/en_PW.res" 1404
"../../../Engine/Content/Internationalization/icudt64l/region/en_PW.res" 1405
"../../../Engine/Content/Internationalization/icudt64l/lang/en_RW.res" 1406
"../../../Engine/Content/Internationalization/icudt64l/region/en_RW.res" 1407
"../../../Engine/Content/Internationalization/icudt64l/lang/en_SB.res" 1408
"../../../Engine/Content/Internationalization/icudt64l/region/en_SB.res" 1409
"../../../Engine/Content/Internationalization/icudt64l/lang/en_SC.res" 1410
"../../../Engine/Content/Internationalization/icudt64l/region/en_SC.res" 1411
"../../../Engine/Content/Internationalization/icudt64l/lang/en_SD.res" 1412
"../../../Engine/Content/Internationalization/icudt64l/region/en_SD.res" 1413
"../../../Engine/Content/Internationalization/icudt64l/lang/en_SE.res" 1414
"../../../Engine/Content/Internationalization/icudt64l/region/en_SE.res" 1415
"../../../Engine/Content/Internationalization/icudt64l/lang/en_SG.res" 1416
"../../../Engine/Content/Internationalization/icudt64l/region/en_SG.res" 1417
"../../../Engine/Content/Internationalization/icudt64l/lang/en_SH.res" 1418
"../../../Engine/Content/Internationalization/icudt64l/region/en_SH.res" 1419
"../../../Engine/Content/Internationalization/icudt64l/lang/en_SI.res" 1420
"../../../Engine/Content/Internationalization/icudt64l/region/en_SI.res" 1421
"../../../Engine/Content/Internationalization/icudt64l/lang/en_SL.res" 1422
"../../../Engine/Content/Internationalization/icudt64l/region/en_SL.res" 1423
"../../../Engine/Content/Internationalization/icudt64l/lang/en_SS.res" 1424
"../../../Engine/Content/Internationalization/icudt64l/region/en_SS.res" 1425
"../../../Engine/Content/Internationalization/icudt64l/lang/en_SX.res" 1426
"../../../Engine/Content/Internationalization/icudt64l/region/en_SX.res" 1427
"../../../Engine/Content/Internationalization/icudt64l/lang/en_SZ.res" 1428
"../../../Engine/Content/Internationalization/icudt64l/region/en_SZ.res" 1429
"../../../Engine/Content/Internationalization/icudt64l/lang/en_TC.res" 1430
"../../../Engine/Content/Internationalization/icudt64l/region/en_TC.res" 1431
"../../../Engine/Content/Internationalization/icudt64l/lang/en_TK.res" 1432
"../../../Engine/Content/Internationalization/icudt64l/region/en_TK.res" 1433
"../../../Engine/Content/Internationalization/icudt64l/lang/en_TO.res" 1434
"../../../Engine/Content/Internationalization/icudt64l/region/en_TO.res" 1435
"../../../Engine/Content/Internationalization/icudt64l/lang/en_TT.res" 1436
"../../../Engine/Content/Internationalization/icudt64l/region/en_TT.res" 1437
"../../../Engine/Content/Internationalization/icudt64l/lang/en_TV.res" 1438
"../../../Engine/Content/Internationalization/icudt64l/region/en_TV.res" 1439
"../../../Engine/Content/Internationalization/icudt64l/lang/en_TZ.res" 1440
"../../../Engine/Content/Internationalization/icudt64l/region/en_TZ.res" 1441
"../../../Engine/Content/Internationalization/icudt64l/lang/en_UG.res" 1442
"../../../Engine/Content/Internationalization/icudt64l/region/en_UG.res" 1443
"../../../Engine/Content/Internationalization/icudt64l/lang/en_VC.res" 1444
"../../../Engine/Content/Internationalization/icudt64l/region/en_VC.res" 1445
"../../../Engine/Content/Internationalization/icudt64l/lang/en_VG.res" 1446
"../../../Engine/Content/Internationalization/icudt64l/region/en_VG.res" 1447
"../../../Engine/Content/Internationalization/icudt64l/lang/en_VU.res" 1448
"../../../Engine/Content/Internationalization/icudt64l/region/en_VU.res" 1449
"../../../Engine/Content/Internationalization/icudt64l/lang/en_WS.res" 1450
"../../../Engine/Content/Internationalization/icudt64l/region/en_WS.res" 1451
"../../../Engine/Content/Internationalization/icudt64l/lang/en_ZA.res" 1452
"../../../Engine/Content/Internationalization/icudt64l/region/en_ZA.res" 1453
"../../../Engine/Content/Internationalization/icudt64l/lang/en_ZM.res" 1454
"../../../Engine/Content/Internationalization/icudt64l/region/en_ZM.res" 1455
"../../../Engine/Content/Internationalization/icudt64l/lang/en_ZW.res" 1456
"../../../Engine/Content/Internationalization/icudt64l/region/en_ZW.res" 1457
"../../../Engine/Content/Internationalization/icudt64l/lang/eo.res" 1458
"../../../Engine/Content/Internationalization/icudt64l/region/eo.res" 1459
"../../../Engine/Content/Internationalization/icudt64l/lang/es.res" 1460
"../../../Engine/Content/Internationalization/icudt64l/lang/es_419.res" 1461
"../../../Engine/Content/Internationalization/icudt64l/region/es_419.res" 1462
"../../../Engine/Content/Internationalization/icudt64l/region/es.res" 1463
"../../../Engine/Content/Internationalization/icudt64l/lang/es_AR.res" 1464
"../../../Engine/Content/Internationalization/icudt64l/region/es_AR.res" 1465
"../../../Engine/Content/Internationalization/icudt64l/lang/es_BO.res" 1466
"../../../Engine/Content/Internationalization/icudt64l/region/es_BO.res" 1467
"../../../Engine/Content/Internationalization/icudt64l/lang/es_BR.res" 1468
"../../../Engine/Content/Internationalization/icudt64l/region/es_BR.res" 1469
"../../../Engine/Content/Internationalization/icudt64l/lang/es_BZ.res" 1470
"../../../Engine/Content/Internationalization/icudt64l/region/es_BZ.res" 1471
"../../../Engine/Content/Internationalization/icudt64l/lang/es_CL.res" 1472
"../../../Engine/Content/Internationalization/icudt64l/region/es_CL.res" 1473
"../../../Engine/Content/Internationalization/icudt64l/lang/es_CO.res" 1474
"../../../Engine/Content/Internationalization/icudt64l/region/es_CO.res" 1475
"../../../Engine/Content/Internationalization/icudt64l/lang/es_CR.res" 1476
"../../../Engine/Content/Internationalization/icudt64l/region/es_CR.res" 1477
"../../../Engine/Content/Internationalization/icudt64l/lang/es_CU.res" 1478
"../../../Engine/Content/Internationalization/icudt64l/region/es_CU.res" 1479
"../../../Engine/Content/Internationalization/icudt64l/lang/es_DO.res" 1480
"../../../Engine/Content/Internationalization/icudt64l/region/es_DO.res" 1481
"../../../Engine/Content/Internationalization/icudt64l/lang/es_EC.res" 1482
"../../../Engine/Content/Internationalization/icudt64l/region/es_EC.res" 1483
"../../../Engine/Content/Internationalization/icudt64l/lang/es_GT.res" 1484
"../../../Engine/Content/Internationalization/icudt64l/region/es_GT.res" 1485
"../../../Engine/Content/Internationalization/icudt64l/lang/es_HN.res" 1486
"../../../Engine/Content/Internationalization/icudt64l/region/es_HN.res" 1487
"../../../Engine/Content/Internationalization/icudt64l/lang/es_MX.res" 1488
"../../../Engine/Content/Internationalization/icudt64l/region/es_MX.res" 1489
"../../../Engine/Content/Internationalization/icudt64l/lang/es_NI.res" 1490
"../../../Engine/Content/Internationalization/icudt64l/region/es_NI.res" 1491
"../../../Engine/Content/Internationalization/icudt64l/lang/es_PA.res" 1492
"../../../Engine/Content/Internationalization/icudt64l/region/es_PA.res" 1493
"../../../Engine/Content/Internationalization/icudt64l/lang/es_PE.res" 1494
"../../../Engine/Content/Internationalization/icudt64l/region/es_PE.res" 1495
"../../../Engine/Content/Internationalization/icudt64l/lang/es_PR.res" 1496
"../../../Engine/Content/Internationalization/icudt64l/region/es_PR.res" 1497
"../../../Engine/Content/Internationalization/icudt64l/lang/es_PY.res" 1498
"../../../Engine/Content/Internationalization/icudt64l/region/es_PY.res" 1499
"../../../Engine/Content/Internationalization/icudt64l/lang/es_SV.res" 1500
"../../../Engine/Content/Internationalization/icudt64l/region/es_SV.res" 1501
"../../../Engine/Content/Internationalization/icudt64l/lang/es_US.res" 1502
"../../../Engine/Content/Internationalization/icudt64l/region/es_US.res" 1503
"../../../Engine/Content/Internationalization/icudt64l/lang/es_UY.res" 1504
"../../../Engine/Content/Internationalization/icudt64l/region/es_UY.res" 1505
"../../../Engine/Content/Internationalization/icudt64l/lang/es_VE.res" 1506
"../../../Engine/Content/Internationalization/icudt64l/region/es_VE.res" 1507
"../../../Engine/Content/Internationalization/icudt64l/lang/et.res" 1508
"../../../Engine/Content/Internationalization/icudt64l/region/et.res" 1509
"../../../Engine/Content/Internationalization/icudt64l/lang/eu.res" 1510
"../../../Engine/Content/Internationalization/icudt64l/region/eu.res" 1511
"../../../Engine/Content/Internationalization/icudt64l/lang/ewo.res" 1512
"../../../Engine/Content/Internationalization/icudt64l/region/ewo.res" 1513
"../../../Engine/Content/Internationalization/icudt64l/lang/fa.res" 1514
"../../../Engine/Content/Internationalization/icudt64l/lang/fa_AF.res" 1515
"../../../Engine/Content/Internationalization/icudt64l/region/fa_AF.res" 1516
"../../../Engine/Content/Internationalization/icudt64l/region/fa.res" 1517
"../../../Engine/Content/Internationalization/icudt64l/lang/ff.res" 1518
"../../../Engine/Content/Internationalization/icudt64l/lang/ff_Latn.res" 1519
"../../../Engine/Content/Internationalization/icudt64l/region/ff.res" 1520
"../../../Engine/Content/Internationalization/icudt64l/region/ff_Latn.res" 1521
"../../../Engine/Content/Internationalization/icudt64l/lang/ff_CM.res" 1522
"../../../Engine/Content/Internationalization/icudt64l/lang/ff_Latn_CM.res" 1523
"../../../Engine/Content/Internationalization/icudt64l/region/ff_CM.res" 1524
"../../../Engine/Content/Internationalization/icudt64l/region/ff_Latn_CM.res" 1525
"../../../Engine/Content/Internationalization/icudt64l/lang/ff_GN.res" 1526
"../../../Engine/Content/Internationalization/icudt64l/lang/ff_Latn_GN.res" 1527
"../../../Engine/Content/Internationalization/icudt64l/region/ff_GN.res" 1528
"../../../Engine/Content/Internationalization/icudt64l/region/ff_Latn_GN.res" 1529
"../../../Engine/Content/Internationalization/icudt64l/lang/ff_MR.res" 1530
"../../../Engine/Content/Internationalization/icudt64l/lang/ff_Latn_MR.res" 1531
"../../../Engine/Content/Internationalization/icudt64l/region/ff_MR.res" 1532
"../../../Engine/Content/Internationalization/icudt64l/region/ff_Latn_MR.res" 1533
"../../../Engine/Content/Internationalization/icudt64l/lang/ff_SN.res" 1534
"../../../Engine/Content/Internationalization/icudt64l/lang/ff_Latn_SN.res" 1535
"../../../Engine/Content/Internationalization/icudt64l/region/ff_SN.res" 1536
"../../../Engine/Content/Internationalization/icudt64l/region/ff_Latn_SN.res" 1537
"../../../Engine/Content/Internationalization/icudt64l/lang/fi.res" 1538
"../../../Engine/Content/Internationalization/icudt64l/region/fi.res" 1539
"../../../Engine/Content/Internationalization/icudt64l/lang/fil.res" 1540
"../../../Engine/Content/Internationalization/icudt64l/lang/fil_PH.res" 1541
"../../../Engine/Content/Internationalization/icudt64l/region/fil_PH.res" 1542
"../../../Engine/Content/Internationalization/icudt64l/region/fil.res" 1543
"../../../Engine/Content/Internationalization/icudt64l/lang/fo.res" 1544
"../../../Engine/Content/Internationalization/icudt64l/region/fo.res" 1545
"../../../Engine/Content/Internationalization/icudt64l/lang/fr.res" 1546
"../../../Engine/Content/Internationalization/icudt64l/lang/fr_BE.res" 1547
"../../../Engine/Content/Internationalization/icudt64l/region/fr_BE.res" 1548
"../../../Engine/Content/Internationalization/icudt64l/region/fr.res" 1549
"../../../Engine/Content/Internationalization/icudt64l/lang/fr_CA.res" 1550
"../../../Engine/Content/Internationalization/icudt64l/region/fr_CA.res" 1551
"../../../Engine/Content/Internationalization/icudt64l/lang/fr_CH.res" 1552
"../../../Engine/Content/Internationalization/icudt64l/lang/fur.res" 1553
"../../../Engine/Content/Internationalization/icudt64l/region/fur.res" 1554
"../../../Engine/Content/Internationalization/icudt64l/lang/fy.res" 1555
"../../../Engine/Content/Internationalization/icudt64l/region/fy.res" 1556
"../../../Engine/Content/Internationalization/icudt64l/lang/ga.res" 1557
"../../../Engine/Content/Internationalization/icudt64l/region/ga.res" 1558
"../../../Engine/Content/Internationalization/icudt64l/lang/gd.res" 1559
"../../../Engine/Content/Internationalization/icudt64l/region/gd.res" 1560
"../../../Engine/Content/Internationalization/icudt64l/lang/gl.res" 1561
"../../../Engine/Content/Internationalization/icudt64l/region/gl.res" 1562
"../../../Engine/Content/Internationalization/icudt64l/lang/gsw.res" 1563
"../../../Engine/Content/Internationalization/icudt64l/region/gsw.res" 1564
"../../../Engine/Content/Internationalization/icudt64l/lang/gu.res" 1565
"../../../Engine/Content/Internationalization/icudt64l/region/gu.res" 1566
"../../../Engine/Content/Internationalization/icudt64l/lang/guz.res" 1567
"../../../Engine/Content/Internationalization/icudt64l/region/guz.res" 1568
"../../../Engine/Content/Internationalization/icudt64l/lang/gv.res" 1569
"../../../Engine/Content/Internationalization/icudt64l/region/gv.res" 1570
"../../../Engine/Content/Internationalization/icudt64l/lang/ha.res" 1571
"../../../Engine/Content/Internationalization/icudt64l/region/ha.res" 1572
"../../../Engine/Content/Internationalization/icudt64l/lang/ha_NE.res" 1573
"../../../Engine/Content/Internationalization/icudt64l/region/ha_NE.res" 1574
"../../../Engine/Content/Internationalization/icudt64l/lang/haw.res" 1575
"../../../Engine/Content/Internationalization/icudt64l/region/haw.res" 1576
"../../../Engine/Content/Internationalization/icudt64l/lang/he.res" 1577
"../../../Engine/Content/Internationalization/icudt64l/lang/he_IL.res" 1578
"../../../Engine/Content/Internationalization/icudt64l/region/he_IL.res" 1579
"../../../Engine/Content/Internationalization/icudt64l/region/he.res" 1580
"../../../Engine/Content/Internationalization/icudt64l/lang/hi.res" 1581
"../../../Engine/Content/Internationalization/icudt64l/region/hi.res" 1582
"../../../Engine/Content/Internationalization/icudt64l/lang/hr.res" 1583
"../../../Engine/Content/Internationalization/icudt64l/region/hr.res" 1584
"../../../Engine/Content/Internationalization/icudt64l/lang/hsb.res" 1585
"../../../Engine/Content/Internationalization/icudt64l/region/hsb.res" 1586
"../../../Engine/Content/Internationalization/icudt64l/lang/hu.res" 1587
"../../../Engine/Content/Internationalization/icudt64l/region/hu.res" 1588
"../../../Engine/Content/Internationalization/icudt64l/lang/hy.res" 1589
"../../../Engine/Content/Internationalization/icudt64l/region/hy.res" 1590
"../../../Engine/Content/Internationalization/icudt64l/lang/ia.res" 1591
"../../../Engine/Content/Internationalization/icudt64l/region/ia.res" 1592
"../../../Engine/Content/Internationalization/icudt64l/lang/id.res" 1593
"../../../Engine/Content/Internationalization/icudt64l/lang/id_ID.res" 1594
"../../../Engine/Content/Internationalization/icudt64l/region/id_ID.res" 1595
"../../../Engine/Content/Internationalization/icudt64l/region/id.res" 1596
"../../../Engine/Content/Internationalization/icudt64l/lang/ig.res" 1597
"../../../Engine/Content/Internationalization/icudt64l/region/ig.res" 1598
"../../../Engine/Content/Internationalization/icudt64l/lang/ii.res" 1599
"../../../Engine/Content/Internationalization/icudt64l/region/ii.res" 1600
"../../../Engine/Content/Internationalization/icudt64l/lang/is.res" 1601
"../../../Engine/Content/Internationalization/icudt64l/region/is.res" 1602
"../../../Engine/Content/Internationalization/icudt64l/lang/it.res" 1603
"../../../Engine/Content/Internationalization/icudt64l/region/it.res" 1604
"../../../Engine/Content/Internationalization/icudt64l/lang/ja.res" 1605
"../../../Engine/Content/Internationalization/icudt64l/lang/ja_JP.res" 1606
"../../../Engine/Content/Internationalization/icudt64l/region/ja_JP.res" 1607
"../../../Engine/Content/Internationalization/icudt64l/region/ja.res" 1608
"../../../Engine/Content/Internationalization/icudt64l/lang/jgo.res" 1609
"../../../Engine/Content/Internationalization/icudt64l/region/jgo.res" 1610
"../../../Engine/Content/Internationalization/icudt64l/lang/jmc.res" 1611
"../../../Engine/Content/Internationalization/icudt64l/region/jmc.res" 1612
"../../../Engine/Content/Internationalization/icudt64l/lang/jv.res" 1613
"../../../Engine/Content/Internationalization/icudt64l/region/jv.res" 1614
"../../../Engine/Content/Internationalization/icudt64l/lang/ka.res" 1615
"../../../Engine/Content/Internationalization/icudt64l/region/ka.res" 1616
"../../../Engine/Content/Internationalization/icudt64l/lang/kab.res" 1617
"../../../Engine/Content/Internationalization/icudt64l/region/kab.res" 1618
"../../../Engine/Content/Internationalization/icudt64l/lang/kam.res" 1619
"../../../Engine/Content/Internationalization/icudt64l/region/kam.res" 1620
"../../../Engine/Content/Internationalization/icudt64l/lang/kde.res" 1621
"../../../Engine/Content/Internationalization/icudt64l/region/kde.res" 1622
"../../../Engine/Content/Internationalization/icudt64l/lang/kea.res" 1623
"../../../Engine/Content/Internationalization/icudt64l/region/kea.res" 1624
"../../../Engine/Content/Internationalization/icudt64l/lang/khq.res" 1625
"../../../Engine/Content/Internationalization/icudt64l/region/khq.res" 1626
"../../../Engine/Content/Internationalization/icudt64l/lang/ki.res" 1627
"../../../Engine/Content/Internationalization/icudt64l/region/ki.res" 1628
"../../../Engine/Content/Internationalization/icudt64l/lang/kk.res" 1629
"../../../Engine/Content/Internationalization/icudt64l/region/kk.res" 1630
"../../../Engine/Content/Internationalization/icudt64l/lang/kkj.res" 1631
"../../../Engine/Content/Internationalization/icudt64l/region/kkj.res" 1632
"../../../Engine/Content/Internationalization/icudt64l/lang/kl.res" 1633
"../../../Engine/Content/Internationalization/icudt64l/region/kl.res" 1634
"../../../Engine/Content/Internationalization/icudt64l/lang/kln.res" 1635
"../../../Engine/Content/Internationalization/icudt64l/region/kln.res" 1636
"../../../Engine/Content/Internationalization/icudt64l/lang/km.res" 1637
"../../../Engine/Content/Internationalization/icudt64l/region/km.res" 1638
"../../../Engine/Content/Internationalization/icudt64l/lang/kn.res" 1639
"../../../Engine/Content/Internationalization/icudt64l/region/kn.res" 1640
"../../../Engine/Content/Internationalization/icudt64l/lang/ko.res" 1641
"../../../Engine/Content/Internationalization/icudt64l/region/ko_KP.res" 1642
"../../../Engine/Content/Internationalization/icudt64l/region/ko.res" 1643
"../../../Engine/Content/Internationalization/icudt64l/lang/kok.res" 1644
"../../../Engine/Content/Internationalization/icudt64l/region/kok.res" 1645
"../../../Engine/Content/Internationalization/icudt64l/lang/ks.res" 1646
"../../../Engine/Content/Internationalization/icudt64l/region/ks.res" 1647
"../../../Engine/Content/Internationalization/icudt64l/lang/ksb.res" 1648
"../../../Engine/Content/Internationalization/icudt64l/region/ksb.res" 1649
"../../../Engine/Content/Internationalization/icudt64l/lang/ksf.res" 1650
"../../../Engine/Content/Internationalization/icudt64l/region/ksf.res" 1651
"../../../Engine/Content/Internationalization/icudt64l/lang/ksh.res" 1652
"../../../Engine/Content/Internationalization/icudt64l/region/ksh.res" 1653
"../../../Engine/Content/Internationalization/icudt64l/lang/ku.res" 1654
"../../../Engine/Content/Internationalization/icudt64l/region/ku.res" 1655
"../../../Engine/Content/Internationalization/icudt64l/lang/kw.res" 1656
"../../../Engine/Content/Internationalization/icudt64l/region/kw.res" 1657
"../../../Engine/Content/Internationalization/icudt64l/lang/ky.res" 1658
"../../../Engine/Content/Internationalization/icudt64l/region/ky.res" 1659
"../../../Engine/Content/Internationalization/icudt64l/lang/lag.res" 1660
"../../../Engine/Content/Internationalization/icudt64l/region/lag.res" 1661
"../../../Engine/Content/Internationalization/icudt64l/lang/lb.res" 1662
"../../../Engine/Content/Internationalization/icudt64l/region/lb.res" 1663
"../../../Engine/Content/Internationalization/icudt64l/lang/lg.res" 1664
"../../../Engine/Content/Internationalization/icudt64l/region/lg.res" 1665
"../../../Engine/Content/Internationalization/icudt64l/lang/lkt.res" 1666
"../../../Engine/Content/Internationalization/icudt64l/region/lkt.res" 1667
"../../../Engine/Content/Internationalization/icudt64l/lang/ln.res" 1668
"../../../Engine/Content/Internationalization/icudt64l/region/ln.res" 1669
"../../../Engine/Content/Internationalization/icudt64l/lang/lo.res" 1670
"../../../Engine/Content/Internationalization/icudt64l/region/lo.res" 1671
"../../../Engine/Content/Internationalization/icudt64l/lang/lrc.res" 1672
"../../../Engine/Content/Internationalization/icudt64l/region/lrc.res" 1673
"../../../Engine/Content/Internationalization/icudt64l/lang/lt.res" 1674
"../../../Engine/Content/Internationalization/icudt64l/region/lt.res" 1675
"../../../Engine/Content/Internationalization/icudt64l/lang/lu.res" 1676
"../../../Engine/Content/Internationalization/icudt64l/region/lu.res" 1677
"../../../Engine/Content/Internationalization/icudt64l/lang/luo.res" 1678
"../../../Engine/Content/Internationalization/icudt64l/region/luo.res" 1679
"../../../Engine/Content/Internationalization/icudt64l/lang/luy.res" 1680
"../../../Engine/Content/Internationalization/icudt64l/region/luy.res" 1681
"../../../Engine/Content/Internationalization/icudt64l/lang/lv.res" 1682
"../../../Engine/Content/Internationalization/icudt64l/region/lv.res" 1683
"../../../Engine/Content/Internationalization/icudt64l/lang/mas.res" 1684
"../../../Engine/Content/Internationalization/icudt64l/region/mas.res" 1685
"../../../Engine/Content/Internationalization/icudt64l/lang/mer.res" 1686
"../../../Engine/Content/Internationalization/icudt64l/region/mer.res" 1687
"../../../Engine/Content/Internationalization/icudt64l/lang/mfe.res" 1688
"../../../Engine/Content/Internationalization/icudt64l/region/mfe.res" 1689
"../../../Engine/Content/Internationalization/icudt64l/lang/mg.res" 1690
"../../../Engine/Content/Internationalization/icudt64l/region/mg.res" 1691
"../../../Engine/Content/Internationalization/icudt64l/lang/mgh.res" 1692
"../../../Engine/Content/Internationalization/icudt64l/region/mgh.res" 1693
"../../../Engine/Content/Internationalization/icudt64l/lang/mgo.res" 1694
"../../../Engine/Content/Internationalization/icudt64l/region/mgo.res" 1695
"../../../Engine/Content/Internationalization/icudt64l/lang/mi.res" 1696
"../../../Engine/Content/Internationalization/icudt64l/region/mi.res" 1697
"../../../Engine/Content/Internationalization/icudt64l/lang/mk.res" 1698
"../../../Engine/Content/Internationalization/icudt64l/region/mk.res" 1699
"../../../Engine/Content/Internationalization/icudt64l/lang/ml.res" 1700
"../../../Engine/Content/Internationalization/icudt64l/region/ml.res" 1701
"../../../Engine/Content/Internationalization/icudt64l/lang/mn.res" 1702
"../../../Engine/Content/Internationalization/icudt64l/region/mn.res" 1703
"../../../Engine/Content/Internationalization/icudt64l/lang/mr.res" 1704
"../../../Engine/Content/Internationalization/icudt64l/region/mr.res" 1705
"../../../Engine/Content/Internationalization/icudt64l/lang/ms.res" 1706
"../../../Engine/Content/Internationalization/icudt64l/region/ms.res" 1707
"../../../Engine/Content/Internationalization/icudt64l/lang/mt.res" 1708
"../../../Engine/Content/Internationalization/icudt64l/region/mt.res" 1709
"../../../Engine/Content/Internationalization/icudt64l/lang/mua.res" 1710
"../../../Engine/Content/Internationalization/icudt64l/region/mua.res" 1711
"../../../Engine/Content/Internationalization/icudt64l/lang/my.res" 1712
"../../../Engine/Content/Internationalization/icudt64l/region/my.res" 1713
"../../../Engine/Content/Internationalization/icudt64l/lang/mzn.res" 1714
"../../../Engine/Content/Internationalization/icudt64l/region/mzn.res" 1715
"../../../Engine/Content/Internationalization/icudt64l/lang/naq.res" 1716
"../../../Engine/Content/Internationalization/icudt64l/region/naq.res" 1717
"../../../Engine/Content/Internationalization/icudt64l/lang/nb.res" 1718
"../../../Engine/Content/Internationalization/icudt64l/lang/nb_NO.res" 1719
"../../../Engine/Content/Internationalization/icudt64l/region/nb_NO.res" 1720
"../../../Engine/Content/Internationalization/icudt64l/region/nb.res" 1721
"../../../Engine/Content/Internationalization/icudt64l/lang/nd.res" 1722
"../../../Engine/Content/Internationalization/icudt64l/region/nd.res" 1723
"../../../Engine/Content/Internationalization/icudt64l/lang/nds.res" 1724
"../../../Engine/Content/Internationalization/icudt64l/region/nds.res" 1725
"../../../Engine/Content/Internationalization/icudt64l/lang/ne.res" 1726
"../../../Engine/Content/Internationalization/icudt64l/region/ne.res" 1727
"../../../Engine/Content/Internationalization/icudt64l/lang/nl.res" 1728
"../../../Engine/Content/Internationalization/icudt64l/region/nl.res" 1729
"../../../Engine/Content/Internationalization/icudt64l/lang/nmg.res" 1730
"../../../Engine/Content/Internationalization/icudt64l/region/nmg.res" 1731
"../../../Engine/Content/Internationalization/icudt64l/lang/nn.res" 1732
"../../../Engine/Content/Internationalization/icudt64l/lang/nn_NO.res" 1733
"../../../Engine/Content/Internationalization/icudt64l/region/nn_NO.res" 1734
"../../../Engine/Content/Internationalization/icudt64l/region/nn.res" 1735
"../../../Engine/Content/Internationalization/icudt64l/lang/nnh.res" 1736
"../../../Engine/Content/Internationalization/icudt64l/region/nnh.res" 1737
"../../../Engine/Content/Internationalization/icudt64l/lang/nus.res" 1738
"../../../Engine/Content/Internationalization/icudt64l/region/nus.res" 1739
"../../../Engine/Content/Internationalization/icudt64l/lang/nyn.res" 1740
"../../../Engine/Content/Internationalization/icudt64l/region/nyn.res" 1741
"../../../Engine/Content/Internationalization/icudt64l/lang/om.res" 1742
"../../../Engine/Content/Internationalization/icudt64l/region/om.res" 1743
"../../../Engine/Content/Internationalization/icudt64l/lang/or.res" 1744
"../../../Engine/Content/Internationalization/icudt64l/region/or.res" 1745
"../../../Engine/Content/Internationalization/icudt64l/lang/os.res" 1746
"../../../Engine/Content/Internationalization/icudt64l/region/os.res" 1747
"../../../Engine/Content/Internationalization/icudt64l/lang/pa.res" 1748
"../../../Engine/Content/Internationalization/icudt64l/lang/pa_Arab.res" 1749
"../../../Engine/Content/Internationalization/icudt64l/lang/pa_PK.res" 1750
"../../../Engine/Content/Internationalization/icudt64l/lang/pa_Arab_PK.res" 1751
"../../../Engine/Content/Internationalization/icudt64l/region/pa_PK.res" 1752
"../../../Engine/Content/Internationalization/icudt64l/region/pa_Arab_PK.res" 1753
"../../../Engine/Content/Internationalization/icudt64l/region/pa_Arab.res" 1754
"../../../Engine/Content/Internationalization/icudt64l/lang/pa_Guru.res" 1755
"../../../Engine/Content/Internationalization/icudt64l/lang/pa_IN.res" 1756
"../../../Engine/Content/Internationalization/icudt64l/lang/pa_Guru_IN.res" 1757
"../../../Engine/Content/Internationalization/icudt64l/region/pa_IN.res" 1758
"../../../Engine/Content/Internationalization/icudt64l/region/pa_Guru_IN.res" 1759
"../../../Engine/Content/Internationalization/icudt64l/region/pa_Guru.res" 1760
"../../../Engine/Content/Internationalization/icudt64l/region/pa.res" 1761
"../../../Engine/Content/Internationalization/icudt64l/lang/ps.res" 1762
"../../../Engine/Content/Internationalization/icudt64l/region/ps.res" 1763
"../../../Engine/Content/Internationalization/icudt64l/lang/ps_PK.res" 1764
"../../../Engine/Content/Internationalization/icudt64l/region/ps_PK.res" 1765
"../../../Engine/Content/Internationalization/icudt64l/lang/pt.res" 1766
"../../../Engine/Content/Internationalization/icudt64l/lang/pt_AO.res" 1767
"../../../Engine/Content/Internationalization/icudt64l/lang/pt_PT.res" 1768
"../../../Engine/Content/Internationalization/icudt64l/region/pt_AO.res" 1769
"../../../Engine/Content/Internationalization/icudt64l/region/pt_PT.res" 1770
"../../../Engine/Content/Internationalization/icudt64l/region/pt.res" 1771
"../../../Engine/Content/Internationalization/icudt64l/lang/pt_CH.res" 1772
"../../../Engine/Content/Internationalization/icudt64l/region/pt_CH.res" 1773
"../../../Engine/Content/Internationalization/icudt64l/lang/pt_CV.res" 1774
"../../../Engine/Content/Internationalization/icudt64l/region/pt_CV.res" 1775
"../../../Engine/Content/Internationalization/icudt64l/lang/pt_GQ.res" 1776
"../../../Engine/Content/Internationalization/icudt64l/region/pt_GQ.res" 1777
"../../../Engine/Content/Internationalization/icudt64l/lang/pt_GW.res" 1778
"../../../Engine/Content/Internationalization/icudt64l/region/pt_GW.res" 1779
"../../../Engine/Content/Internationalization/icudt64l/lang/pt_LU.res" 1780
"../../../Engine/Content/Internationalization/icudt64l/region/pt_LU.res" 1781
"../../../Engine/Content/Internationalization/icudt64l/lang/pt_MO.res" 1782
"../../../Engine/Content/Internationalization/icudt64l/region/pt_MO.res" 1783
"../../../Engine/Content/Internationalization/icudt64l/lang/pt_MZ.res" 1784
"../../../Engine/Content/Internationalization/icudt64l/region/pt_MZ.res" 1785
"../../../Engine/Content/Internationalization/icudt64l/lang/pt_ST.res" 1786
"../../../Engine/Content/Internationalization/icudt64l/region/pt_ST.res" 1787
"../../../Engine/Content/Internationalization/icudt64l/lang/pt_TL.res" 1788
"../../../Engine/Content/Internationalization/icudt64l/region/pt_TL.res" 1789
"../../../Engine/Content/Internationalization/icudt64l/lang/qu.res" 1790
"../../../Engine/Content/Internationalization/icudt64l/region/qu.res" 1791
"../../../Engine/Content/Internationalization/icudt64l/lang/rm.res" 1792
"../../../Engine/Content/Internationalization/icudt64l/region/rm.res" 1793
"../../../Engine/Content/Internationalization/icudt64l/lang/rn.res" 1794
"../../../Engine/Content/Internationalization/icudt64l/region/rn.res" 1795
"../../../Engine/Content/Internationalization/icudt64l/lang/ro.res" 1796
"../../../Engine/Content/Internationalization/icudt64l/lang/ro_MD.res" 1797
"../../../Engine/Content/Internationalization/icudt64l/region/ro_MD.res" 1798
"../../../Engine/Content/Internationalization/icudt64l/region/ro.res" 1799
"../../../Engine/Content/Internationalization/icudt64l/lang/rof.res" 1800
"../../../Engine/Content/Internationalization/icudt64l/region/rof.res" 1801
"../../../Engine/Content/Internationalization/icudt64l/lang/ru.res" 1802
"../../../Engine/Content/Internationalization/icudt64l/region/ru.res" 1803
"../../../Engine/Content/Internationalization/icudt64l/region/ru_UA.res" 1804
"../../../Engine/Content/Internationalization/icudt64l/lang/rw.res" 1805
"../../../Engine/Content/Internationalization/icudt64l/region/rw.res" 1806
"../../../Engine/Content/Internationalization/icudt64l/lang/rwk.res" 1807
"../../../Engine/Content/Internationalization/icudt64l/region/rwk.res" 1808
"../../../Engine/Content/Internationalization/icudt64l/lang/sah.res" 1809
"../../../Engine/Content/Internationalization/icudt64l/region/sah.res" 1810
"../../../Engine/Content/Internationalization/icudt64l/lang/saq.res" 1811
"../../../Engine/Content/Internationalization/icudt64l/region/saq.res" 1812
"../../../Engine/Content/Internationalization/icudt64l/lang/sbp.res" 1813
"../../../Engine/Content/Internationalization/icudt64l/region/sbp.res" 1814
"../../../Engine/Content/Internationalization/icudt64l/lang/sd.res" 1815
"../../../Engine/Content/Internationalization/icudt64l/region/sd.res" 1816
"../../../Engine/Content/Internationalization/icudt64l/lang/se.res" 1817
"../../../Engine/Content/Internationalization/icudt64l/lang/se_FI.res" 1818
"../../../Engine/Content/Internationalization/icudt64l/region/se_FI.res" 1819
"../../../Engine/Content/Internationalization/icudt64l/region/se.res" 1820
"../../../Engine/Content/Internationalization/icudt64l/lang/seh.res" 1821
"../../../Engine/Content/Internationalization/icudt64l/region/seh.res" 1822
"../../../Engine/Content/Internationalization/icudt64l/lang/ses.res" 1823
"../../../Engine/Content/Internationalization/icudt64l/region/ses.res" 1824
"../../../Engine/Content/Internationalization/icudt64l/lang/sg.res" 1825
"../../../Engine/Content/Internationalization/icudt64l/region/sg.res" 1826
"../../../Engine/Content/Internationalization/icudt64l/lang/shi.res" 1827
"../../../Engine/Content/Internationalization/icudt64l/lang/shi_Latn.res" 1828
"../../../Engine/Content/Internationalization/icudt64l/lang/shi_MA.res" 1829
"../../../Engine/Content/Internationalization/icudt64l/lang/shi_Tfng_MA.res" 1830
"../../../Engine/Content/Internationalization/icudt64l/lang/shi_Tfng.res" 1831
"../../../Engine/Content/Internationalization/icudt64l/region/shi_MA.res" 1832
"../../../Engine/Content/Internationalization/icudt64l/region/shi_Tfng_MA.res" 1833
"../../../Engine/Content/Internationalization/icudt64l/region/shi_Tfng.res" 1834
"../../../Engine/Content/Internationalization/icudt64l/region/shi.res" 1835
"../../../Engine/Content/Internationalization/icudt64l/region/shi_Latn.res" 1836
"../../../Engine/Content/Internationalization/icudt64l/lang/si.res" 1837
"../../../Engine/Content/Internationalization/icudt64l/region/si.res" 1838
"../../../Engine/Content/Internationalization/icudt64l/lang/sk.res" 1839
"../../../Engine/Content/Internationalization/icudt64l/region/sk.res" 1840
"../../../Engine/Content/Internationalization/icudt64l/lang/sl.res" 1841
"../../../Engine/Content/Internationalization/icudt64l/region/sl.res" 1842
"../../../Engine/Content/Internationalization/icudt64l/lang/smn.res" 1843
"../../../Engine/Content/Internationalization/icudt64l/region/smn.res" 1844
"../../../Engine/Content/Internationalization/icudt64l/lang/sn.res" 1845
"../../../Engine/Content/Internationalization/icudt64l/region/sn.res" 1846
"../../../Engine/Content/Internationalization/icudt64l/lang/so.res" 1847
"../../../Engine/Content/Internationalization/icudt64l/region/so.res" 1848
"../../../Engine/Content/Internationalization/icudt64l/lang/sq.res" 1849
"../../../Engine/Content/Internationalization/icudt64l/region/sq.res" 1850
"../../../Engine/Content/Internationalization/icudt64l/lang/sr.res" 1851
"../../../Engine/Content/Internationalization/icudt64l/lang/sr_Cyrl.res" 1852
"../../../Engine/Content/Internationalization/icudt64l/lang/sr_BA.res" 1853
"../../../Engine/Content/Internationalization/icudt64l/lang/sr_Cyrl_BA.res" 1854
"../../../Engine/Content/Internationalization/icudt64l/region/sr_BA.res" 1855
"../../../Engine/Content/Internationalization/icudt64l/region/sr_Cyrl_BA.res" 1856
"../../../Engine/Content/Internationalization/icudt64l/region/sr_Cyrl.res" 1857
"../../../Engine/Content/Internationalization/icudt64l/region/sr.res" 1858
"../../../Engine/Content/Internationalization/icudt64l/lang/sr_ME.res" 1859
"../../../Engine/Content/Internationalization/icudt64l/lang/sr_Latn_ME.res" 1860
"../../../Engine/Content/Internationalization/icudt64l/lang/sr_Latn.res" 1861
"../../../Engine/Content/Internationalization/icudt64l/region/sr_ME.res" 1862
"../../../Engine/Content/Internationalization/icudt64l/region/sr_Latn_ME.res" 1863
"../../../Engine/Content/Internationalization/icudt64l/region/sr_Latn.res" 1864
"../../../Engine/Content/Internationalization/icudt64l/lang/sr_Cyrl_ME.res" 1865
"../../../Engine/Content/Internationalization/icudt64l/region/sr_Cyrl_ME.res" 1866
"../../../Engine/Content/Internationalization/icudt64l/lang/sr_RS.res" 1867
"../../../Engine/Content/Internationalization/icudt64l/lang/sr_Cyrl_RS.res" 1868
"../../../Engine/Content/Internationalization/icudt64l/region/sr_RS.res" 1869
"../../../Engine/Content/Internationalization/icudt64l/region/sr_Cyrl_RS.res" 1870
"../../../Engine/Content/Internationalization/icudt64l/lang/sr_XK.res" 1871
"../../../Engine/Content/Internationalization/icudt64l/lang/sr_Cyrl_XK.res" 1872
"../../../Engine/Content/Internationalization/icudt64l/region/sr_XK.res" 1873
"../../../Engine/Content/Internationalization/icudt64l/region/sr_Cyrl_XK.res" 1874
"../../../Engine/Content/Internationalization/icudt64l/lang/sr_Latn_BA.res" 1875
"../../../Engine/Content/Internationalization/icudt64l/region/sr_Latn_BA.res" 1876
"../../../Engine/Content/Internationalization/icudt64l/lang/sr_Latn_RS.res" 1877
"../../../Engine/Content/Internationalization/icudt64l/region/sr_Latn_RS.res" 1878
"../../../Engine/Content/Internationalization/icudt64l/lang/sr_Latn_XK.res" 1879
"../../../Engine/Content/Internationalization/icudt64l/region/sr_Latn_XK.res" 1880
"../../../Engine/Content/Internationalization/icudt64l/lang/sv.res" 1881
"../../../Engine/Content/Internationalization/icudt64l/region/sv.res" 1882
"../../../Engine/Content/Internationalization/icudt64l/lang/sv_FI.res" 1883
"../../../Engine/Content/Internationalization/icudt64l/lang/sw.res" 1884
"../../../Engine/Content/Internationalization/icudt64l/lang/sw_CD.res" 1885
"../../../Engine/Content/Internationalization/icudt64l/region/sw_CD.res" 1886
"../../../Engine/Content/Internationalization/icudt64l/region/sw.res" 1887
"../../../Engine/Content/Internationalization/icudt64l/lang/sw_KE.res" 1888
"../../../Engine/Content/Internationalization/icudt64l/region/sw_KE.res" 1889
"../../../Engine/Content/Internationalization/icudt64l/lang/ta.res" 1890
"../../../Engine/Content/Internationalization/icudt64l/region/ta.res" 1891
"../../../Engine/Content/Internationalization/icudt64l/lang/te.res" 1892
"../../../Engine/Content/Internationalization/icudt64l/region/te.res" 1893
"../../../Engine/Content/Internationalization/icudt64l/lang/teo.res" 1894
"../../../Engine/Content/Internationalization/icudt64l/region/teo.res" 1895
"../../../Engine/Content/Internationalization/icudt64l/lang/tg.res" 1896
"../../../Engine/Content/Internationalization/icudt64l/region/tg.res" 1897
"../../../Engine/Content/Internationalization/icudt64l/lang/th.res" 1898
"../../../Engine/Content/Internationalization/icudt64l/lang/th_TH.res" 1899
"../../../Engine/Content/Internationalization/icudt64l/region/th_TH.res" 1900
"../../../Engine/Content/Internationalization/icudt64l/region/th.res" 1901
"../../../Engine/Content/Internationalization/icudt64l/lang/ti.res" 1902
"../../../Engine/Content/Internationalization/icudt64l/region/ti.res" 1903
"../../../Engine/Content/Internationalization/icudt64l/lang/tk.res" 1904
"../../../Engine/Content/Internationalization/icudt64l/region/tk.res" 1905
"../../../Engine/Content/Internationalization/icudt64l/lang/to.res" 1906
"../../../Engine/Content/Internationalization/icudt64l/region/to.res" 1907
"../../../Engine/Content/Internationalization/icudt64l/lang/tr.res" 1908
"../../../Engine/Content/Internationalization/icudt64l/region/tr.res" 1909
"../../../Engine/Content/Internationalization/icudt64l/lang/tt.res" 1910
"../../../Engine/Content/Internationalization/icudt64l/region/tt.res" 1911
"../../../Engine/Content/Internationalization/icudt64l/lang/twq.res" 1912
"../../../Engine/Content/Internationalization/icudt64l/region/twq.res" 1913
"../../../Engine/Content/Internationalization/icudt64l/lang/tzm.res" 1914
"../../../Engine/Content/Internationalization/icudt64l/region/tzm.res" 1915
"../../../Engine/Content/Internationalization/icudt64l/lang/ug.res" 1916
"../../../Engine/Content/Internationalization/icudt64l/region/ug.res" 1917
"../../../Engine/Content/Internationalization/icudt64l/lang/uk.res" 1918
"../../../Engine/Content/Internationalization/icudt64l/region/uk.res" 1919
"../../../Engine/Content/Internationalization/icudt64l/lang/ur.res" 1920
"../../../Engine/Content/Internationalization/icudt64l/lang/ur_IN.res" 1921
"../../../Engine/Content/Internationalization/icudt64l/region/ur_IN.res" 1922
"../../../Engine/Content/Internationalization/icudt64l/region/ur.res" 1923
"../../../Engine/Content/Internationalization/icudt64l/lang/uz.res" 1924
"../../../Engine/Content/Internationalization/icudt64l/lang/uz_Arab.res" 1925
"../../../Engine/Content/Internationalization/icudt64l/lang/uz_AF.res" 1926
"../../../Engine/Content/Internationalization/icudt64l/lang/uz_Arab_AF.res" 1927
"../../../Engine/Content/Internationalization/icudt64l/region/uz_AF.res" 1928
"../../../Engine/Content/Internationalization/icudt64l/region/uz_Arab_AF.res" 1929
"../../../Engine/Content/Internationalization/icudt64l/region/uz_Arab.res" 1930
"../../../Engine/Content/Internationalization/icudt64l/lang/uz_Cyrl.res" 1931
"../../../Engine/Content/Internationalization/icudt64l/lang/uz_UZ.res" 1932
"../../../Engine/Content/Internationalization/icudt64l/lang/uz_Latn_UZ.res" 1933
"../../../Engine/Content/Internationalization/icudt64l/lang/uz_Latn.res" 1934
"../../../Engine/Content/Internationalization/icudt64l/region/uz_UZ.res" 1935
"../../../Engine/Content/Internationalization/icudt64l/region/uz_Latn_UZ.res" 1936
"../../../Engine/Content/Internationalization/icudt64l/region/uz_Latn.res" 1937
"../../../Engine/Content/Internationalization/icudt64l/region/uz.res" 1938
"../../../Engine/Content/Internationalization/icudt64l/region/uz_Cyrl.res" 1939
"../../../Engine/Content/Internationalization/icudt64l/lang/vai.res" 1940
"../../../Engine/Content/Internationalization/icudt64l/lang/vai_Latn.res" 1941
"../../../Engine/Content/Internationalization/icudt64l/lang/vai_LR.res" 1942
"../../../Engine/Content/Internationalization/icudt64l/lang/vai_Vaii_LR.res" 1943
"../../../Engine/Content/Internationalization/icudt64l/lang/vai_Vaii.res" 1944
"../../../Engine/Content/Internationalization/icudt64l/region/vai_LR.res" 1945
"../../../Engine/Content/Internationalization/icudt64l/region/vai_Vaii_LR.res" 1946
"../../../Engine/Content/Internationalization/icudt64l/region/vai_Vaii.res" 1947
"../../../Engine/Content/Internationalization/icudt64l/region/vai.res" 1948
"../../../Engine/Content/Internationalization/icudt64l/region/vai_Latn.res" 1949
"../../../Engine/Content/Internationalization/icudt64l/lang/vi.res" 1950
"../../../Engine/Content/Internationalization/icudt64l/region/vi.res" 1951
"../../../Engine/Content/Internationalization/icudt64l/lang/vun.res" 1952
"../../../Engine/Content/Internationalization/icudt64l/region/vun.res" 1953
"../../../Engine/Content/Internationalization/icudt64l/lang/wae.res" 1954
"../../../Engine/Content/Internationalization/icudt64l/region/wae.res" 1955
"../../../Engine/Content/Internationalization/icudt64l/lang/wo.res" 1956
"../../../Engine/Content/Internationalization/icudt64l/region/wo.res" 1957
"../../../Engine/Content/Internationalization/icudt64l/lang/xh.res" 1958
"../../../Engine/Content/Internationalization/icudt64l/region/xh.res" 1959
"../../../Engine/Content/Internationalization/icudt64l/lang/xog.res" 1960
"../../../Engine/Content/Internationalization/icudt64l/region/xog.res" 1961
"../../../Engine/Content/Internationalization/icudt64l/lang/yav.res" 1962
"../../../Engine/Content/Internationalization/icudt64l/region/yav.res" 1963
"../../../Engine/Content/Internationalization/icudt64l/lang/yi.res" 1964
"../../../Engine/Content/Internationalization/icudt64l/region/yi.res" 1965
"../../../Engine/Content/Internationalization/icudt64l/lang/yo.res" 1966
"../../../Engine/Content/Internationalization/icudt64l/lang/yo_BJ.res" 1967
"../../../Engine/Content/Internationalization/icudt64l/region/yo_BJ.res" 1968
"../../../Engine/Content/Internationalization/icudt64l/region/yo.res" 1969
"../../../Engine/Content/Internationalization/icudt64l/lang/yue.res" 1970
"../../../Engine/Content/Internationalization/icudt64l/lang/yue_Hans.res" 1971
"../../../Engine/Content/Internationalization/icudt64l/lang/yue_CN.res" 1972
"../../../Engine/Content/Internationalization/icudt64l/lang/yue_Hans_CN.res" 1973
"../../../Engine/Content/Internationalization/icudt64l/region/yue_CN.res" 1974
"../../../Engine/Content/Internationalization/icudt64l/region/yue_Hans_CN.res" 1975
"../../../Engine/Content/Internationalization/icudt64l/region/yue_Hans.res" 1976
"../../../Engine/Content/Internationalization/icudt64l/lang/yue_Hant.res" 1977
"../../../Engine/Content/Internationalization/icudt64l/lang/yue_HK.res" 1978
"../../../Engine/Content/Internationalization/icudt64l/lang/yue_Hant_HK.res" 1979
"../../../Engine/Content/Internationalization/icudt64l/region/yue_HK.res" 1980
"../../../Engine/Content/Internationalization/icudt64l/region/yue_Hant_HK.res" 1981
"../../../Engine/Content/Internationalization/icudt64l/region/yue_Hant.res" 1982
"../../../Engine/Content/Internationalization/icudt64l/region/yue.res" 1983
"../../../Engine/Content/Internationalization/icudt64l/lang/zgh.res" 1984
"../../../Engine/Content/Internationalization/icudt64l/region/zgh.res" 1985
"../../../Engine/Content/Internationalization/icudt64l/lang/zh.res" 1986
"../../../Engine/Content/Internationalization/icudt64l/lang/zh_Hans.res" 1987
"../../../Engine/Content/Internationalization/icudt64l/lang/zh_CN.res" 1988
"../../../Engine/Content/Internationalization/icudt64l/lang/zh_Hans_CN.res" 1989
"../../../Engine/Content/Internationalization/icudt64l/region/zh_CN.res" 1990
"../../../Engine/Content/Internationalization/icudt64l/region/zh_Hans_CN.res" 1991
"../../../Engine/Content/Internationalization/icudt64l/region/zh_Hans.res" 1992
"../../../Engine/Content/Internationalization/icudt64l/region/zh.res" 1993
"../../../Engine/Content/Internationalization/icudt64l/lang/zh_HK.res" 1994
"../../../Engine/Content/Internationalization/icudt64l/lang/zh_Hant_HK.res" 1995
"../../../Engine/Content/Internationalization/icudt64l/lang/zh_Hant.res" 1996
"../../../Engine/Content/Internationalization/icudt64l/region/zh_HK.res" 1997
"../../../Engine/Content/Internationalization/icudt64l/region/zh_Hant_HK.res" 1998
"../../../Engine/Content/Internationalization/icudt64l/region/zh_Hant.res" 1999
"../../../Engine/Content/Internationalization/icudt64l/lang/zh_MO.res" 2000
"../../../Engine/Content/Internationalization/icudt64l/lang/zh_Hant_MO.res" 2001
"../../../Engine/Content/Internationalization/icudt64l/region/zh_MO.res" 2002
"../../../Engine/Content/Internationalization/icudt64l/region/zh_Hant_MO.res" 2003
"../../../Engine/Content/Internationalization/icudt64l/lang/zh_SG.res" 2004
"../../../Engine/Content/Internationalization/icudt64l/lang/zh_Hans_SG.res" 2005
"../../../Engine/Content/Internationalization/icudt64l/region/zh_SG.res" 2006
"../../../Engine/Content/Internationalization/icudt64l/region/zh_Hans_SG.res" 2007
"../../../Engine/Content/Internationalization/icudt64l/lang/zh_TW.res" 2008
"../../../Engine/Content/Internationalization/icudt64l/lang/zh_Hant_TW.res" 2009
"../../../Engine/Content/Internationalization/icudt64l/region/zh_TW.res" 2010
"../../../Engine/Content/Internationalization/icudt64l/region/zh_Hant_TW.res" 2011
"../../../Engine/Content/Internationalization/icudt64l/lang/zu.res" 2012
"../../../Engine/Content/Internationalization/icudt64l/region/zu.res" 2013
"../../../Engine/Content/Internationalization/icudt64l/lang/no.res" 2014
"../../../Engine/Content/Internationalization/icudt64l/lang/tl.res" 2015
"../../../Engine/Config/Android/DataDrivenPlatformInfo.ini" 2016
"../../../Engine/Config/IOS/DataDrivenPlatformInfo.ini" 2017
"../../../Engine/Config/Linux/DataDrivenPlatformInfo.ini" 2018
"../../../Engine/Config/Mac/DataDrivenPlatformInfo.ini" 2019
"../../../Engine/Config/TVOS/DataDrivenPlatformInfo.ini" 2020
"../../../Engine/Config/Unix/DataDrivenPlatformInfo.ini" 2021
"../../../Engine/Config/VulkanPC/DataDrivenPlatformInfo.ini" 2022
"../../../Engine/Config/Windows/DataDrivenPlatformInfo.ini" 2023
"../../../Engine/Platforms/VisionOS/Config/DataDrivenPlatformInfo.ini" 2024
"../../../Engine/DerivedDataCache/Compressed.ddp" 2025
"C:/Users/Admin/AppData/Local/UnrealEngine/5.7/Saved/Zen/zen.version" 2026
"C:/Users/Admin/AppData/Local/UnrealEngine/Common/Zen/Install/zen.version" 2027
"C:/Users/Admin/AppData/Local/UnrealEngine/Common/Zen/Install/zenserver.runcontext" 2028
"C:/Users/Admin/AppData/Local/UnrealEngine/Common/DerivedDataCache/TestData/0/TestData_4kb.dat" 2029
"C:/Users/Admin/AppData/Local/UnrealEngine/Common/DerivedDataCache/TestData/1/TestData_4kb.dat" 2030
"C:/Users/Admin/AppData/Local/UnrealEngine/Common/DerivedDataCache/TestData/0/TestData_8kb.dat" 2031
"C:/Users/Admin/AppData/Local/UnrealEngine/Common/DerivedDataCache/TestData/1/TestData_8kb.dat" 2032
"C:/Users/Admin/AppData/Local/UnrealEngine/Common/DerivedDataCache/TestData/0/TestData_16kb.dat" 2033
"C:/Users/Admin/AppData/Local/UnrealEngine/Common/DerivedDataCache/TestData/1/TestData_16kb.dat" 2034
"C:/Users/Admin/AppData/Local/UnrealEngine/Common/DerivedDataCache/TestData/0/TestData_64kb.dat" 2035
"C:/Users/Admin/AppData/Local/UnrealEngine/Common/DerivedDataCache/TestData/1/TestData_64kb.dat" 2036
"C:/Users/Admin/AppData/Local/UnrealEngine/Common/DerivedDataCache/TestData/0/TestData_128kb.dat" 2037
"C:/Users/Admin/AppData/Local/UnrealEngine/Common/DerivedDataCache/TestData/1/TestData_128kb.dat" 2038
"C:/Users/Admin/AppData/Local/UnrealEngine/Common/DerivedDataCache/TestData/0/TestData_256kb.dat" 2039
"C:/Users/Admin/AppData/Local/UnrealEngine/Common/DerivedDataCache/TestData/1/TestData_256kb.dat" 2040
"C:/Users/Admin/AppData/Roaming/Unreal Engine/UnrealBuildTool/BuildConfiguration.xml" 2041
"D:/Vacui Projects/SeaHorse/SeaHorse/Intermediate/ShaderAutogen/PCD3D_SM6/AutogenShaderHeaders.ush" 2042
"../../../Engine/Shaders/Private/HairStrands/HairStrandsVertexFactory.ush" 2043
"../../../Engine/Shaders/Private/VertexFactoryCommon.ush" 2044
"../../../Engine/Shaders/Private/Common.ush" 2045
"../../../Engine/Shaders/Public/Platform.ush" 2046
"../../../Engine/Shaders/Public/FP16Math.ush" 2047
"../../../Engine/Shaders/Public/Platform/D3D/D3DCommon.ush" 2048
"../../../Engine/Shaders/Shared/HLSLReservedSpaces.h" 2049
"../../../Engine/Shaders/Public/BindlessResources.ush" 2050
"../../../Engine/Shaders/Public/Platform/D3D/PlatformBindlessResources.ush" 2051
"../../../Engine/Shaders/Shared/RayTracingBuiltInResources.h" 2052
"../../../Engine/Shaders/Shared/RayTracingDefinitions.h" 2053
"../../../Engine/Shaders/Shared/MaterialCacheDefinitions.h" 2054
"../../../Engine/Shaders/Shared/HLSLTypeAliases.h" 2055
"../../../Engine/Shaders/Public/IndirectVirtualTexture.ush" 2056
"../../../Engine/Shaders/Shared/IndirectVirtualTextureDefinitions.h" 2057
"../../../Engine/Shaders/Public/OverloadMacros.ush" 2058
"../../../Engine/Shaders/Public/ShaderVersion.ush" 2059
"../../../Engine/Shaders/Shared/ThirdParty/NVIDIA/nvHLSLExtns.h" 2060
"../../../Engine/Shaders/Shared/ThirdParty/NVIDIA/nvHLSLExtnsInternal.h" 2061
"../../../Engine/Shaders/Shared/ThirdParty/NVIDIA/nvShaderExtnEnums.h" 2062
"../../../Engine/Shaders/Private/PackUnpack.ush" 2063
"../../../Engine/Shaders/Private/GeneratedUniformBufferTypes.ush" 2064
"../../../Engine/Shaders/Private/Nanite/NanitePackedNaniteView.ush" 2065
"../../../Engine/Shaders/Private/HairStrands/HairStrandsVisibilityCommonStruct.ush" 2066
"../../../Engine/Shaders/Private/HairStrands/HairStrandsVoxelPageCommonStruct.ush" 2067
"../../../Engine/Shaders/Private/HairStrands/HairStrandsDeepShadowCommonStruct.ush" 2068
"../../../Engine/Shaders/Shared/LightSceneData.h" 2069
"../../../Engine/Shaders/Private/LargeWorldCoordinates.ush" 2070
"../../../Engine/Shaders/Private/DoubleFloat.ush" 2071
"../../../Engine/Shaders/Private/RandomPCG.ush" 2072
"../../../Engine/Shaders/Private/DoubleFloatOperations.ush" 2073
"../../../Engine/Shaders/Private/DoubleFloatVectorDefinition.ush" 2074
"../../../Engine/Shaders/Private/LWCOperations.ush" 2075
"../../../Engine/Shaders/Shared/LightViewData.h" 2076
"../../../Engine/Shaders/Shared/RayTracingTypes.h" 2077
"../../../Engine/Shaders/Shared/HLSLStaticAssert.h" 2078
"../../../Engine/Shaders/Private/CommonViewUniformBuffer.ush" 2079
"../../../Engine/Shaders/Private/InstancedStereo.ush" 2080
"../../../Engine/Shaders/Private/Definitions.usf" 2081
"../../../Engine/Shaders/Private/AssertionMacros.ush" 2082
"../../../Engine/Shaders/Private/FastMath.ush" 2083
"../../../Engine/Shaders/Private/FastMathThirdParty.ush" 2084
"../../../Engine/Shaders/Private/Random.ush" 2085
"../../../Engine/Shaders/Private/RandomInterleavedGradientNoise.ush" 2086
"../../../Engine/Shaders/Private/SceneData.ush" 2087
"../../../Engine/Shaders/Private/OctahedralCommon.ush" 2088
"../../../Engine/Shaders/Private/WaveOpUtil.ush" 2089
"../../../Engine/Shaders/Private/ByteBuffer.ush" 2090
"../../../Engine/Shaders/Shared/SceneDefinitions.h" 2091
"../../../Engine/Shaders/Private/SceneDataMobileLoader.ush" 2092
"../../../Engine/Shaders/Private/LocalVertexFactoryCommon.ush" 2093
"../../../Engine/Shaders/Private/HairStrands/HairStrandsVisibilityCommon.ush" 2094
"../../../Engine/Shaders/Shared/HairStrandsDefinitions.h" 2095
"../../../Engine/Shaders/Private/HairStrands/HairStrandsVertexFactoryCommon.ush" 2096
"../../../Engine/Shaders/Private/HairStrands/HairStrandsPack.ush" 2097
"../../../Engine/Shaders/Private/HairStrands/HairStrandsAttributeCommon.ush" 2098
"../../../Engine/Shaders/Private/HairStrands/HairStrandsAttributeTemplate.ush" 2099
"../../../Engine/Shaders/Private/VertexFactoryDefaultInterface.ush" 2100
"../../../Engine/Shaders/Private/HairStrands/HairCardsVertexFactory.ush" 2101
"../../../Engine/Shaders/Private/HairStrands/HairCardsAttributeCommon.ush" 2102
"../../../Engine/Shaders/Private/RayTracing/RayTracingCommon.ush" 2103
"../../../Engine/Shaders/Private/ShadingCommon.ush" 2104
"../../../Engine/Shaders/Shared/RayTracingPayloadType.h" 2105
"../../../Engine/Shaders/Private/RayTracing/RayTracingRayCone.ush" 2106
"../../../Engine/Shaders/Private/Substrate/Substrate.ush" 2107
"../../../Engine/Shaders/Private/ShadingEnergyConservation.ush" 2108
"../../../Engine/Shaders/Private/ShadingEnergyConservationTemplate.ush" 2109
"../../../Engine/Shaders/Private/BRDF.ush" 2110
"../../../Engine/Shaders/Private/ColorSpace.ush" 2111
"../../../Engine/Shaders/Private/DeferredShadingCommon.ush" 2112
"../../../Engine/Shaders/Private/LightAccumulator.ush" 2113
"../../../Engine/Shaders/Private/SceneTexturesCommon.ush" 2114
"../../../Engine/Shaders/Private/MonteCarlo.ush" 2115
"../../../Engine/Shaders/Private/GBufferHelpers.ush" 2116
"../../../Engine/Shaders/Private/SceneTextureParameters.ush" 2117
"../../../Engine/Shaders/Private/ParticipatingMediaCommon.ush" 2118
"../../../Engine/Shaders/Private/ThinFilmBSDF.ush" 2119
"../../../Engine/Shaders/Private/MortonCode.ush" 2120
"../../../Engine/Shaders/Private/SubsurfaceProfileCommon.ush" 2121
"../../../Engine/Shaders/Private/BurleyNormalizedSSSCommon.ush" 2122
"../../../Engine/Shaders/Private/GammaCorrectionCommon.ush" 2123
"../../../Engine/Shaders/Shared/SubstrateDefinitions.h" 2124
"../../../Engine/Shaders/Private/Substrate/SubstrateStatisticalOperators.ush" 2125
"../../../Engine/Shaders/Private/Substrate/SubstrateSubsurface.ush" 2126
"../../../Engine/Shaders/Private/TransmissionCommon.ush" 2127
"../../../Engine/Shaders/Private/Substrate/SubstrateExportCommon.ush" 2128
"../../../Engine/Shaders/Private/SpecularProfileCommon.ush" 2129
"../../../Engine/Shaders/Private/RayTracing/RayTracingCommonMetal.ush" 2130
"../../../Engine/Shaders/Private/PositionReconstructionCommon.ush" 2131
"../../../Engine/Shaders/Private/RayTracing/TraceRayInline.ush" 2132
"../../../Engine/Shaders/Private/RayTracing/TraceRayInlineCommon.ush" 2133
"../../../Engine/Shaders/Private/RayTracing/TraceRayInlineVulkan.ush" 2134
"../../../Engine/Shaders/Private/RayTracing/TraceRayInlineMetal.ush" 2135
"../../../Engine/Shaders/Private/RayTracing/RayTracingHitGroupCommon.ush" 2136
"../../../Engine/Shaders/Private/Nanite/NaniteRayTrace.ush" 2137
"../../../Engine/Shaders/Private/Nanite/NaniteDataDecode.ush" 2138
"../../../Engine/Shaders/Private/BitPacking.ush" 2139
"../../../Engine/Shaders/Private/BitStreamReaderImplementation.ush" 2140
"../../../Engine/Shaders/Private/BoneTransform.ush" 2141
"../../../Engine/Shaders/Private/Quaternion.ush" 2142
"../../../Engine/Shaders/Private/Skinning/SkinningDataDecode.ush" 2143
"../../../Engine/Shaders/Private/GpuSkinCommon.ush" 2144
"../../../Engine/Shaders/Shared/SkinningDefinitions.h" 2145
"../../../Engine/Shaders/Shared/NaniteDefinitions.h" 2146
"../../../Engine/Shaders/Private/Nanite/NaniteAttributeDecode.ush" 2147
"../../../Engine/Shaders/Private/Barycentrics.ush" 2148
"../../../Engine/Shaders/Private/DualNumber.ush" 2149
"../../../Engine/Shaders/Shared/ThirdParty/RayTriangleIntersection.h" 2150
"../../../Engine/Shaders/Private/Nanite/NaniteVertexFetch.ush" 2151
"../../../Engine/Shaders/Private/ViewData.ush" 2152
"../../../Engine/Shaders/Shared/ViewDefinitions.h" 2153
"../../../Engine/Shaders/Private/Nanite/NaniteSceneCommon.ush" 2154
"../../../Engine/Shaders/Private/RayTracing/TraceRayInlineD3D12.ush" 2155
"../../../Engine/Plugins/FX/Niagara/Shaders/Private/NiagaraSpriteVertexFactory.ush" 2156
"../../../Engine/Shaders/Private/ParticleVertexFactoryCommon.ush" 2157
"../../../Engine/Plugins/FX/Niagara/Shaders/Private/NiagaraVFCommon.usf" 2158
"../../../Engine/Plugins/FX/Niagara/Shaders/Private/NiagaraVFParticleAccess.usf" 2159
"../../../Engine/Plugins/FX/Niagara/Shaders/Private/NiagaraParticleAccess.ush" 2160
"../../../Engine/Plugins/FX/Niagara/Shaders/Private/NiagaraRibbonVertexFactory.ush" 2161
"../../../Engine/Plugins/FX/Niagara/Shaders/Private/NiagaraMeshVertexFactory.ush" 2162
"../../../Engine/Plugins/FX/Niagara/Shaders/Private/NiagaraCommon.ush" 2163
"../../../Engine/Plugins/FX/Niagara/Shaders/Private/NiagaraMeshParticleUtils.ush" 2164
"../../../Engine/Shaders/Private/VectorFieldVisualizationVertexFactory.ush" 2165
"../../../Engine/Shaders/Private/Nanite/NaniteVertexFactory.ush" 2166
"../../../Engine/Shaders/Private/LightmapData.ush" 2167
"../../../Engine/Shaders/Private/SplineMeshCommon.ush" 2168
"../../../Engine/Shaders/Shared/SplineMeshShaderParams.h" 2169
"../../../Engine/Shaders/Private/ShaderPrint.ush" 2170
"../../../Engine/Shaders/Private/ShaderPrintCommon.ush" 2171
"../../../Engine/Shaders/Private/MiniFontCommon.ush" 2172
"../../../Engine/Shaders/Private/SGGX.ush" 2173
"../../../Engine/Shaders/Private/MaterialCache/MaterialCacheCommon.ush" 2174
"../../../Engine/Shaders/Private/Nanite/NaniteVertexDeformation.ush" 2175
"../../../Engine/Shaders/Private/Matrices.ush" 2176
"../../../Engine/Shaders/Private/ParticleSpriteVertexFactory.ush" 2177
"../../../Engine/Shaders/Private/ParticleGPUSpriteVertexFactory.ush" 2178
"../../../Engine/Shaders/Private/ParticleSimulationCommon.ush" 2179
"../../../Engine/Shaders/Private/ParticleBeamTrailVertexFactory.ush" 2180
"../../../Engine/Shaders/Private/MeshParticleVertexFactory.ush" 2181
"../../../Engine/Shaders/Private/LocalVertexFactory.ush" 2182
"../../../Engine/Shaders/Private/GpuSkinVertexFactory.ush" 2183
"../../../Engine/Shaders/Private/GeometryCollectionVertexFactory.ush" 2184
"../../../Engine/Shaders/Private/GeometryCacheVertexFactory.ush" 2185
"../../../Engine/Shaders/Private/LandscapeVertexFactory.ush" 2186
"../../../Engine/Plugins/Compositing/CompositeCore/Shaders/Private/CompositeCoreMerge.usf" 2187
"../../../Engine/Shaders/Private/ScreenPass.ush" 2188
"../../../Engine/Shaders/Private/LensDistortion.ush" 2189
"../../../Engine/Plugins/Compositing/CompositeCore/Shaders/Private/CompositeCoreBlending.ush" 2190
"../../../Engine/Plugins/Compositing/CompositeCore/Shaders/Private/CompositeCoreDisplayTransform.usf" 2191
"../../../Engine/Plugins/Compositing/CompositeCore/Shaders/Private/CompositeCoreDilate.usf" 2192
"../../../Engine/Plugins/Media/WmfMedia/Shaders/Private/MediaHardwareVideoDecoding.usf" 2193
"../../../Engine/Shaders/Private/ColorUtils.ush" 2194
"../../../Engine/Plugins/Media/ImgMedia/Shaders/Private/ExrSwizzler.usf" 2195
"../../../Engine/Plugins/Runtime/ComputeFramework/Shaders/Private/ComputeKernel.usf" 2196
"../../../Engine/Plugins/Runtime/ComputeFramework/Shaders/Private/ComputeKernelCommon.ush" 2197
"../../../Engine/Plugins/NNE/NNEDenoiser/Shaders/NNEDenoiserShadersTransferFunctionOidn.usf" 2198
"../../../Engine/Plugins/NNE/NNEDenoiser/Shaders/NNEDenoiserShadersMappedCopy.usf" 2199
"../../../Engine/Plugins/NNE/NNEDenoiser/Shaders/NNEDenoiserShadersDefaultIOProcess.usf" 2200
"../../../Engine/Plugins/NNE/NNEDenoiser/Shaders/NNEDenoiserShadersAutoExposureReduceFinal.usf" 2201
"../../../Engine/Plugins/NNE/NNEDenoiser/Shaders/NNEDenoiserShadersAutoExposureReduce.usf" 2202
"../../../Engine/Plugins/NNE/NNEDenoiser/Shaders/NNEDenoiserShadersAutoExposureDownsample.usf" 2203
"../../../Engine/Plugins/Enterprise/GLTFExporter/Shaders/Private/SimpleTexture2DPS.usf" 2204
"../../../Engine/Shaders/Private/SimpleElementNormalMapPixelShader.usf" 2205
"../../../Engine/Plugins/Runtime/HairStrands/Shaders/Private/NiagaraCopyVelocityGrid.usf" 2206
"../../../Engine/Plugins/Runtime/HairStrands/Shaders/Private/NiagaraClearVelocityGrid.usf" 2207
"../../../Engine/Plugins/Runtime/HairStrands/Shaders/Private/NiagaraClearPressureGrid.usf" 2208
"../../../Engine/Plugins/Runtime/HairStrands/Shaders/Private/NiagaraInterpolateGroomGuides.usf" 2209
"../../../Engine/Plugins/Runtime/HairStrands/Shaders/Private/NiagaraGroomInterpolationUtils.ush" 2210
"../../../Engine/Plugins/FX/Niagara/Shaders/Private/NiagaraQuaternionUtils.ush" 2211
"../../../Engine/Shaders/Private/HairStrands/HairStrandsMesh.usf" 2212
"../../../Engine/Shaders/Private/HairStrands/HairStrandsBindingCommon.ush" 2213
"../../../Engine/Shaders/Private/HairStrands/HairStrandsFollicleMask.usf" 2214
"../../../Engine/Shaders/Private/HairStrands/HairStrandsSkinUpdate.usf" 2215
"../../../Engine/Shaders/Private/HairStrands/HairStrandsClusterCulling.usf" 2216
"../../../Engine/Shaders/Private/ColorMap.ush" 2217
"../../../Engine/Shaders/Private/HairStrands/HairStrandsAABBCommon.ush" 2218
"../../../Engine/Shaders/Private/HairStrands/HairStrandsClusterCommon.ush" 2219
"../../../Engine/Shaders/Private/ThreadGroupPrefixSum.ush" 2220
"../../../Engine/Shaders/Private/HairStrands/HairStrandsRaytracingGeometry.usf" 2221
"../../../Engine/Shaders/Private/HairStrands/HairStrandsTangent.usf" 2222
"../../../Engine/Shaders/Private/HairStrands/HairCardsDeformation.usf" 2223
"../../../Engine/Shaders/Private/HairStrands/HairStrandsInterpolation.usf" 2224
"../../../Engine/Shaders/Private/HairStrands/HairStrandsGuideDeform.usf" 2225
"../../../Engine/Shaders/Private/HairStrands/HairStrandsTexturesGeneration.usf" 2226
"../../../Engine/Shaders/Private/HairStrands/HairCardsTextureCommon.ush" 2227
"../../../Engine/Shaders/Private/HairStrands/HairStrandsTranscode.usf" 2228
"../../../Engine/Shaders/Private/HairStrands/HairStrandsDebug.usf" 2229
"../../../Engine/Shaders/Private/HairShadingCommon.ush" 2230
"../../../Engine/Shaders/Private/PostProcessCommon.ush" 2231
"../../../Engine/Shaders/Private/ShadingModels.ush" 2232
"../../../Engine/Shaders/Private/CapsuleLight.ush" 2233
"../../../Engine/Shaders/Private/RectLight.ush" 2234
"../../../Engine/Shaders/Private/LightData.ush" 2235
"../../../Engine/Shaders/Shared/LightDefinitions.h" 2236
"../../../Engine/Shaders/Private/AreaLightCommon.ush" 2237
"../../../Engine/Shaders/Private/HairBsdf.ush" 2238
"../../../Engine/Shaders/Private/PathTracing/Utilities/PathTracingRandomSequence.ush" 2239
"../../../Engine/Shaders/Private/MobileGGX.ush" 2240
"../../../Engine/Shaders/Private/HairStrands/HairStrandsCommon.ush" 2241
"../../../Engine/Shaders/Private/HairStrands/HairStrandsEnvironmentLightingCommon.ush" 2242
"../../../Engine/Shaders/Private/HairStrands/HairStrandsDeepTransmittanceCommon.ush" 2243
"../../../Engine/Shaders/Private/HairStrands/HairStrandsDeepTransmittanceDualScattering.ush" 2244
"../../../Engine/Shaders/Private/HairStrands/HairStrandsDeepShadowCommon.ush" 2245
"../../../Engine/Shaders/Private/HairStrands/HairStrandsDebugCommonStruct.ush" 2246
"../../../Engine/Plugins/FX/Niagara/Shaders/Private/NiagaraVertexFactoryExport.usf" 2247
"../../../Engine/Shaders/Private/ComputeShaderUtils.ush" 2248
"../../../Engine/Shaders/Private/MaterialTemplate.ush" 2249
"../../../Engine/Shaders/Private/WorldSpaceMath.ush" 2250
"../../../Engine/Shaders/Private/EyeAdaptationCommon.ush" 2251
"../../../Engine/Shaders/Private/SobolRandom.ush" 2252
"../../../Engine/Shaders/Private/DepthOfFieldCommon.ush" 2253
"../../../Engine/Shaders/Private/CircleDOFCommon.ush" 2254
"../../../Engine/Shaders/Private/DistanceField/GlobalDistanceFieldShared.ush" 2255
"../../../Engine/Shaders/Private/PhysicsFieldSampler.ush" 2256
"../../../Engine/Shaders/Private/PhysicsFieldShared.ush" 2257
"../../../Engine/Shaders/Private/SparseVolumeTexture/SparseVolumeTextureCommon.ush" 2258
"../../../Engine/Shaders/Shared/EnvironmentComponentsFlags.h" 2259
"../../../Engine/Shaders/Private/MeshPaintTextureCommon.ush" 2260
"../../../Engine/Shaders/Private/VirtualTextureMaterial.ush" 2261
"../../../Engine/Shaders/Private/MaterialCache/MaterialCacheMaterialCommon.ush" 2262
"../../../Engine/Shaders/Private/Quantization.ush" 2263
"../../../Engine/Shaders/Private/SpeedTreeCommon.ush" 2264
"../../../Engine/Shaders/Private/VirtualTextureCommon.ush" 2265
"../../../Engine/Shaders/Public/IndirectVirtualTextureCommon.ush" 2266
"../../../Engine/Shaders/Private/MaterialTexture.ush" 2267
"../../../Engine/Shaders/Private/MinMaterialTexCoords.ush" 2268
"../../../Engine/Shaders/Private/SkyAtmosphereCommon.ush" 2269
"../../../Engine/Shaders/Private/SingleLayerWaterCommon.ush" 2270
"../../../Engine/Shaders/Private/TextureSampling.ush" 2271
"../../../Engine/Shaders/Private/PaniniProjection.ush" 2272
"../../../Engine/Shaders/Private/DBufferNormalReprojection.ush" 2273
"../../../Engine/Shaders/Public/SubstratePublic.ush" 2274
"../../../Engine/Shaders/Private/Substrate/SubstrateRead.ush" 2275
"../../../Engine/Shaders/Private/Substrate/SubstrateTree.ush" 2276
"../../../Engine/Shaders/Private/Substrate/SubstrateEvaluation.ush" 2277
"../../../Engine/Shaders/Private/Substrate/Glint/GlintThirdParty.ush" 2278
"../../../Engine/Shaders/Private/BlueNoise.ush" 2279
"../../../Engine/Shaders/Private/SHCommon.ush" 2280
"../../../Engine/Shaders/Private/ShadingModelsSampling.ush" 2281
"../../../Engine/Shaders/Private/HairStrands/HairBsdfSample.ush" 2282
"../../../Engine/Shaders/Private/Substrate/SubstrateLegacyConversion.ush" 2283
"../../../Engine/Shaders/Private/DBufferDecalShared.ush" 2284
"../../../Engine/Plugins/FX/Niagara/Shaders/Private/NiagaraSortKeyGen.usf" 2285
"../../../Engine/Plugins/FX/Niagara/Shaders/Private/NiagaraGPURayTracingTransforms.usf" 2286
"../../../Engine/Plugins/FX/Niagara/Shaders/Private/NiagaraDrawIndirectArgsGen.usf" 2287
"../../../Engine/Plugins/FX/Niagara/Shaders/Private/NiagaraDispatchIndirectArgsGen.usf" 2288
"../../../Engine/Plugins/FX/Niagara/Shaders/Private/Stateless/NiagaraStatelessSimulationDefault.usf" 2289
"../../../Engine/Plugins/FX/Niagara/Shaders/Private/Stateless/NiagaraStatelessCommon.ush" 2290
"../../../Engine/Plugins/FX/Niagara/Shaders/Shared/NiagaraStatelessDefinitions.h" 2291
"../../../Engine/Plugins/FX/Niagara/Shaders/Shared/NiagaraStatelessBuiltDistribution.h" 2292
"../../../Engine/Plugins/FX/Niagara/Shaders/Private/Stateless/NiagaraStatelessDistribution.ush" 2293
"../../../Engine/Plugins/FX/Niagara/Shaders/Private/Stateless/Template/GenerateCS_PreModules.ush" 2294
"../../../Engine/Plugins/FX/Niagara/Shaders/Private/Stateless/Modules/NiagaraStatelessModule_CalculateAccurateVelocity.ush" 2295
"../../../Engine/Plugins/FX/Niagara/Shaders/Private/Stateless/Modules/NiagaraStatelessModule_CameraOffset.ush" 2296
"../../../Engine/Plugins/FX/Niagara/Shaders/Private/Stateless/Modules/NiagaraStatelessModule_DynamicMaterialParameters.ush" 2297
"../../../Engine/Plugins/FX/Niagara/Shaders/Private/Stateless/Modules/NiagaraStatelessModule_InitializeParticle.ush" 2298
"../../../Engine/Plugins/FX/Niagara/Shaders/Private/Stateless/Modules/NiagaraStatelessModule_InitialMeshOrientation.ush" 2299
"../../../Engine/Plugins/FX/Niagara/Shaders/Private/Stateless/Modules/NiagaraStatelessModule_MeshIndex.ush" 2300
"../../../Engine/Plugins/FX/Niagara/Shaders/Private/Stateless/Modules/NiagaraStatelessModule_MeshRotationRate.ush" 2301
"../../../Engine/Plugins/FX/Niagara/Shaders/Private/Stateless/Modules/NiagaraStatelessModule_RotateAroundPoint.ush" 2302
"../../../Engine/Plugins/FX/Niagara/Shaders/Private/Stateless/Modules/NiagaraStatelessModule_ShapeLocation.ush" 2303
"../../../Engine/Plugins/FX/Niagara/Shaders/Private/Stateless/Modules/NiagaraStatelessModule_ScaleColor.ush" 2304
"../../../Engine/Plugins/FX/Niagara/Shaders/Private/Stateless/Modules/NiagaraStatelessModule_ScaleRibbonWidth.ush" 2305
"../../../Engine/Plugins/FX/Niagara/Shaders/Private/Stateless/Modules/NiagaraStatelessModule_ScaleSpriteSize.ush" 2306
"../../../Engine/Plugins/FX/Niagara/Shaders/Private/Stateless/Modules/NiagaraStatelessModule_ScaleSpriteSizeBySpeed.ush" 2307
"../../../Engine/Plugins/FX/Niagara/Shaders/Private/Stateless/Modules/NiagaraStatelessModule_ScaleMeshSize.ush" 2308
"../../../Engine/Plugins/FX/Niagara/Shaders/Private/Stateless/Modules/NiagaraStatelessModule_ScaleMeshSizebySpeed.ush" 2309
"../../../Engine/Plugins/FX/Niagara/Shaders/Private/Stateless/Modules/NiagaraStatelessModule_SolveVelocitiesAndForces.ush" 2310
"../../../Engine/Plugins/FX/Niagara/Shaders/Private/Stateless/Modules/NiagaraStatelessModule_SpriteFacingAndAlignment.ush" 2311
"../../../Engine/Plugins/FX/Niagara/Shaders/Private/Stateless/Modules/NiagaraStatelessModule_SpriteRotationRate.ush" 2312
"../../../Engine/Plugins/FX/Niagara/Shaders/Private/Stateless/Modules/NiagaraStatelessModule_SubUVAnimation.ush" 2313
"../../../Engine/Plugins/FX/Niagara/Shaders/Private/Stateless/Template/GenerateCS_PostModules.ush" 2314
"../../../Engine/Plugins/FX/Niagara/Shaders/Private/NiagaraBlendSVTsToDenseBuffer.usf" 2315
"../../../Engine/Plugins/FX/Niagara/Shaders/Private/NiagaraSVTToDenseBuffer.usf" 2316
"../../../Engine/Plugins/FX/Niagara/Shaders/Private/NiagaraFillIntBuffer.usf" 2317
"../../../Engine/Plugins/FX/Niagara/Shaders/Private/NiagaraComputeFreeIDs.usf" 2318
"../../../Engine/Plugins/FX/Niagara/Shaders/Private/NiagaraInitFreeIDBuffer.usf" 2319
"../../../Engine/Plugins/FX/Niagara/Shaders/Private/NiagaraEmitterInstanceShader.usf" 2320
"../../../Engine/Plugins/FX/Niagara/Shaders/Private/NiagaraShaderVersion.ush" 2321
"../../../Engine/Plugins/FX/Niagara/Shaders/Private/NiagaraPhysicsCommon.ush" 2322
"../../../Engine/Plugins/FX/Niagara/Shaders/Private/Ribbons/NiagaraRibbonAggregationApply.usf" 2323
"../../../Engine/Plugins/FX/Niagara/Shaders/Private/Ribbons/NiagaraRibbonCommon.ush" 2324
"../../../Engine/Plugins/FX/Niagara/Shaders/Shared/NiagaraRibbonShared.h" 2325
"../../../Engine/Plugins/FX/Niagara/Shaders/Private/Ribbons/NiagaraRibbonAggregationStep.usf" 2326
"../../../Engine/Plugins/FX/Niagara/Shaders/Private/Ribbons/NiagaraRibbonGenerateIndices.usf" 2327
"../../../Engine/Plugins/FX/Niagara/Shaders/Private/Ribbons/NiagaraRibbonInitializeIndices.usf" 2328
"../../../Engine/Plugins/FX/Niagara/Shaders/Private/Ribbons/NiagaraRibbonRibbonUVParamCalculation.usf" 2329
"../../../Engine/Plugins/FX/Niagara/Shaders/Private/Ribbons/NiagaraRibbonVertexReductionFinalization.usf" 2330
"../../../Engine/Plugins/FX/Niagara/Shaders/Private/Ribbons/NiagaraRibbonVertexReductionInitialization.usf" 2331
"../../../Engine/Plugins/FX/Niagara/Shaders/Private/Ribbons/NiagaraRibbonSortParticles.usf" 2332
"../../../Engine/Plugins/FX/Niagara/Shaders/Private/NiagaraLWCHelper.usf" 2333
"../../../Engine/Plugins/FX/Niagara/Shaders/Private/NiagaraUpdateMeshGPUSceneInstances.usf" 2334
"../../../Engine/Shaders/Private/GPUScene/GPUSceneWriter.ush" 2335
"../../../Engine/Plugins/FX/Niagara/Shaders/Private/NiagaraGenerateMips.usf" 2336
"../../../Engine/Plugins/FX/Niagara/Shaders/Private/NiagaraDebugDraw.usf" 2337
"../../../Engine/Plugins/FX/Niagara/Shaders/Private/NiagaraDebugDraw.ush" 2338
"../../../Engine/Plugins/FX/Niagara/Shaders/Private/NiagaraVisualizeTexture.usf" 2339
"../../../Engine/Plugins/FX/Niagara/Shaders/Private/NiagaraClearCounts.usf" 2340
"../../../Engine/Plugins/FX/Niagara/Shaders/Private/NiagaraBatchedElements.usf" 2341
"../../../Engine/Plugins/FX/Niagara/Shaders/Private/NiagaraRayTracingShaders.usf" 2342
"../../../Engine/Plugins/FX/Niagara/Shaders/Private/NiagaraAsyncGpuTraceCommon.ush" 2343
"../../../Engine/Shaders/Private/HashTable.ush" 2344
"../../../Engine/Shaders/Private/Hash.ush" 2345
"../../../Engine/Shaders/Private/RayTracing/VFXTraceRay.ush" 2346
"../../../Engine/Plugins/FX/Niagara/Shaders/Private/NiagaraRayMarchingShaders.usf" 2347
"../../../Engine/Plugins/FX/Niagara/Shaders/Private/NiagaraRayTraceCollisionGroupShaders.usf" 2348
"../../../Engine/Plugins/FX/Niagara/Shaders/Private/NiagaraAsyncGpuTraceUtils.usf" 2349
"../../../Engine/Plugins/Experimental/NFORDenoise/Shaders/NFORDenoise.usf" 2350
"../../../Engine/Plugins/Experimental/NFORDenoise/Shaders/NFORRegressionCommon.ush" 2351
"../../../Engine/Plugins/Experimental/NFORDenoise/Shaders/NFORRegression.ush" 2352
"../../../Engine/Shaders/Private/VirtualTextureAdapter.usf" 2353
"../../../Engine/Shaders/Private/BlockCompressionCommon.ush" 2354
"../../../Engine/Shaders/Private/BCCompressionCommon.ush" 2355
"../../../Engine/Shaders/Private/TranslucentLightingShaders.usf" 2356
"../../../Engine/Shaders/Private/TranslucencyVolumeInjectionCommon.ush" 2357
"../../../Engine/Shaders/Private/CubemapCommon.ush" 2358
"../../../Engine/Shaders/Private/VectorFieldCompositeShaders.usf" 2359
"../../../Engine/Shaders/Private/UpdateTextureShaders.usf" 2360
"../../../Engine/Shaders/Private/StereoLayerShader.usf" 2361
"../../../Engine/Shaders/Private/SparseVolumeTexture/UpdateSparseVolumeTexture.usf" 2362
"../../../Engine/Shaders/Private/MorphTargets.usf" 2363
"../../../Engine/Shaders/Private/SimpleElementColorChannelMaskPixelShader.usf" 2364
"../../../Engine/Shaders/Private/SimpleElementHitProxyPixelShader.usf" 2365
"../../../Engine/Shaders/Private/SimpleElementPixelShader.usf" 2366
"../../../Engine/Shaders/Private/IESLightProfilesCommon.ush" 2367
"../../../Engine/Shaders/Private/SimpleElementVertexShader.usf" 2368
"../../../Engine/Shaders/Private/ScreenPixelShaderOES.usf" 2369
"../../../Engine/Shaders/Private/ScreenVertexShader.usf" 2370
"../../../Engine/Shaders/Private/ScreenPixelShader.usf" 2371
"../../../Engine/Shaders/Private/SSProfilePreIntegratedMobile.usf" 2372
"../../../Engine/Shaders/Private/SpecularProfile.usf" 2373
"../../../Engine/Shaders/Private/Nanite/NaniteStreaming.usf" 2374
"../../../Engine/Shaders/Private/Nanite/NaniteStreaming.ush" 2375
"../../../Engine/Shaders/Private/VolumetricLightmapStreaming.usf" 2376
"../../../Engine/Shaders/Private/PhysicsFieldReset.usf" 2377
"../../../Engine/Shaders/Private/PhysicsFieldBuilder.usf" 2378
"../../../Engine/Shaders/Private/PhysicsFieldEval.ush" 2379
"../../../Engine/Shaders/Private/ParticleSortKeyGen.usf" 2380
"../../../Engine/Shaders/Private/ParticleBoundsShader.usf" 2381
"../../../Engine/Shaders/Private/ParticleSimVisualizeShader.usf" 2382
"../../../Engine/Shaders/Private/ParticleInjectionShader.usf" 2383
"../../../Engine/Shaders/Private/ParticleSimulationShader.usf" 2384
"../../../Engine/Shaders/Private/ParticleCurveInjectionShader.usf" 2385
"../../../Engine/Shaders/Private/Nanite/NaniteTranscode.usf" 2386
"../../../Engine/Shaders/Private/Nanite/NaniteScatterUpdates.usf" 2387
"../../../Engine/Shaders/Private/CopyUIntBuffer.usf" 2388
"../../../Engine/Shaders/Private/RadixSortShaders.usf" 2389
"../../../Engine/Shaders/Private/RecomputeTangentsPerVertexPass.usf" 2390
"../../../Engine/Shaders/Private/RecomputeTangentsCommon.ush" 2391
"../../../Engine/Shaders/Private/RecomputeTangentsPerTrianglePass.usf" 2392
"../../../Engine/Shaders/Private/DynamicMeshBounds.usf" 2393
"../../../Engine/Shaders/Private/GpuSkinCacheComputeShader.usf" 2394
"../../../Engine/Shaders/Private/DynamicMeshBounds.ush" 2395
"../../../Engine/Shaders/Private/HeightFieldAtlasManagement.usf" 2396
"../../../Engine/Shaders/Private/Landscape/LandscapeEditLayersUtils.usf" 2397
"../../../Engine/Shaders/Private/Landscape/LandscapeCommon.ush" 2398
"../../../Engine/Shaders/Private/Landscape/LandscapeEditLayersWeightmaps.usf" 2399
"../../../Engine/Shaders/Private/Landscape/LandscapeEditLayersHeightmaps.usf" 2400
"../../../Engine/Shaders/Private/LandscapeLayersPS.usf" 2401
"../../../Engine/Shaders/Private/LandscapePhysicalMaterial.usf" 2402
"../../../Engine/Shaders/Private/LandscapeGrassWeight.usf" 2403
"../../../Engine/Shaders/Private/Landscape/LandscapeCulling.usf" 2404
"../../../Engine/Shaders/Private/Nanite/NaniteHZBCull.ush" 2405
"../../../Engine/Shaders/Private/HZB.ush" 2406
"../../../Engine/Shaders/Private/Landscape/LandscapeMergeTexturesPS.usf" 2407
"../../../Engine/Shaders/Private/WideCustomResolveShaders.usf" 2408
"../../../Engine/Shaders/Private/WideCustomResolve_Wide.ush" 2409
"../../../Engine/Shaders/Private/WideCustomResolve_Wider.ush" 2410
"../../../Engine/Shaders/Private/WideCustomResolve_Widest.ush" 2411
"../../../Engine/Shaders/Private/WaterInfoTextureBlur.usf" 2412
"../../../Engine/Shaders/Private/WaterInfoTextureMerge.usf" 2413
"../../../Engine/Shaders/Private/PageTableUpdate.usf" 2414
"../../../Engine/Shaders/Private/VirtualTextureCompress.usf" 2415
"../../../Engine/Shaders/Private/ASTCCompressionCommon.ush" 2416
"../../../Engine/Shaders/Private/IntegerSequenceEncoding.ush" 2417
"../../../Engine/Shaders/Private/ETCCompressionCommon.ush" 2418
"../../../Engine/Shaders/Private/VirtualTextureMaterial.usf" 2419
"../../../Engine/Shaders/Private/PixelShaderOutputCommon.ush" 2420
"../../../Engine/Shaders/Private/ShaderOutputCommon.ush" 2421
"../../../Engine/Shaders/Private/VolumetricRenderTarget.usf" 2422
"../../../Engine/Shaders/Private/HeightFogCommon.ush" 2423
"../../../Engine/Shaders/Private/LocalFogVolumes/LocalFogVolumeCommon.ush" 2424
"../../../Engine/Shaders/Private/ReflectionEnvironmentShared.ush" 2425
"../../../Engine/Shaders/Private/VolumetricFogVoxelization.usf" 2426
"../../../Engine/Shaders/Private/VolumetricCloudMaterialPixelCommon.ush" 2427
"../../../Engine/Shaders/Private/VolumetricFogLightFunction.usf" 2428
"../../../Engine/Shaders/Private/LightFunctionCommon.ush" 2429
"../../../Engine/Shaders/Private/VolumetricFog.usf" 2430
"../../../Engine/Shaders/Private/DeferredLightingCommon.ush" 2431
"../../../Engine/Shaders/Private/DynamicLightingCommon.ush" 2432
"../../../Engine/Shaders/Private/CapsuleLightIntegrate.ush" 2433
"../../../Engine/Shaders/Private/CapsuleLightSampling.ush" 2434
"../../../Engine/Shaders/Private/RectLightIntegrate.ush" 2435
"../../../Engine/Shaders/Private/ScreenSpaceShadowRayCast.ush" 2436
"../../../Engine/Shaders/Private/LightFunctionAtlas/LightFunctionAtlasCommon.usf" 2437
"../../../Engine/Shaders/Private/LightGridCommon.ush" 2438
"../../../Engine/Shaders/Private/DistanceFieldAOShared.ush" 2439
"../../../Engine/Shaders/Private/IntersectionUtils.ush" 2440
"../../../Engine/Shaders/Private/VolumeLightingCommon.ush" 2441
"../../../Engine/Shaders/Private/ShadowProjectionCommon.ush" 2442
"../../../Engine/Shaders/Private/ShadowFilteringCommon.ush" 2443
"../../../Engine/Shaders/Private/PixelQuadMessagePassing.ush" 2444
"../../../Engine/Shaders/Private/VolumeLightingCommonSampling.ush" 2445
"../../../Engine/Shaders/Private/VolumetricLightmapShared.ush" 2446
"../../../Engine/Shaders/Private/ForwardShadowingCommon.ush" 2447
"../../../Engine/Shaders/Private/LightDataUniforms.ush" 2448
"../../../Engine/Shaders/Private/Lumen/LumenTranslucencyVolumeShared.ush" 2449
"../../../Engine/Shaders/Private/Lumen/LumenRadianceCacheInterpolation.ush" 2450
"../../../Engine/Shaders/Private/VirtualShadowMaps/VirtualShadowMapProjectionCommon.ush" 2451
"../../../Engine/Shaders/Private/VirtualShadowMaps/VirtualShadowMapPageAccessCommon.ush" 2452
"../../../Engine/Shaders/Shared/VirtualShadowMapDefinitions.h" 2453
"../../../Engine/Shaders/Shared/HLSLMathAliases.h" 2454
"../../../Engine/Shaders/Private/VirtualShadowMaps/VirtualShadowMapHandle.ush" 2455
"../../../Engine/Shaders/Private/VirtualShadowMaps/VirtualShadowMapProjectionStructs.ush" 2456
"../../../Engine/Shaders/Private/DiaphragmDOF/DOFCommon.ush" 2457
"../../../Engine/Shaders/Private/VolumetricCloudCommon.ush" 2458
"../../../Engine/Shaders/Private/VolumetricCloud.usf" 2459
"../../../Engine/Shaders/Private/VisualizeVolumetricLightmap.usf" 2460
"../../../Engine/Shaders/Private/VirtualShadowMaps/VirtualShadowMapProjectionComposite.usf" 2461
"../../../Engine/Shaders/Private/LightShaderParameters.ush" 2462
"../../../Engine/Shaders/Private/VirtualShadowMaps/VirtualShadowMapMaskBitsCommon.ush" 2463
"../../../Engine/Shaders/Private/VirtualShadowMaps/VirtualShadowMapLightGrid.ush" 2464
"../../../Engine/Shaders/Private/VirtualShadowMaps/VirtualShadowMapProjection.usf" 2465
"../../../Engine/Shaders/Private/Visualization.ush" 2466
"../../../Engine/Shaders/Private/VirtualShadowMaps/VirtualShadowMapProjectionFilter.ush" 2467
"../../../Engine/Shaders/Private/VirtualShadowMaps/VirtualShadowMapProjectionDirectional.ush" 2468
"../../../Engine/Shaders/Private/VirtualShadowMaps/VirtualShadowMapSMRTCommon.ush" 2469
"../../../Engine/Shaders/Private/VirtualShadowMaps/VirtualShadowMapSMRTTemplate.ush" 2470
"../../../Engine/Shaders/Private/VirtualShadowMaps/VirtualShadowMapProjectionSpot.ush" 2471
"../../../Engine/Shaders/Private/VirtualShadowMaps/VirtualShadowMapTransmissionCommon.ush" 2472
"../../../Engine/Shaders/Private/VirtualShadowMaps/VirtualShadowMapScreenRayTrace.ush" 2473
"../../../Engine/Shaders/Private/VirtualShadowMaps/VirtualShadowMapStats.ush" 2474
"../../../Engine/Shaders/Private/HairStrands/HairStrandsVoxelPageCommon.ush" 2475
"../../../Engine/Shaders/Private/HairStrands/HairStrandsVoxelPageTraversal.ush" 2476
"../../../Engine/Shaders/Private/VirtualShadowMaps/VirtualShadowMapCacheGPUInvalidation.usf" 2477
"../../../Engine/Shaders/Private/VirtualShadowMaps/VirtualShadowMapPageCacheCommon.ush" 2478
"../../../Engine/Shaders/Private/VirtualShadowMaps/VirtualShadowMapCacheInvalidation.ush" 2479
"../../../Engine/Shaders/Private/VirtualShadowMaps/VirtualShadowMapPageOverlap.ush" 2480
"../../../Engine/Shaders/Private/ScreenSpaceDenoise/SSDDefinitions.ush" 2481
"../../../Engine/Shaders/Private/InstanceCulling/InstanceCullingLoadBalancer.ush" 2482
"../../../Engine/Shaders/Private/VirtualShadowMaps/VirtualShadowMapCacheLoadBalancer.usf" 2483
"../../../Engine/Shaders/Private/VirtualShadowMaps/VirtualShadowMapCopyStats.usf" 2484
"../../../Engine/Shaders/Private/VirtualShadowMaps/VirtualShadowMapShadowCasterBounds.usf" 2485
"../../../Engine/Shaders/Private/VirtualShadowMaps/VirtualShadowMapVisualize.ush" 2486
"../../../Engine/Shaders/Private/VirtualShadowMaps/VirtualShadowMapShadowCasterColor.usf" 2487
"../../../Engine/Shaders/Private/VirtualShadowMaps/VirtualShadowMapDebug.usf" 2488
"../../../Engine/Shaders/Private/VirtualShadowMaps/Desaturate.usf" 2489
"../../../Engine/Shaders/Private/VirtualShadowMaps/VirtualShadowMapPhysicalPageManagement.usf" 2490
"../../../Engine/Shaders/Private/ReductionCommon.ush" 2491
"../../../Engine/Shaders/Private/GPUMessaging.ush" 2492
"../../../Engine/Shaders/Private/VirtualShadowMaps/VirtualShadowMapPerPageDispatch.ush" 2493
"../../../Engine/Shaders/Private/VirtualShadowMaps/VirtualShadowMapComputeExplicitChunkDrawsViewMask.usf" 2494
"../../../Engine/Shaders/Shared/SceneCullingDefinitions.h" 2495
"../../../Engine/Shaders/Private/VirtualShadowMaps/VirtualShadowMapCompactViews.usf" 2496
"../../../Engine/Shaders/Private/VirtualShadowMaps/VirtualShadowMapBuildPerPageDrawCommands.usf" 2497
"../../../Engine/Shaders/Private/Nanite/NaniteCullingCommon.ush" 2498
"../../../Engine/Shaders/Private/Nanite/NaniteCulling.ush" 2499
"../../../Engine/Shaders/Private/Nanite/NaniteHierarchyTraversalCommon.ush" 2500
"../../../Engine/Shaders/Private/InstanceCulling/InstanceCullingCommon.ush" 2501
"../../../Engine/Shaders/Shared/InstanceCullingDefinitions.h" 2502
"../../../Engine/Shaders/Private/VirtualShadowMaps/VirtualShadowMapPrintStats.usf" 2503
"../../../Engine/Shaders/Private/VirtualShadowMaps/VirtualShadowMapPageManagement.usf" 2504
"../../../Engine/Shaders/Private/VirtualShadowMaps/VirtualShadowMapPageMarking.usf" 2505
"../../../Engine/Shaders/Private/VirtualShadowMaps/VirtualShadowMapPageMarking.ush" 2506
"../../../Engine/Shaders/Shared/SingleLayerWaterDefinitions.h" 2507
"../../../Engine/Shaders/Private/HairStrands/HairStrandsTileCommon.ush" 2508
"../../../Engine/Shaders/Private/Froxel/Froxel.ush" 2509
"../../../Engine/Shaders/Shared/FroxelDefinitions.h" 2510
"../../../Engine/Shaders/Private/VirtualShadowMaps/VirtualShadowMapThrottle.usf" 2511
"../../../Engine/Shaders/Private/VelocityUpdate.usf" 2512
"../../../Engine/Shaders/Private/VelocityCommon.ush" 2513
"../../../Engine/Shaders/Private/VelocityShader.usf" 2514
"../../../Engine/Shaders/Private/VariableRateShading/VRSShadingRatePreview.usf" 2515
"../../../Engine/Shaders/Private/VariableRateShading/VRSShadingRateCommon.ush" 2516
"../../../Engine/Shaders/Private/VariableRateShading/VRSShadingRateCombine.usf" 2517
"../../../Engine/Shaders/Private/VariableRateShading/VRSShadingRateFoveated.usf" 2518
"../../../Engine/Shaders/Private/VariableRateShading/VRSShadingRateReproject.usf" 2519
"../../../Engine/Shaders/Private/VariableRateShading/VRSShadingRateCalculate.usf" 2520
"../../../Engine/Shaders/Private/TranslucencyUpsampling.usf" 2521
"../../../Engine/Shaders/Private/ComposeSeparateTranslucency.usf" 2522
"../../../Engine/Shaders/Private/SeparateTranslucency.ush" 2523
"../../../Engine/Shaders/Private/TranslucencyVolumeVisualize.usf" 2524
"../../../Engine/Shaders/Private/TranslucencyVolumeCommon.ush" 2525
"../../../Engine/Shaders/Private/TranslucentLightInjectionShaders.usf" 2526
"../../../Engine/Shaders/Private/HeterogeneousVolumes/HeterogeneousVolumesAdaptiveVolumetricShadowMapSampling.ush" 2527
"../../../Engine/Shaders/Private/HeterogeneousVolumes/HeterogeneousVolumesAdaptiveVolumetricShadowMapUtils.ush" 2528
"../../../Engine/Shaders/Private/HeterogeneousVolumes/HeterogeneousVolumesBeerShadowMapUtils.ush" 2529
"../../../Engine/Shaders/Private/TranslucentShadowDepthShaders.usf" 2530
"../../../Engine/Shaders/Private/ShadowDepthCommon.ush" 2531
"../../../Engine/Shaders/Private/RayTracing/RayTracingTest.usf" 2532
"../../../Engine/Shaders/Private/PostprocessSubsurfaceTile.usf" 2533
"../../../Engine/Shaders/Private/PostProcessSubsurfaceCommon.ush" 2534
"../../../Engine/Shaders/Private/Substrate/SubstrateVisualize.usf" 2535
"../../../Engine/Shaders/Private/Substrate/SubstrateTile.ush" 2536
"../../../Engine/Shaders/Shared/SubstrateVisualizeDefinitions.h" 2537
"../../../Engine/Shaders/Private/Substrate/SubstrateVisualizeCommon.ush" 2538
"../../../Engine/Shaders/Private/SkyLightingDiffuseShared.ush" 2539
"../../../Engine/Shaders/Private/SkyLightingShared.ush" 2540
"../../../Engine/Shaders/Private/ClearCoatCommon.ush" 2541
"../../../Engine/Shaders/Private/ReflectionEnvironmentComposite.ush" 2542
"../../../Engine/Shaders/Private/Substrate/SubstrateLightingCommon.ush" 2543
"../../../Engine/Shaders/Private/Substrate/SubstrateRoughRefraction.usf" 2544
"../../../Engine/Shaders/Private/PathTracing/Material/PathTracingFresnel.ush" 2545
"../../../Engine/Shaders/Private/PathTracing/Material/PathTracingGlossy.ush" 2546
"../../../Engine/Shaders/Private/Substrate/SubstrateMaterialSampling.usf" 2547
"../../../Engine/Shaders/Private/Substrate/SubstrateMaterialSampling.ush" 2548
"../../../Engine/Shaders/Private/Lumen/LumenPosition.ush" 2549
"../../../Engine/Shaders/Private/Substrate/SubstrateTile.usf" 2550
"../../../Engine/Shaders/Private/Substrate/SubstrateMaterialClassification.usf" 2551
"../../../Engine/Shaders/Private/Substrate/SubstrateDBuffer.usf" 2552
"../../../Engine/Shaders/Private/StochasticLighting/StochasticLightingTileClassification.usf" 2553
"../../../Engine/Shaders/Private/Lumen/LumenMaterial.ush" 2554
"../../../Engine/Shaders/Private/HairStrands/HairStrandsVisibilityUtils.ush" 2555
"../../../Engine/Shaders/Private/Lumen/LumenReflectionCommon.ush" 2556
"../../../Engine/Shaders/Private/Lumen/LumenReflectionsCombine.ush" 2557
"../../../Engine/Shaders/Private/Lumen/LumenScreenProbeTileClassication.ush" 2558
"../../../Engine/Shaders/Private/MegaLights/MegaLightsTileClassification.ush" 2559
"../../../Engine/Shaders/Private/StochasticLighting/StochasticLightingUpsample.ush" 2560
"../../../Engine/Shaders/Private/StochasticLighting/StochasticLightingCommon.ush" 2561
"../../../Engine/Shaders/Private/SplineMeshSceneTexture.usf" 2562
"../../../Engine/Shaders/Private/SparseVolumeTexture/VisualizeSparseVolumeTexture.usf" 2563
"../../../Engine/Shaders/Private/SkyAtmosphere.usf" 2564
"../../../Engine/Shaders/Private/Nanite/NaniteSkinningUpdateViewData.usf" 2565
"../../../Engine/Shaders/Private/SceneCulling/SceneCulling.ush" 2566
"../../../Engine/Shaders/Private/Skinning/TransformProviders.usf" 2567
"../../../Engine/Shaders/Private/Skinning/SkinnedMeshDebug.usf" 2568
"../../../Engine/Shaders/Private/Skinning/AnimBankEval.usf" 2569
"../../../Engine/Shaders/Private/SingleLayerWaterComposite.usf" 2570
"../../../Engine/Shaders/Private/Froxel/FroxelBuild.ush" 2571
"../../../Engine/Shaders/Private/SingleLayerWaterRefractionCulling.usf" 2572
"../../../Engine/Shaders/Private/ScreenSpaceShadows.usf" 2573
"../../../Engine/Shaders/Private/bend_sss_gpu.ush" 2574
"../../../Engine/Shaders/Private/ShadowFactorsUpsampleCommon.ush" 2575
"../../../Engine/Shaders/Private/FirstPersonSelfShadow.usf" 2576
"../../../Engine/Shaders/Private/HZBTracing.ush" 2577
"../../../Engine/Shaders/Private/LateZDummyPS.usf" 2578
"../../../Engine/Shaders/Private/ShadowProjectionVertexShader.usf" 2579
"../../../Engine/Shaders/Private/ShadowProjectionPixelShader.usf" 2580
"../../../Engine/Shaders/Private/MobileLightingCommon.ush" 2581
"../../../Engine/Shaders/Private/PlanarReflectionShared.ush" 2582
"../../../Engine/Shaders/Private/MobileSSR.ush" 2583
"../../../Engine/Shaders/Private/SSRT/SSRTRayCast.ush" 2584
"../../../Engine/Shaders/Private/ShadowPercentageCloserFiltering.ush" 2585
"../../../Engine/Shaders/Private/TransmissionThickness.ush" 2586
"../../../Engine/Shaders/Private/CopyShadowMaps.usf" 2587
"../../../Engine/Shaders/Private/ShadowDepthPixelShader.usf" 2588
"../../../Engine/Shaders/Private/ShadowDepthVertexShader.usf" 2589
"../../../Engine/Shaders/Private/ShadingEnergyConservationTable.usf" 2590
"../../../Engine/Shaders/Shared/PathTracingDefinitions.h" 2591
"../../../Engine/Shaders/Private/ShadingFurnaceTest.usf" 2592
"../../../Engine/Shaders/Private/Substrate/SubstrateDeferredLighting.ush" 2593
"../../../Engine/Shaders/Private/ShaderPrintDraw.usf" 2594
"../../../Engine/Shaders/Private/ShaderPrintDrawPrimitive.usf" 2595
"../../../Engine/Shaders/Private/DefaultSSRTiles.usf" 2596
"../../../Engine/Shaders/Private/ScreenSpaceReflectionTileCommons.ush" 2597
"../../../Engine/Shaders/Private/SSRT/SSRTDiffuseIndirect.usf" 2598
"../../../Engine/Shaders/Private/SSRT/SSRTTileClassificationBuffer.ush" 2599
"../../../Engine/Shaders/Private/SSRT/SSRTReflections.usf" 2600
"../../../Engine/Shaders/Private/ScreenSpaceDenoise/SSDPublic.ush" 2601
"../../../Engine/Shaders/Private/SSRT/SSRTTileClassification.usf" 2602
"../../../Engine/Shaders/Private/SSRT/SSRTPrevFrameReduction.usf" 2603
"../../../Engine/Shaders/Private/ScreenSpaceDenoise/SSDComposeHarmonics.usf" 2604
"../../../Engine/Shaders/Private/ScreenSpaceDenoise/SSDPublicHarmonics.ush" 2605
"../../../Engine/Shaders/Private/ScreenSpaceDenoise/SSDSignalFramework.ush" 2606
"../../../Engine/Shaders/Private/ScreenSpaceDenoise/SSDCommon.ush" 2607
"../../../Engine/Shaders/Private/SphericalGaussian.ush" 2608
"../../../Engine/Shaders/Public/WaveBroadcastIntrinsics.ush" 2609
"../../../Engine/Shaders/Private/ScreenSpaceDenoise/SSDMetadata.ush" 2610
"../../../Engine/Shaders/Private/ScreenSpaceDenoise/SSDSignalCore.ush" 2611
"../../../Engine/Shaders/Private/ScreenSpaceDenoise/DenoisingCommon.ush" 2612
"../../../Engine/Shaders/Private/ScreenSpaceDenoise/SSDSignalArray.ush" 2613
"../../../Engine/Shaders/Private/ScreenSpaceDenoise/SSDSignalBufferEncoding.ush" 2614
"../../../Engine/Shaders/Private/ScreenSpaceDenoise/SSDPublicBufferEncoding.ush" 2615
"../../../Engine/Shaders/Private/Lumen/LumenBufferEncoding.ush" 2616
"../../../Engine/Shaders/Private/ScreenSpaceDenoise/SSDTemporalAccumulation.usf" 2617
"../../../Engine/Shaders/Private/ScreenSpaceDenoise/SSDSpatialKernel.ush" 2618
"../../../Engine/Shaders/Private/ScreenSpaceDenoise/SSDSignalAccumulatorArray.ush" 2619
"../../../Engine/Shaders/Private/ScreenSpaceDenoise/SSDSignalAccumulator.ush" 2620
"../../../Engine/Shaders/Private/ScreenSpaceDenoise/SSDSignalCompression.ush" 2621
"../../../Engine/Shaders/Private/ScreenSpaceDenoise/SSDSpatialAccumulation.usf" 2622
"../../../Engine/Shaders/Private/ScreenSpaceDenoise/SSDInjest.usf" 2623
"../../../Engine/Shaders/Private/ScreenSpaceDenoise/SSDCompressMetadata.usf" 2624
"../../../Engine/Shaders/Private/DownsampleDepthPixelShader.usf" 2625
"../../../Engine/Shaders/Private/ScreenPass.usf" 2626
"../../../Engine/Shaders/Private/HZB.usf" 2627
"../../../Engine/Shaders/Private/OcclusionFeedbackShaders.usf" 2628
"../../../Engine/Shaders/Private/HZBOcclusion.usf" 2629
"../../../Engine/Shaders/Private/OcclusionQueryPixelShader.usf" 2630
"../../../Engine/Shaders/Private/OcclusionQueryVertexShader.usf" 2631
"../../../Engine/Shaders/Private/HitProxyCopy.usf" 2632
"../../../Engine/Shaders/Private/HitProxyPixelShader.usf" 2633
"../../../Engine/Shaders/Private/HitProxyVertexShader.usf" 2634
"../../../Engine/Shaders/Private/SceneCulling/SceneCullingDebugRender.usf" 2635
"../../../Engine/Shaders/Private/SceneCulling/SceneCullingBuildExplicitBounds.usf" 2636
"../../../Engine/Shaders/Private/SceneCapturePixelShader.usf" 2637
"../../../Engine/Shaders/Private/RendererUtils.usf" 2638
"../../../Engine/Shaders/Private/RTWriteMaskDecode.usf" 2639
"../../../Engine/Shaders/Private/ReflectionEnvironmentShaders.usf" 2640
"../../../Engine/Shaders/Private/RectLightAtlas.usf" 2641
"../../../Engine/Shaders/Private/RayTracing/TraceRayInlineStatistics.usf" 2642
"../../../Engine/Shaders/Private/RayTracing/CompositeSkyLightPS.usf" 2643
"../../../Engine/Shaders/Private/RayTracing/GenerateSkyLightVisibilityRaysCS.usf" 2644
"../../../Engine/Shaders/Private/RayTracing/RayTracingSkyLightCommon.ush" 2645
"../../../Engine/Shaders/Private/RayTracing/SkyLightVisibilityRaysData.ush" 2646
"../../../Engine/Shaders/Private/Raytracing/RaytracingSkylightRGS.usf" 2647
"../../../Engine/Shaders/Private/HairStrands/HairStrandsRaytracing.ush" 2648
"../../../Engine/Shaders/Private/Raytracing/RayTracingSkyLightEvaluation.ush" 2649
"../../../Engine/Shaders/Private/Raytracing/RayTracingDeferredShadingCommon.ush" 2650
"../../../Engine/Shaders/Private/RayTracing/RayTracingOcclusionRGS.usf" 2651
"../../../Engine/Shaders/Private/RayTracing/RayTracingDirectionalLight.ush" 2652
"../../../Engine/Shaders/Private/RayTracing/RayTracingRectLight.ush" 2653
"../../../Engine/Shaders/Private/RayTracing/RayTracingSphereLight.ush" 2654
"../../../Engine/Shaders/Private/RayTracing/RayTracingCapsuleLight.ush" 2655
"../../../Engine/Shaders/Private/Raytracing/RayTracingFeedback.usf" 2656
"../../../Engine/Shaders/Shared/RayTracingDebugTypes.h" 2657
"../../../Engine/Shaders/Private/RayTracing/RayTracingPrimaryRays.usf" 2658
"../../../Engine/Shaders/Private/RayTracing/RayTracingLightingCommon.ush" 2659
"../../../Engine/Shaders/Private/RayTracing/RayTracingLightCullingCommon.ush" 2660
"../../../Engine/Shaders/Private/RayTracing/RayTracingMaterialDefaultHitShaders.usf" 2661
"../../../Engine/Shaders/Private/RayTracing/RayTracingMaterialHitShaders.usf" 2662
"../../../Engine/Shaders/Private/RayTracing/RayTracingShaderUtils.ush" 2663
"../../../Engine/Shaders/Private/RayTracing/RayTracingCalcInterpolants.ush" 2664
"../../../Engine/Shaders/Private/LightmapCommon.ush" 2665
"../../../Engine/Shaders/Private/Lumen/LumenHardwareRayTracingPayloadCommon.ush" 2666
"../../../Engine/Shaders/Shared/LumenDefinitions.h" 2667
"../../../Engine/Shaders/Private/Substrate/SubstrateExport.ush" 2668
"../../../Engine/Shaders/Private/RayTracing/RayTracingLightingMS.usf" 2669
"../../../Engine/Shaders/Private/Lumen/LumenDiffuseColorBoost.ush" 2670
"../../../Engine/Shaders/Private/RayTracing/RayTracingLightFunctionCommon.ush" 2671
"../../../Engine/Shaders/Private/RayTracing/RayTracingBuildLightGrid.usf" 2672
"../../../Engine/Shaders/Private/Raytracing/RayTracingInstanceBufferUtil.usf" 2673
"../../../Engine/Shaders/Private/RayTracing/RayTracingDynamicMesh.usf" 2674
"../../../Engine/Shaders/Private/RayTracing/RayTracingDefaultDecalHitShader.usf" 2675
"../../../Engine/Shaders/Private/RayTracing/RayTracingDecalMaterialShader.usf" 2676
"../../../Engine/Shaders/Private/PathTracing/PathTracingShaderUtils.ush" 2677
"../../../Engine/Shaders/Private/PathTracing/PathTracingCommon.ush" 2678
"../../../Engine/Shaders/Private/PathTracing/Material/PathTracingMaterialCommon.ush" 2679
"../../../Engine/Shaders/Private/PathTracing/Utilities/PathTracingRIS.ush" 2680
"../../../Engine/Shaders/Private/RayTracing/RayTracingBuildDecalGrid.usf" 2681
"../../../Engine/Shaders/Private/RayTracing/RayTracingDebugHitStatsUtils.usf" 2682
"../../../Engine/Shaders/Private/RayTracing/RayTracingDebugInstanceOverlap.usf" 2683
"../../../Engine/Shaders/Private/RayTracing/RayTracingDebugPicking.usf" 2684
"../../../Engine/Shaders/Private/RayTracing/RayTracingDebugUtils.ush" 2685
"../../../Engine/Shaders/Private/RayTracing/RayTracingDebugTraversal.usf" 2686
"../../../Engine/Shaders/Private/RayTracing/RayTracingDeferredMaterials.ush" 2687
"../../../Engine/Shaders/Shared/ThirdParty/AMD/ags_shader_intrinsics_dx12.h" 2688
"../../../Engine/Shaders/Shared/RayTracingDebugDefinitions.h" 2689
"../../../Engine/Shaders/Private/RayTracing/RayTracingDebugHitStatsCHS.usf" 2690
"../../../Engine/Shaders/Private/RayTracing/RayTracingDebugHitStats.usf" 2691
"../../../Engine/Shaders/Private/RayTracing/RayTracingDebugMS.usf" 2692
"../../../Engine/Shaders/Private/RayTracing/RayTracingDebugCHS.usf" 2693
"../../../Engine/Shaders/Private/RayTracing/RayTracingDebug.usf" 2694
"../../../Engine/Shaders/Private/RayTracing/RayTracingBuiltInShaders.usf" 2695
"../../../Engine/Shaders/Private/RayTracing/RayTracingBarycentrics.usf" 2696
"../../../Engine/Shaders/Private/RayTracing/RayTracingAmbientOcclusionRGS.usf" 2697
"../../../Engine/Shaders/Private/VisualizeShadingModels.usf" 2698
"../../../Engine/Shaders/Private/MotionBlur/VisualizeMotionVectors.usf" 2699
"../../../Engine/Shaders/Private/TemporalSuperResolution/TSRVisualize.usf" 2700
"../../../Engine/Shaders/Private/TemporalSuperResolution/TSRColorSpace.ush" 2701
"../../../Engine/Shaders/Private/TemporalSuperResolution/TSRCommon.ush" 2702
"../../../Engine/Shaders/Public/DualPixelVectorization.ush" 2703
"../../../Engine/Shaders/Private/TemporalSuperResolution/TSRReprojectionField.ush" 2704
"../../../Engine/Shaders/Private/TemporalSuperResolution/TSRResolveHistory.usf" 2705
"../../../Engine/Shaders/Private/TemporalSuperResolution/TSRConvolutionNetwork.ush" 2706
"../../../Engine/Shaders/Private/TemporalSuperResolution/TSRKernels.ush" 2707
"../../../Engine/Shaders/Public/LaneVectorization.ush" 2708
"../../../Engine/Shaders/Private/TemporalSuperResolution/TSRUpdateHistory.usf" 2709
"../../../Engine/Shaders/Private/TemporalSuperResolution/TSRSpatialAntiAliasing.ush" 2710
"../../../Engine/Shaders/Private/TemporalSuperResolution/TSRSpatialAntiAliasing.usf" 2711
"../../../Engine/Shaders/Private/TemporalSuperResolution/TSRRejectShading.usf" 2712
"../../../Engine/Shaders/Private/TemporalSuperResolution/TSRShadingAnalysis.ush" 2713
"../../../Engine/Shaders/Private/TemporalSuperResolution/TSRConvolutionNetworkPass.ush" 2714
"../../../Engine/Shaders/Private/TemporalSuperResolution/TSRDecimateHistory.usf" 2715
"../../../Engine/Shaders/Private/TemporalSuperResolution/TSRDepthVelocityAnalysis.ush" 2716
"../../../Engine/Shaders/Private/TemporalSuperResolution/TSRClosestOccluder.ush" 2717
"../../../Engine/Shaders/Private/TemporalSuperResolution/TSRWeightRelaxation.usf" 2718
"../../../Engine/Shaders/Private/TemporalSuperResolution/TSRThinGeometryCommon.ush" 2719
"../../../Engine/Shaders/Private/TemporalSuperResolution/TSRDetectThinGeometry.usf" 2720
"../../../Engine/Shaders/Private/TemporalSuperResolution/TSRDilateVelocity.usf" 2721
"../../../Engine/Shaders/Private/MotionBlur/MotionBlurVelocityFlatten.ush" 2722
"../../../Engine/Shaders/Private/MotionBlur/MotionBlurCommon.ush" 2723
"../../../Engine/Shaders/Private/TemporalSuperResolution/TSRClearPrevTextures.usf" 2724
"../../../Engine/Shaders/Private/TemporalSuperResolution/TSRMeasureCoverage.usf" 2725
"../../../Engine/Shaders/Private/TemporalSuperResolution/TSRMeasureFlickeringLuma.usf" 2726
"../../../Engine/Shaders/Private/TemporalAA.usf" 2727
"../../../Engine/Shaders/Private/SMAA/SMAADebugVisualization.usf" 2728
"../../../Engine/Shaders/Private/SMAA/SMAACommon.ush" 2729
"../../../Engine/Shaders/Private/SMAA/SMAA.ush" 2730
"../../../Engine/Shaders/Private/SMAA/SMAANeighborhoodBlendingShader.usf" 2731
"../../../Engine/Shaders/Private/SMAA/SMAABlendingWeightCalculationShader.usf" 2732
"../../../Engine/Shaders/Private/SMAA/SMAAEdgeDetectionShader.usf" 2733
"../../../Engine/Shaders/Private/FilterPixelShader.usf" 2734
"../../../Engine/Shaders/Private/FilterVertexShader.usf" 2735
"../../../Engine/Shaders/Private/VisualizeVirtualTexture.usf" 2736
"../../../Engine/Shaders/Private/PostProcessVisualizeBuffer.usf" 2737
"../../../Engine/Shaders/Private/PostProcessVisualizeLocalExposure.usf" 2738
"../../../Engine/Shaders/Private/PostProcessHistogramCommon.ush" 2739
"../../../Engine/Shaders/Private/TonemapCommon.ush" 2740
"../../../Engine/Shaders/Private/ACES/ACESCommon.ush" 2741
"../../../Engine/Shaders/Private/ACES/ACESOutputTransform.ush" 2742
"../../../Engine/Shaders/Private/ACES/ACESUtilities.ush" 2743
"../../../Engine/Shaders/Private/ACES/ACESTonescale.ush" 2744
"../../../Engine/Shaders/Private/ACES/ACESDisplayEncoding.ush" 2745
"../../../Engine/Shaders/Private/ACES/ACES_v1.3.ush" 2746
"../../../Engine/Shaders/Private/PostProcessVisualizeLevelInstance.usf" 2747
"../../../Engine/Shaders/Private/PostProcessVisualizeHDR.usf" 2748
"../../../Engine/Shaders/Private/ShaderComplexityApplyPixelShader.usf" 2749
"../../../Engine/Shaders/Private/QuadOverdraw.ush" 2750
"../../../Engine/Shaders/Private/PostProcessUpscale.usf" 2751
"../../../Engine/Shaders/Private/PostProcessTonemap.usf" 2752
"../../../Engine/Shaders/Private/PostProcessing/FilmGrainPackConstants.usf" 2753
"../../../Engine/Shaders/Private/PostProcessing/FilmGrainReduce.usf" 2754
"../../../Engine/Shaders/Private/PostProcessTestImage.usf" 2755
"../../../Engine/Shaders/Private/PostProcessSubsurface.usf" 2756
"../../../Engine/Shaders/Private/SeparableSSS.ush" 2757
"../../../Engine/Shaders/Private/SubsurfaceBurleyNormalized.ush" 2758
"../../../Engine/Shaders/Private/PostProcessSelectionOutline.usf" 2759
"../../../Engine/Shaders/Private/MotionBlur/MotionBlurVisualize.usf" 2760
"../../../Engine/Shaders/Private/MotionBlur/MotionBlurApply.usf" 2761
"../../../Engine/Shaders/Private/MotionBlur/MotionBlurFilterTileClassify.usf" 2762
"../../../Engine/Shaders/Private/MotionBlur/MotionBlurTileScatter.usf" 2763
"../../../Engine/Shaders/Private/MotionBlur/MotionBlurTileGather.usf" 2764
"../../../Engine/Shaders/Private/MotionBlur/MotionBlurVelocityFlatten.usf" 2765
"../../../Engine/Shaders/Private/PostProcessMobile.usf" 2766
"../../../Engine/Shaders/Private/PostProcessMitchellNetravali.usf" 2767
"../../../Engine/Shaders/Private/PostProcessMaterialShaders.usf" 2768
"../../../Engine/Shaders/Private/NeuralPostProcessCommon.usf" 2769
"../../../Engine/Shaders/Private/PostProcessLocalExposure.usf" 2770
"../../../Engine/Shaders/Private/PostProcessLensFlares.usf" 2771
"../../../Engine/Shaders/Private/PostProcessGBufferHints.usf" 2772
"../../../Engine/Shaders/Private/PostProcessHMD.usf" 2773
"../../../Engine/Shaders/Private/Histogram.usf" 2774
"../../../Engine/Shaders/Private/PostProcessExposureMaterial.ush" 2775
"../../../Engine/Shaders/Private/PostProcessHistogramReduce.usf" 2776
"../../../Engine/Shaders/Private/PostProcessHistogram.usf" 2777
"../../../Engine/Shaders/Private/Bloom/BloomFinalizeApplyConstants.usf" 2778
"../../../Engine/Shaders/Private/Bloom/BloomCommon.ush" 2779
"../../../Engine/Shaders/Private/Bloom/BloomResizeKernel.usf" 2780
"../../../Engine/Shaders/Private/Bloom/BloomDownsampleKernel.usf" 2781
"../../../Engine/Shaders/Private/Bloom/BloomClampKernel.usf" 2782
"../../../Engine/Shaders/Private/Bloom/BloomPackKernelConstants.usf" 2783
"../../../Engine/Shaders/Private/Bloom/BloomSumScatterDispersionEnergy.usf" 2784
"../../../Engine/Shaders/Private/Bloom/BloomReduceKernelSurvey.usf" 2785
"../../../Engine/Shaders/Private/Bloom/BloomSurveyKernelCenterEnergy.usf" 2786
"../../../Engine/Shaders/Private/Bloom/BloomSurveyMaxScatterDispersion.usf" 2787
"../../../Engine/Shaders/Private/Bloom/BloomFindKernelCenter.usf" 2788
"../../../Engine/Shaders/Private/PostProcessEyeAdaptation.usf" 2789
"../../../Engine/Shaders/Private/PostProcessEyeAdaptationUtils.usf" 2790
"../../../Engine/Shaders/Private/PostProcessDownsample.usf" 2791
"../../../Engine/Shaders/Private/PostProcessDOF.usf" 2792
"../../../Engine/Shaders/Private/PostProcessDeviceEncodingOnly.usf" 2793
"../../../Engine/Shaders/Private/PostProcessCompositePrimitives.usf" 2794
"../../../Engine/Shaders/Private/PostProcessCombineLUTs.usf" 2795
"../../../Engine/Shaders/Private/PostProcessVisualizeDOF.usf" 2796
"../../../Engine/Shaders/Private/PostProcessBloom.usf" 2797
"../../../Engine/Shaders/Private/PostProcessAmbientOcclusionMobile.usf" 2798
"../../../Engine/Shaders/Private/PostProcessAmbientOcclusionCommon.ush" 2799
"../../../Engine/Shaders/Private/FXAAShader.usf" 2800
"../../../Engine/Shaders/Private/Fxaa3_11.ush" 2801
"../../../Engine/Shaders/Private/PaniniProjection.usf" 2802
"../../../Engine/Shaders/Private/DiaphragmDOF/DOFRecombine.usf" 2803
"../../../Engine/Shaders/Private/DiaphragmDOF/DOFHybridScatterPixelShader.usf" 2804
"../../../Engine/Shaders/Private/DiaphragmDOF/DOFHybridScatterCommon.ush" 2805
"../../../Engine/Shaders/Private/DiaphragmDOF/DOFVignetteCommon.ush" 2806
"../../../Engine/Shaders/Private/DiaphragmDOF/DOFHybridScatterVertexShader.usf" 2807
"../../../Engine/Shaders/Private/DiaphragmDOF/DOFPostfiltering.usf" 2808
"../../../Engine/Shaders/Private/DiaphragmDOF/DOFGatherTileSuggest.ush" 2809
"../../../Engine/Shaders/Private/DiaphragmDOF/DOFCocTileCommon.ush" 2810
"../../../Engine/Shaders/Private/DiaphragmDOF/DOFGatherPass.usf" 2811
"../../../Engine/Shaders/Private/DiaphragmDOF/DOFGatherCommon.ush" 2812
"../../../Engine/Shaders/Private/DiaphragmDOF/DOFGatherAccumulator.ush" 2813
"../../../Engine/Shaders/Private/DiaphragmDOF/DOFGatherKernel.ush" 2814
"../../../Engine/Shaders/Private/DiaphragmDOF/DOFBokehLUT.usf" 2815
"../../../Engine/Shaders/Private/DiaphragmDOF/DOFHybridScatterCompilation.usf" 2816
"../../../Engine/Shaders/Private/DiaphragmDOF/DOFReduce.usf" 2817
"../../../Engine/Shaders/Private/DiaphragmDOF/DOFDownsample.ush" 2818
"../../../Engine/Shaders/Private/DiaphragmDOF/DOFHybridScatterCompilation.ush" 2819
"../../../Engine/Shaders/Private/DiaphragmDOF/DOFDownsample.usf" 2820
"../../../Engine/Shaders/Private/DiaphragmDOF/DOFCocTileDilate.usf" 2821
"../../../Engine/Shaders/Private/DiaphragmDOF/DOFCocTileFlatten.usf" 2822
"../../../Engine/Shaders/Private/DiaphragmDOF/DOFSetup.usf" 2823
"../../../Engine/Shaders/Private/Tools/DebugAlphaChannel.usf" 2824
"../../../Engine/Shaders/Private/PostProcessAlphaInvert.usf" 2825
"../../../Engine/Shaders/Private/PlanarReflectionShaders.usf" 2826
"../../../Engine/Shaders/Private/PhysicsFieldVisualizer.usf" 2827
"../../../Engine/Shaders/Private/PathTracing/PathTracingSpatialTemporalDenoising.usf" 2828
"../../../Engine/Shaders/Private/ColorDifference.ush" 2829
"../../../Engine/Shaders/Private/PathTracing/PathTracingCompositingPixelShader.usf" 2830
"../../../Engine/Shaders/Private/PathTracing/PathTracingAdaptiveUtils.ush" 2831
"../../../Engine/Shaders/Private/PathTracing/PathTracingDefaultHitShader.usf" 2832
"../../../Engine/Shaders/Private/PathTracing/PathTracingGPULightmassMaterialHitShader.usf" 2833
"../../../Engine/Shaders/Private/PathTracing/PathTracingMaterialHitShader.usf" 2834
"../../../Engine/Shaders/Private/PathTracing/Material/PathTracingSubstrateCommon.ush" 2835
"../../../Engine/Shaders/Private/PathTracing/PathTracingLightingMissShader.usf" 2836
"../../../Engine/Shaders/Private/PathTracing/PathTracingMissShader.usf" 2837
"../../../Engine/Shaders/Private/PathTracing/PathTracingAdaptiveStart.usf" 2838
"../../../Engine/Shaders/Private/PathTracing/PathTracingBuildAdaptiveError.usf" 2839
"../../../Engine/Shaders/Private/PathTracing/PathTracingVolumetricCloudMaterialShader.usf" 2840
"../../../Engine/Shaders/Private/PathTracing/Volume/PathTracingCloudsMaterialCommon.ush" 2841
"../../../Engine/Shaders/Private/PathTracing/Volume/PathTracingVolumeCommon.ush" 2842
"../../../Engine/Shaders/Private/PathTracing/Volume/PathTracingCloudsCommon.ush" 2843
"../../../Engine/Shaders/Private/PathTracing/Volume/PathTracingFog.ush" 2844
"../../../Engine/Shaders/Private/PathTracing/Volume/PathTracingAtmosphere.ush" 2845
"../../../Engine/Shaders/Private/PathTracing/Volume/PathTracingAtmosphereCommon.ush" 2846
"../../../Engine/Shaders/Private/PathTracing/Volume/PathTracingVolumeSampling.ush" 2847
"../../../Engine/Shaders/Private/PathTracing/PathTracingBuildCloudAccelerationMap.usf" 2848
"../../../Engine/Shaders/Private/PathTracing/PathTracingBuildAtmosphereLUT.usf" 2849
"../../../Engine/Shaders/Private/PathTracing/PathTracingSwizzleScanlines.usf" 2850
"../../../Engine/Shaders/Private/PathTracing/PathTracingInitExtinctionCoefficient.usf" 2851
"../../../Engine/Shaders/Private/PathTracing/PathTracingCopyDepth.usf" 2852
"../../../Engine/Shaders/Private/PathTracing/PathTracingDebug.usf" 2853
"../../../Engine/Shaders/Private/RayTracing/RayTracingDecalGrid.ush" 2854
"../../../Engine/Shaders/Private/PathTracing/Material/PathTracingMaterialSampling.ush" 2855
"../../../Engine/Shaders/Private/PathTracing/Material/PathTracingLambert.ush" 2856
"../../../Engine/Shaders/Private/PathTracing/Material/PathTracingSubstrate.ush" 2857
"../../../Engine/Shaders/Private/PathTracing/Material/PathTracingSubstrateFoliage.ush" 2858
"../../../Engine/Shaders/Private/PathTracing/Material/PathTracingSubstrateSolidGlass.ush" 2859
"../../../Engine/Shaders/Private/PathTracing/Material/PathTracingSubstrateThinGlass.ush" 2860
"../../../Engine/Shaders/Private/PathTracing/Material/PathTracingSolidGlass.ush" 2861
"../../../Engine/Shaders/Private/PathTracing/Material/PathTracingEnergyConservation.ush" 2862
"../../../Engine/Shaders/Private/PathTracing/Material/PathTracingThinGlass.ush" 2863
"../../../Engine/Shaders/Private/PathTracing/Material/PathTracingDefaultLit.ush" 2864
"../../../Engine/Shaders/Private/PathTracing/Material/PathTracingClearCoat.ush" 2865
"../../../Engine/Shaders/Private/PathTracing/Material/PathTracingTwoSidedFoliage.ush" 2866
"../../../Engine/Shaders/Private/PathTracing/Material/PathTracingCloth.ush" 2867
"../../../Engine/Shaders/Private/PathTracing/Material/PathTracingSubsurfaceProfile.ush" 2868
"../../../Engine/Shaders/Private/PathTracing/Material/PathTracingEye.ush" 2869
"../../../Engine/Shaders/Private/PathTracing/Material/PathTracingHair.ush" 2870
"../../../Engine/Shaders/Private/PathTracing/Material/PathTracingMedium.ush" 2871
"../../../Engine/Shaders/Private/PathTracing/Light/PathTracingLightSampling.ush" 2872
"../../../Engine/Shaders/Private/PathTracing/Light/PathTracingLightCommon.ush" 2873
"../../../Engine/Shaders/Private/PathTracing/Light/PathTracingDirectionalLight.ush" 2874
"../../../Engine/Shaders/Private/PathTracing/Light/PathTracingPointLight.ush" 2875
"../../../Engine/Shaders/Private/PathTracing/Light/PathTracingCapsuleLight.ush" 2876
"../../../Engine/Shaders/Private/PathTracing/Light/PathTracingRectLight.ush" 2877
"../../../Engine/Shaders/Private/PathTracing/Light/PathTracingSkyLight.ush" 2878
"../../../Engine/Shaders/Private/PathTracing/Light/PathTracingLightGrid.ush" 2879
"../../../Engine/Shaders/Private/PathTracing/PathTracing.usf" 2880
"../../../Engine/Shaders/Private/PathTracing/PathTracingCore.ush" 2881
"../../../Engine/Shaders/Private/HeterogeneousVolumes/HeterogeneousVolumesVoxelGridTypes.ush" 2882
"../../../Engine/Shaders/Private/PathTracing/Volume/PathTracingVolume.ush" 2883
"../../../Engine/Shaders/Private/PathTracing/Volume/PathTracingClouds.ush" 2884
"../../../Engine/Shaders/Private/PathTracing/Volume/PathTracingHeterogeneousVolumes.ush" 2885
"../../../Engine/Shaders/Private/HeterogeneousVolumes/HeterogeneousVolumesTracingUtils.ush" 2886
"../../../Engine/Shaders/Private/HeterogeneousVolumes/HeterogeneousVolumesVoxelGridTraversal.ush" 2887
"../../../Engine/Shaders/Private/HeterogeneousVolumes/HeterogeneousVolumesVoxelGridUtils.ush" 2888
"../../../Engine/Shaders/Private/HeterogeneousVolumes/HeterogeneousVolumesFrustumVoxelGridUtils.ush" 2889
"../../../Engine/Shaders/Private/PathTracing/PathTracingBuildLightGrid.usf" 2890
"../../../Engine/Shaders/Private/PathTracing/PathTracingSkylightMISCompensation.usf" 2891
"../../../Engine/Shaders/Private/PathTracing/PathTracingSkylightPrepare.usf" 2892
"../../../Engine/Shaders/Private/OIT/OITSorting.usf" 2893
"../../../Engine/Shaders/Private/OITCombine.usf" 2894
"../../../Engine/Shaders/Private/OITCommon.ush" 2895
"../../../Engine/Shaders/Private/Nanite/Voxel/RasterizeBricks.usf" 2896
"../../../Engine/Shaders/Private/Nanite/Voxel/Brick.ush" 2897
"../../../Engine/Shaders/Private/Nanite/Voxel/Voxel.ush" 2898
"../../../Engine/Shaders/Private/Nanite/Voxel/ScatterBricks.usf" 2899
"../../../Engine/Shaders/Private/Nanite/Voxel/TileBricks.usf" 2900
"../../../Engine/Shaders/Private/Nanite/Voxel/AutoVoxel.usf" 2901
"../../../Engine/Shaders/Private/Nanite/NaniteDebugViews.usf" 2902
"../../../Engine/Shaders/Private/Nanite/NaniteEditorCommon.ush" 2903
"../../../Engine/Shaders/Private/BinarySearch.ush" 2904
"../../../Engine/Shaders/Private/Nanite/NaniteDepthDecode.usf" 2905
"../../../Engine/Shaders/Private/HTileEncoding.ush" 2906
"../../../Engine/Shaders/Private/Nanite/NaniteVisualize.usf" 2907
"../../../Engine/Shaders/Private/Nanite/NaniteStreamOut.usf" 2908
"../../../Engine/Shaders/Private/Nanite/NaniteHierarchyTraversal.ush" 2909
"../../../Engine/Shaders/Private/Nanite/NaniteShadeBinning.usf" 2910
"../../../Engine/Shaders/Private/Nanite/NaniteShadeCommon.ush" 2911
"../../../Engine/Shaders/Private/Nanite/NaniteFastClear.usf" 2912
"../../../Engine/Shaders/Private/Nanite/NaniteRayTracing.usf" 2913
"../../../Engine/Shaders/Private/Nanite/NaniteExportGBuffer.usf" 2914
"../../../Engine/Shaders/Private/Nanite/NaniteClusterCulling.usf" 2915
"../../../Engine/Shaders/Private/Nanite/NanitePrintStats.usf" 2916
"../../../Engine/Shaders/Private/Nanite/NaniteRasterizer.usf" 2917
"../../../Engine/Shaders/Private/Nanite/NaniteRasterizationCommon.ush" 2918
"../../../Engine/Shaders/Private/Nanite/NaniteRasterizer.ush" 2919
"../../../Engine/Shaders/Private/Nanite/NaniteWritePixel.ush" 2920
"../../../Engine/Shaders/Private/Nanite/NaniteTessellation.ush" 2921
"../../../Engine/Shaders/Private/WorkDistribution.ush" 2922
"../../../Engine/Shaders/Private/Nanite/NaniteDice.ush" 2923
"../../../Engine/Shaders/Private/ShaderBundleWorkGraphCommon.ush" 2924
"../../../Engine/Shaders/Public/RootConstants.ush" 2925
"../../../Engine/Shaders/Public/Platform/D3D/D3DRootConstants.ush" 2926
"../../../Engine/Shaders/Private/Nanite/NaniteSplit.usf" 2927
"../../../Engine/Shaders/Private/Nanite/NaniteRasterBinning.usf" 2928
"../../../Engine/Shaders/Private/Nanite/NaniteInstanceCulling.usf" 2929
"../../../Engine/Shaders/Private/Nanite/NaniteImposter.ush" 2930
"../../../Engine/Shaders/Private/Nanite/NaniteInstanceHierarchyCulling.usf" 2931
"../../../Engine/Shaders/Private/WorkGroupLoadBalancer.ush" 2932
"../../../Engine/Shaders/Private/Nanite/NanitePrimitiveFilter.usf" 2933
"../../../Engine/Shaders/Private/Nanite/NaniteRasterClear.usf" 2934
"../../../Engine/Shaders/Private/Nanite/NaniteDepthExport.usf" 2935
"../../../Engine/Shaders/Private/Nanite/NaniteEmitShadow.usf" 2936
"../../../Engine/Shaders/Private/MobileDeferredUtils.usf" 2937
"../../../Engine/Shaders/Private/MobileLocalLightsBuffer.usf" 2938
"../../../Engine/Shaders/Private/MobileFog.usf" 2939
"../../../Engine/Shaders/Private/DistortApplyScreenPS.usf" 2940
"../../../Engine/Shaders/Private/MobileDeferredShading.usf" 2941
"../../../Engine/Shaders/Private/MobileBasePassPixelShader.usf" 2942
"../../../Engine/Shaders/Private/MobileBasePassCommon.ush" 2943
"../../../Engine/Shaders/Private/BasePassCommon.ush" 2944
"../../../Engine/Shaders/Private/ShadingModelsMaterial.ush" 2945
"../../../Engine/Shaders/Private/ThinTranslucentCommon.ush" 2946
"../../../Engine/Shaders/Private/SingleLayerWaterShading.ush" 2947
"../../../Engine/Shaders/Private/DistortionCommon.ush" 2948
"../../../Engine/Shaders/Private/Substrate/SubstrateMobileForwardLighting.ush" 2949
"../../../Engine/Shaders/Private/MobileBasePassVertexShader.usf" 2950
"../../../Engine/Shaders/Private/MeshEdges.usf" 2951
"../../../Engine/Shaders/Private/MegaLights/MegaLightsSampling.usf" 2952
"../../../Engine/Shaders/Shared/MegaLightsDefinitions.h" 2953
"../../../Engine/Shaders/Private/MegaLights/MegaLightsShading.ush" 2954
"../../../Engine/Shaders/Private/MegaLights/MegaLights.ush" 2955
"../../../Engine/Shaders/Private/MegaLights/MegaLightsMaterial.ush" 2956
"../../../Engine/Shaders/Private/MegaLights/MegaLightsRayTracing.ush" 2957
"../../../Engine/Shaders/Private/MegaLights/MegaLightsSampling.ush" 2958
"../../../Engine/Shaders/Private/MegaLights/MegaLightsVolumeSampling.usf" 2959
"../../../Engine/Shaders/Private/MegaLights/MegaLightsVolume.ush" 2960
"../../../Engine/Shaders/Private/MegaLights/MegaLights.usf" 2961
"../../../Engine/Shaders/Private/HairStrands/HairStrandsScreenTracing.ush" 2962
"../../../Engine/Shaders/Private/MegaLights/MegaLightsFilterVisibleLightHash.usf" 2963
"../../../Engine/Shaders/Private/MegaLights/MegaLightsShading.usf" 2964
"../../../Engine/Shaders/Private/Lumen/LumenReflectionDenoiserCommon.ush" 2965
"../../../Engine/Shaders/Private/MegaLights/MegaLightsVisibleLightHash.usf" 2966
"../../../Engine/Shaders/Private/MegaLights/MegaLightsVolumeShading.usf" 2967
"../../../Engine/Shaders/Private/MegaLights/MegaLightsVSMMarking.usf" 2968
"../../../Engine/Shaders/Private/MegaLights/MegaLightsVSMTracing.usf" 2969
"../../../Engine/Shaders/Private/MegaLights/MegaLightsRayTracing.usf" 2970
"../../../Engine/Shaders/Private/DistanceField/GlobalDistanceFieldUtils.ush" 2971
"../../../Engine/Shaders/Private/Lumen/LumenScreenTracing.ush" 2972
"../../../Engine/Shaders/Private/MegaLights/MegaLightsVolumeRayTracing.usf" 2973
"../../../Engine/Shaders/Private/MegaLights/MegaLightsVolumeHardwareRayTracing.usf" 2974
"../../../Engine/Shaders/Private/Lumen/LumenHardwareRayTracingCommon.ush" 2975
"../../../Engine/Shaders/Private/RayTracing/RayTracingReflectionEnvironment.ush" 2976
"../../../Engine/Shaders/Private/Lumen/LumenHardwareRayTracingPlatformCommon.ush" 2977
"../../../Engine/Shaders/Private/Lumen/LumenTracingCommon.ush" 2978
"../../../Engine/Shaders/Private/Lumen/SurfaceCache/LumenSurfaceCacheSampling.ush" 2979
"../../../Engine/Shaders/Private/Lumen/SurfaceCache/LumenSurfaceCache.ush" 2980
"../../../Engine/Shaders/Private/Lumen/LumenCardCommon.ush" 2981
"../../../Engine/Shaders/Private/Lumen/LumenCardTileShadowDownsampleFactor.ush" 2982
"../../../Engine/Shaders/Private/MegaLights/MegaLightsHardwareRayTracing.usf" 2983
"../../../Engine/Shaders/Private/MegaLights/MegaLightsDebug.usf" 2984
"../../../Engine/Shaders/Private/MegaLights/MegaLightsDenoiserSpatial.usf" 2985
"../../../Engine/Shaders/Private/MegaLights/MegaLightsDenoiserTemporal.usf" 2986
"../../../Engine/Shaders/Private/MaterialCache/MaterialCacheABufferPages.usf" 2987
"../../../Engine/Shaders/Private/MaterialCache/MaterialCacheShade.usf" 2988
"../../../Engine/Shaders/Private/MaterialCache/MaterialCacheShadeCommon.ush" 2989
"../../../Engine/Shaders/Private/MaterialCache/MaterialCacheUnwrapNaniteShade.usf" 2990
"../../../Engine/Shaders/Private/MaterialCache/MaterialCacheUnwrapPixelShader.usf" 2991
"../../../Engine/Shaders/Private/MaterialCache/MaterialCacheUnwrapVertexShader.usf" 2992
"../../../Engine/Shaders/Private/Lumen/LumenVisualizeRadianceCache.usf" 2993
"../../../Engine/Shaders/Private/Lumen/LumenRadianceCacheCommon.ush" 2994
"../../../Engine/Shaders/Private/Lumen/LumenVisualizeHardwareRayTracing.usf" 2995
"../../../Engine/Shaders/Private/Lumen/LumenVisualize.ush" 2996
"../../../Engine/Shaders/Private/Lumen/LumenHairTracing.ush" 2997
"../../../Engine/Shaders/Private/Lumen/LumenVisualize.usf" 2998
"../../../Engine/Shaders/Private/Lumen/LumenSoftwareRayTracing.ush" 2999
"../../../Engine/Shaders/Private/DistanceField/GlobalDistanceFieldObjectGrid.ush" 3000
"../../../Engine/Shaders/Private/DistanceFieldLightingShared.ush" 3001
"../../../Engine/Shaders/Private/Lumen/LumenVisualizeTraces.ush" 3002
"../../../Engine/Shaders/Private/Lumen/LumenTranslucencyVolumeLighting.usf" 3003
"../../../Engine/Shaders/Private/Lumen/LumenRadianceCacheMarkCommon.ush" 3004
"../../../Engine/Shaders/Private/Lumen/LumenTranslucencyVolumeLightingShared.ush" 3005
"../../../Engine/Shaders/Private/Lumen/LumenScreenProbeCommon.ush" 3006
"../../../Engine/Shaders/Private/RayTracing/RayGenUtils.ush" 3007
"../../../Engine/Shaders/Private/Lumen/LumenRadianceCacheTracingCommon.ush" 3008
"../../../Engine/Shaders/Private/Lumen/LumenTranslucencyVolumeHardwareRayTracing.usf" 3009
"../../../Engine/Shaders/Private/Lumen/LumenTranslucencyRadianceCacheMarkShaders.usf" 3010
"../../../Engine/Shaders/Private/Lumen/SurfaceCache/LumenSurfaceCache.usf" 3011
"../../../Engine/Shaders/Private/Lumen/LumenVirtualTextureCommon.ush" 3012
"../../../Engine/Shaders/Private/Lumen/LumenShortRangeAOHardwareRayTracing.usf" 3013
"../../../Engine/Shaders/Private/Lumen/LumenScreenSpaceBentNormal.ush" 3014
"../../../Engine/Shaders/Private/Lumen/LumenScreenSpaceBentNormal.usf" 3015
"../../../Engine/Shaders/Private/Lumen/LumenScreenProbeTracing.usf" 3016
"../../../Engine/Shaders/Private/Lumen/LumenScreenProbeTracingCommon.ush" 3017
"../../../Engine/Shaders/Private/Lumen/LumenFloatQuantization.ush" 3018
"../../../Engine/Shaders/Private/Lumen/LumenScreenProbeImportanceSampling.usf" 3019
"../../../Engine/Shaders/Private/Lumen/LumenScreenProbeImportanceSamplingShared.ush" 3020
"../../../Engine/Shaders/Private/Lumen/LumenScreenProbeHardwareRayTracing.usf" 3021
"../../../Engine/Shaders/Private/Lumen/LumenScreenProbeDebug.usf" 3022
"../../../Engine/Shaders/Private/Lumen/LumenScreenProbeGather.usf" 3023
"../../../Engine/Shaders/Private/Lumen/LumenScreenProbeGatherTemporal.usf" 3024
"../../../Engine/Shaders/Private/Lumen/LumenScreenProbeFiltering.usf" 3025
"../../../Engine/Shaders/Private/Lumen/LumenSceneLighting.usf" 3026
"../../../Engine/Shaders/Private/Lumen/LumenCardTile.ush" 3027
"../../../Engine/Shaders/Private/Lumen/LumenSceneLighting.ush" 3028
"../../../Engine/Shaders/Private/Lumen/Radiosity/LumenRadiosity.ush" 3029
"../../../Engine/Shaders/Private/Lumen/LumenSceneLightingDebug.usf" 3030
"../../../Engine/Shaders/Private/Lumen/LumenScene.usf" 3031
"../../../Engine/Shaders/Private/Lumen/LumenSceneDirectLightingHardwareRayTracing.usf" 3032
"../../../Engine/Shaders/Private/Lumen/LumenSceneDirectLightingStochastic.ush" 3033
"../../../Engine/Shaders/Private/Lumen/LumenSceneDirectLighting.ush" 3034
"../../../Engine/Shaders/Private/Lumen/LumenSceneDebugHardwareRayTracing.usf" 3035
"../../../Engine/Shaders/Private/Lumen/LumenSceneDirectLightingStochastic.usf" 3036
"../../../Engine/Shaders/Private/Lumen/LumenSceneDirectLightingSoftwareRayTracing.usf" 3037
"../../../Engine/Shaders/Private/DistanceFieldShadowingShared.ush" 3038
"../../../Engine/Shaders/Private/Lumen/LumenSceneDirectLightingPerLightShadowCommon.ush" 3039
"../../../Engine/Shaders/Private/Lumen/LumenSceneDirectLightingShadowMask.usf" 3040
"../../../Engine/Shaders/Private/Lumen/LumenSceneDirectLighting.usf" 3041
"../../../Engine/Shaders/Private/Lumen/LumenSceneDirectLightingCulling.usf" 3042
"../../../Engine/Shaders/Private/Lumen/LumenCardComputeShader.usf" 3043
"../../../Engine/Shaders/Private/Lumen/LumenCardBasePass.ush" 3044
"../../../Engine/Shaders/Private/Lumen/LumenCardPixelShader.usf" 3045
"../../../Engine/Shaders/Private/Lumen/LumenCardVertexShader.usf" 3046
"../../../Engine/Shaders/Private/Lumen/LumenReSTIRGather.usf" 3047
"../../../Engine/Shaders/Private/Lumen/LumenReflectionTracing.usf" 3048
"../../../Engine/Shaders/Private/Lumen/LumenReflectionDenoiserSpatial.usf" 3049
"../../../Engine/Shaders/Private/Lumen/LumenReflectionDenoiserClear.usf" 3050
"../../../Engine/Shaders/Private/Lumen/LumenReflectionDenoiserTemporal.usf" 3051
"../../../Engine/Shaders/Private/Lumen/LumenReflectionResolve.usf" 3052
"../../../Engine/Shaders/Private/Lumen/LumenReflections.usf" 3053
"../../../Engine/Shaders/Private/Lumen/RayTracedTranslucency.usf" 3054
"../../../Engine/Shaders/Private/Lumen/LumenReflectionHardwareRayTracing.usf" 3055
"../../../Engine/Shaders/Private/Lumen/Radiosity/LumenVisualizeRadiosityProbes.usf" 3056
"../../../Engine/Shaders/Private/Lumen/Radiosity/LumenRadiosity.usf" 3057
"../../../Engine/Shaders/Private/Lumen/Radiosity/LumenRadiosityHardwareRayTracing.usf" 3058
"../../../Engine/Shaders/Private/Lumen/Radiosity/LumenRadiosityCulling.usf" 3059
"../../../Engine/Shaders/Private/Lumen/LumenRadianceCacheHardwareRayTracing.usf" 3060
"../../../Engine/Shaders/Private/Lumen/LumenRadianceCache.usf" 3061
"../../../Engine/Shaders/Private/Lumen/LumenRadianceCacheUpdate.ush" 3062
"../../../Engine/Shaders/Private/Lumen/LumenRadianceCacheDebug.usf" 3063
"../../../Engine/Shaders/Private/Lumen/LumenRadianceCacheUpdate.usf" 3064
"../../../Engine/Shaders/Private/Lumen/LumenMeshSDFCulling.usf" 3065
"../../../Engine/Shaders/Private/HybridIndirectLighting.ush" 3066
"../../../Engine/Shaders/Private/MeshDistanceFieldCommon.ush" 3067
"../../../Engine/Shaders/Private/Lumen/LumenIrradianceFieldGather.usf" 3068
"../../../Engine/Shaders/Private/Lumen/LumenHardwareRayTracingMaterials.usf" 3069
"../../../Engine/Shaders/Private/Lumen/LumenFrontLayerTranslucency.usf" 3070
"../../../Engine/Shaders/Private/LocalFogVolumes/LocalFogVolumeSplat.usf" 3071
"../../../Engine/Shaders/Private/LocalFogVolumes/LocalFogVolumeTiledCulling.usf" 3072
"../../../Engine/Shaders/Private/LightShaftShader.usf" 3073
"../../../Engine/Shaders/Private/StationaryLightOverlapShaders.usf" 3074
"../../../Engine/Shaders/Private/DeferredLightPixelShaders.usf" 3075
"../../../Engine/Shaders/Private/DeferredLightVertexShaders.usf" 3076
"../../../Engine/Shaders/Private/LightMapDensityShader.usf" 3077
"../../../Engine/Shaders/Private/LightGridInjection.usf" 3078
"../../../Engine/Shaders/Shared/LightGridDefinitions.h" 3079
"../../../Engine/Shaders/Private/LightFunctionPixelShader.usf" 3080
"../../../Engine/Shaders/Private/LightFunctionVertexShader.usf" 3081
"../../../Engine/Shaders/Private/LightFunctionAtlas/LightFunctionAtlasRender.usf" 3082
"../../../Engine/Shaders/Private/InstanceCulling/InstanceCullingOcclusionQuery.usf" 3083
"../../../Engine/Shaders/Private/InstanceCulling/InstanceCullingSetup.ush" 3084
"../../../Engine/Shaders/Private/InstanceCulling/BuildInstanceDrawCommands.usf" 3085
"../../../Engine/Shaders/Private/InstanceCulling/InstanceCompactionCommon.ush" 3086
"../../../Engine/Shaders/Private/SceneDataMobileWriter.ush" 3087
"../../../Engine/Shaders/Private/InstanceCulling/CompactVisibleInstances.usf" 3088
"../../../Engine/Shaders/Private/ReflectionEnvironmentPixelShader.usf" 3089
"../../../Engine/Shaders/Private/AmbientCubemapComposite.usf" 3090
"../../../Engine/Shaders/Private/DiffuseIndirectComposite.usf" 3091
"../../../Engine/Shaders/Private/IESAtlas.usf" 3092
"../../../Engine/Shaders/Private/HeterogeneousVolumes/HeterogeneousVolumesVisualizeCascades.usf" 3093
"../../../Engine/Shaders/Private/HeterogeneousVolumes/HeterogeneousVolumesVoxelGridShadows.usf" 3094
"../../../Engine/Shaders/Private/HeterogeneousVolumes/HeterogeneousVolumesStochasticFiltering.ush" 3095
"../../../Engine/Shaders/Private/HeterogeneousVolumes/HeterogeneousVolumesVoxelGridRenderingUtils.ush" 3096
"../../../Engine/Shaders/Private/HeterogeneousVolumes/HeterogeneousVolumesLightingUtils.ush" 3097
"../../../Engine/Shaders/Private/HeterogeneousVolumes/HeterogeneousVolumesRayMarchingUtils.ush" 3098
"../../../Engine/Shaders/Private/HeterogeneousVolumes/HeterogeneousVolumesRayMarchingTypes.ush" 3099
"../../../Engine/Shaders/Private/HeterogeneousVolumes/HeterogeneousVolumesTransmittanceVolumeUtils.ush" 3100
"../../../Engine/Shaders/Private/HeterogeneousVolumes/HeterogeneousVolumesAdaptiveVolumetricShadowMapSampler.ush" 3101
"../../../Engine/Shaders/Private/HeterogeneousVolumes/HeterogeneousVolumesVoxelGridRendering.usf" 3102
"../../../Engine/Shaders/Private/HeterogeneousVolumes/HeterogeneousVolumesVoxelGridPipeline.usf" 3103
"../../../Engine/Shaders/Private/HeterogeneousVolumes/HeterogeneousVolumesMaterialBakingPipeline.usf" 3104
"../../../Engine/Shaders/Private/HeterogeneousVolumes/HeterogeneousVolumesLiveShadingUtils.ush" 3105
"../../../Engine/Shaders/Private/HeterogeneousVolumes/HeterogeneousVolumesFrustumVoxelGrid.usf" 3106
"../../../Engine/Shaders/Private/HeterogeneousVolumes/HeterogeneousVolumesSparseVoxelPipeline.usf" 3107
"../../../Engine/Shaders/Private/HeterogeneousVolumes/HeterogeneousVolumesSparseVoxelUtils.ush" 3108
"../../../Engine/Shaders/Private/HeterogeneousVolumes/HeterogeneousVolumesSparseVoxelUniformBufferUtils.ush" 3109
"../../../Engine/Shaders/Private/HeterogeneousVolumes/HeterogeneousVolumesPreshadingPipeline.usf" 3110
"../../../Engine/Shaders/Private/HeterogeneousVolumes/HeterogeneousVolumesShadowMask.usf" 3111
"../../../Engine/Shaders/Private/HeterogeneousVolumes/HeterogeneousVolumesLiveShadingShadows.usf" 3112
"../../../Engine/Shaders/Private/HeterogeneousVolumes/HeterogeneousVolumesLiveShadingGlobalPipeline.usf" 3113
"../../../Engine/Shaders/Private/HeterogeneousVolumes/HeterogeneousVolumesLiveShadingPipeline.usf" 3114
"../../../Engine/Shaders/Private/HeterogeneousVolumes/HeterogeneousVolumesHardwareRayTracing.usf" 3115
"../../../Engine/Shaders/Private/HeterogeneousVolumes/HeterogeneousVolumesAmbientOcclusionPipeline.usf" 3116
"../../../Engine/Shaders/Private/HeterogeneousVolumes/HeterogeneousVolumesComposite.usf" 3117
"../../../Engine/Shaders/Private/HdrCustomResolveShaders.usf" 3118
"../../../Engine/Shaders/Private/HairStrands/RenderCurveRaster.usf" 3119
"../../../Engine/Shaders/Shared/RenderCurveDefinitions.h" 3120
"../../../Engine/Shaders/Private/HairStrands/HairStrandsVoxelRasterCompute.usf" 3121
"../../../Engine/Shaders/Private/HairStrands/HairStrandsHitProxy.usf" 3122
"../../../Engine/Shaders/Private/HairStrands/HairStrandsVisibilityRasterComputeNaive.usf" 3123
"../../../Engine/Shaders/Private/HairStrands/HairStrandsVisibilityRasterHW.usf" 3124
"../../../Engine/Shaders/Private/HairStrands/HairStrandsVisibilityRasterCompute.usf" 3125
"../../../Engine/Shaders/Private/HairStrands/HairStrandsVisibilityRasterClassification.usf" 3126
"../../../Engine/Shaders/Private/HairStrands/HairStrandsCoverage.usf" 3127
"../../../Engine/Shaders/Private/HairStrands/HairStrandsVisibilityDepthPS.usf" 3128
"../../../Engine/Shaders/Private/HairStrands/HairStrandsVisibilityTransmittanceDepthPS.usf" 3129
"../../../Engine/Shaders/Private/HairStrands/HairStrandsVisibilityFillOpaqueDepthPS.usf" 3130
"../../../Engine/Shaders/Private/HairStrands/HairStrandsVisibilityCompactionComputeRaster.usf" 3131
"../../../Engine/Shaders/Private/HairStrands/HairStrandsVisibilityCompaction.usf" 3132
"../../../Engine/Shaders/Private/HairStrands/HairStrandsVisibilityCopyIndirectArg.usf" 3133
"../../../Engine/Shaders/Private/HairStrands/HairStrandsVisibilityClearPS.usf" 3134
"../../../Engine/Shaders/Private/HairStrands/HairStrandsVisibilityPS.usf" 3135
"../../../Engine/Shaders/Private/HairStrands/HairStrandsVisibilityVS.usf" 3136
"../../../Engine/Shaders/Private/HairStrands/HairStrandsVelocity.usf" 3137
"../../../Engine/Shaders/Private/HairStrands/HairStrandsVisibilityComputeSampleCoverage.usf" 3138
"../../../Engine/Shaders/Private/HairStrands/HairStrandsMaterialPS.usf" 3139
"../../../Engine/Shaders/Private/HairStrands/HairStrandsMaterialCommon.ush" 3140
"../../../Engine/Shaders/Private/HairStrands/HairStrandsMaterialVS.usf" 3141
"../../../Engine/Shaders/Private/HairStrands/HairStrandsLightSample.usf" 3142
"../../../Engine/Shaders/Private/HairStrands/HairStrandsDeepShadowMask.usf" 3143
"../../../Engine/Shaders/Private/HairStrands/HairStrandsDeepTransmittanceMask.usf" 3144
"../../../Engine/Shaders/Private/HairStrands/HairStrandsVisibilityTile.usf" 3145
"../../../Engine/Shaders/Private/HairStrands/HairStrandsDeepShadowPS.usf" 3146
"../../../Engine/Shaders/Private/HairStrands/HairStrandsDeepShadowVS.usf" 3147
"../../../Engine/Shaders/Private/HairStrands/HairStrandsAABB.usf" 3148
"../../../Engine/Shaders/Private/HairStrands/HairStrandsLUT.usf" 3149
"../../../Engine/Shaders/Private/HairStrands/HairStrandsForwardRaster.usf" 3150
"../../../Engine/Shaders/Private/HairStrands/HairStrandsForwardCulling.usf" 3151
"../../../Engine/Shaders/Private/HairStrands/HairStrandsEnvironmentLighting.usf" 3152
"../../../Engine/Shaders/Private/HairStrands/HairStrandsEnvironmentAO.usf" 3153
"../../../Engine/Shaders/Private/HairStrands/HairStrandsDeepShadowAllocation.usf" 3154
"../../../Engine/Shaders/Private/HairStrands/HairStrandsVoxelDebug.usf" 3155
"../../../Engine/Shaders/Private/HairStrands/HairStrandsComposition.usf" 3156
"../../../Engine/Shaders/Private/HairStrands/HairStrandsGBufferCommon.ush" 3157
"../../../Engine/Shaders/Private/GPUScene/GPUSceneDataManagement.usf" 3158
"../../../Engine/Shaders/Private/GPUSceneDebugRender.usf" 3159
"../../../Engine/Shaders/Private/GPUFeedbackCompaction.usf" 3160
"../../../Engine/Shaders/Private/GPUFastFourierTransform.usf" 3161
"../../../Engine/Shaders/Private/GPUFastFourierTransform2DCore.ush" 3162
"../../../Engine/Shaders/Private/GPUFastFourierTransformCore.ush" 3163
"../../../Engine/Shaders/Private/GPUBenchmark.usf" 3164
"../../../Engine/Shaders/Private/DistanceField/GlobalDistanceFieldDebug.usf" 3165
"../../../Engine/Shaders/Private/DistanceField/GlobalDistanceFieldUpdate.ush" 3166
"../../../Engine/Shaders/Private/DistanceField/GlobalDistanceFieldMip.usf" 3167
"../../../Engine/Shaders/Private/DistanceField/GlobalDistanceField.usf" 3168
"../../../Engine/Shaders/Private/DistanceField/GlobalDistanceFieldCompositeObjects.usf" 3169
"../../../Engine/Shaders/Private/DistanceField/GlobalDistanceFieldHeightfields.usf" 3170
"../../../Engine/Shaders/Private/HeightfieldLightingShared.ush" 3171
"../../../Engine/Shaders/Private/GenerateConservativeDepth.usf" 3172
"../../../Engine/Shaders/Private/HeightFogPixelShader.usf" 3173
"../../../Engine/Shaders/Private/HeightFogVertexShader.usf" 3174
"../../../Engine/Shaders/Private/DistortFiltering.usf" 3175
"../../../Engine/Shaders/Private/DistortAccumulatePS.usf" 3176
"../../../Engine/Shaders/Private/DistortAccumulateVS.usf" 3177
"../../../Engine/Shaders/Private/DistanceFieldVisualization.usf" 3178
"../../../Engine/Shaders/Private/DistanceFieldStreaming.usf" 3179
"../../../Engine/Shaders/Private/DistanceFieldShadowing.usf" 3180
"../../../Engine/Shaders/Private/DistanceFieldScreenGridLighting.usf" 3181
"../../../Engine/Shaders/Private/DistanceFieldObjectCulling.usf" 3182
"../../../Engine/Shaders/Private/DistanceFieldLightingPost.usf" 3183
"../../../Engine/Shaders/Private/DitheredTransitionStencil.usf" 3184
"../../../Engine/Shaders/Private/CopyDepthTexture.usf" 3185
"../../../Engine/Shaders/Private/CopyDepthTextureCS.usf" 3186
"../../../Engine/Shaders/Private/DeferredDecal.usf" 3187
"../../../Engine/Shaders/Private/DecalCommon.ush" 3188
"../../../Engine/Shaders/Private/DebugViewModeVertexShader.usf" 3189
"../../../Engine/Shaders/Private/DebugViewModeCommon.ush" 3190
"../../../Engine/Shaders/Private/DebugViewModePixelShader.usf" 3191
"../../../Engine/Shaders/Private/DebugProbes.usf" 3192
"../../../Engine/Shaders/Private/MeshDecals.usf" 3193
"../../../Engine/Shaders/Private/PostProcessAmbientOcclusion.usf" 3194
"../../../Engine/Shaders/Private/ClusteredDeferredShadingPixelShader.usf" 3195
"../../../Engine/Shaders/Private/ClusteredDeferredShadingVertexShader.usf" 3196
"../../../Engine/Shaders/Private/CapsuleShadowShaders.usf" 3197
"../../../Engine/Shaders/Private/BasePassPixelShader.usf" 3198
"../../../Engine/Shaders/Private/ForwardLightingCommon.ush" 3199
"../../../Engine/Shaders/Private/Substrate/SubstrateForwardLighting.ush" 3200
"../../../Engine/Shaders/Private/ComputeShaderOutputCommon.ush" 3201
"../../../Engine/Shaders/Private/BasePassVertexShader.usf" 3202
"../../../Engine/Shaders/Private/BasePassVertexCommon.ush" 3203
"../../../Engine/Shaders/Private/SimpleElementVolumeTexturePreviewPixelShader.usf" 3204
"../../../Engine/Shaders/Private/SimpleElementTexture2DPreviewPixelShader.usf" 3205
"../../../Engine/Shaders/Private/meshpaintdilatepixelshader.usf" 3206
"../../../Engine/Shaders/Private/meshpaintdilatevertexshader.usf" 3207
"../../../Engine/Shaders/Private/MeshPaintPixelShader.usf" 3208
"../../../Engine/Shaders/Private/MeshPaintVertexShader.usf" 3209
"../../../Engine/Shaders/Private/SlateElementPixelShader.usf" 3210
"../../../Engine/Shaders/Private/SlateShaderCommon.ush" 3211
"../../../Engine/Shaders/Private/SlateMaskingShader.usf" 3212
"../../../Engine/Shaders/Private/SlateVertexShader.usf" 3213
"../../../Engine/Shaders/Private/CompositeUIPixelShader.usf" 3214
"../../../Engine/Shaders/Private/ColorDeficiency.ush" 3215
"../../../Engine/Shaders/Private/SlatePostProcessColorDeficiencyPixelShader.usf" 3216
"../../../Engine/Shaders/Private/SlatePostProcessPixelShader.usf" 3217
"../../../Engine/Shaders/Private/Tools/VisualizeTexture.usf" 3218
"../../../Engine/Shaders/Private/UpdateDescriptorHandle.usf" 3219
"../../../Engine/Shaders/Private/ByteBuffer.usf" 3220
"../../../Engine/Shaders/Private/ShaderBundleWorkGraphDispatch.usf" 3221
"../../../Engine/Shaders/Private/ShaderBundleDispatch.usf" 3222
"../../../Engine/Shaders/Private/ResolveVertexShader.usf" 3223
"../../../Engine/Shaders/Private/ResolvePixelShader.usf" 3224
"../../../Engine/Shaders/Private/Tools/SetupIndirectArgs.usf" 3225
"../../../Engine/Shaders/Private/ClearReplacementShaders.usf" 3226
"../../../Engine/Shaders/Private/Tools/DrawTexture.usf" 3227
"../../../Engine/Shaders/Private/RayTracing/RayTracingValidation.usf" 3228
"../../../Engine/Shaders/Private/RenderGraphUtilities.usf" 3229
"../../../Engine/Shaders/Private/OneColorShader.usf" 3230
"../../../Engine/Shaders/Private/OculusShaders.usf" 3231
"../../../Engine/Shaders/Private/MediaShaders.usf" 3232
"../../../Engine/Shaders/Private/GPUMessaging.usf" 3233
"../../../Engine/Shaders/Private/Tools/GPUDebugCrashUtils.usf" 3234
"../../../Engine/Shaders/Private/NullPixelShader.usf" 3235
"../../../Engine/Shaders/Private/ComputeGenerateMips.usf" 3236
"../../../Engine/Shaders/Private/Tools/DumpTexture.usf" 3237
"../../../Engine/Shaders/Private/CopyTextureShaders.usf" 3238
"../../../Engine/Shaders/Private/Tools/FullscreenVertexShader.usf" 3239
"../../../Engine/Shaders/Private/RayTracing/RayTracingDispatchDesc.usf" 3240
"../../../Engine/Shaders/Private/Bink.usf" 3241
"../../../Engine/Shaders/Private/DepthOnlyPixelShader.usf" 3242
"../../../Engine/Shaders/Private/PositionOnlyDepthVertexShader.usf" 3243
"../../../Engine/Shaders/Private/DepthOnlyVertexShader.usf" 3244
"../../../Engine/Shaders/Private/AnisotropyPassShader.usf" 3245
"/Engine/EngineResources/WhiteSquareTexture" 3246
"../../../Engine/Content/EngineResources/WhiteSquareTexture.uasset" 3247
"/Engine/EngineResources/GradientTexture0" 3248
"../../../Engine/Content/EngineResources/GradientTexture0.uasset" 3249
"/Engine/EngineResources/Black" 3250
"../../../Engine/Content/EngineResources/Black.uasset" 3251
"/Engine/EditorResources/S_Actor" 3252
"../../../Engine/Content/EditorResources/S_Actor.uasset" 3253
"/Engine/EngineFonts/RobotoDistanceField" 3254
"../../../Engine/Content/EngineFonts/RobotoDistanceField.uasset" 3255
"/Engine/EngineMaterials/DefaultTextMaterialOpaque" 3256
"../../../Engine/Content/EngineMaterials/DefaultTextMaterialOpaque.uasset" 3257
"/Engine/Functions/Engine_MaterialFunctions01/Shading/PowerToRoughness" 3258
"../../../Engine/Content/Functions/Engine_MaterialFunctions01/Shading/PowerToRoughness.uasset" 3259
"/Engine/Functions/Engine_MaterialFunctions01/Shading/ConvertFromDiffSpec" 3260
"../../../Engine/Content/Functions/Engine_MaterialFunctions01/Shading/ConvertFromDiffSpec.uasset" 3261
"/Engine/EngineMaterials/WorldGridMaterial" 3262
"../../../Engine/Content/EngineMaterials/WorldGridMaterial.uasset" 3263
"../../../Engine/Content/Functions/Engine_MaterialFunctions01/Opacity/CameraDepthFade.uasset" 3264
"../../../Engine/Content/EngineMaterials/T_Default_Material_Grid_M.uasset" 3265
"../../../Engine/Content/EngineMaterials/T_Default_Material_Grid_N.uasset" 3266
"/Engine/EngineMaterials/DefaultDeferredDecalMaterial" 3267
"../../../Engine/Content/EngineMaterials/DefaultDeferredDecalMaterial.uasset" 3268
"../../../Engine/Content/EngineMaterials/DefaultDiffuse.uasset" 3269
"/Engine/EngineMaterials/DefaultLightFunctionMaterial" 3270
"../../../Engine/Content/EngineMaterials/DefaultLightFunctionMaterial.uasset" 3271
"/Engine/EngineMaterials/DefaultPostProcessMaterial" 3272
"../../../Engine/Content/EngineMaterials/DefaultPostProcessMaterial.uasset" 3273
"../../../Engine/Content/Functions/Engine_MaterialFunctions02/Utility/BreakOutFloat2Components.uasset" 3274
"/Engine/EditorResources/S_Trigger" 3275
"../../../Engine/Content/EditorResources/S_Trigger.uasset" 3276
"/Engine/EditorResources/S_BoxReflectionCapture" 3277
"../../../Engine/Content/EditorResources/S_BoxReflectionCapture.uasset" 3278
"/Engine/EngineResources/DefaultTexture" 3279
"../../../Engine/Content/EngineResources/DefaultTexture.uasset" 3280
"/Engine/EditorResources/S_TriggerBox" 3281
"../../../Engine/Content/EditorResources/S_TriggerBox.uasset" 3282
"/Engine/EditorResources/S_TriggerCapsule" 3283
"../../../Engine/Content/EditorResources/S_TriggerCapsule.uasset" 3284
"/Engine/EditorResources/S_TriggerSphere" 3285
"../../../Engine/Content/EditorResources/S_TriggerSphere.uasset" 3286
"/Engine/EngineMeshes/Sphere" 3287
"../../../Engine/Content/EngineMeshes/Sphere.uasset" 3288
"/Engine/EngineDamageTypes/DmgTypeBP_Environmental" 3289
"../../../Engine/Content/EngineDamageTypes/DmgTypeBP_Environmental.uasset" 3290
"/Engine/EngineResources/DefaultTextureCube" 3291
"../../../Engine/Content/EngineResources/DefaultTextureCube.uasset" 3292
"/Engine/EngineResources/DefaultVolumeTexture" 3293
"../../../Engine/Content/EngineResources/DefaultVolumeTexture.uasset" 3294
"../../../Engine/Content/EngineResources/DefaultVolumeTexture2D.uasset" 3295
"../../../Engine/Content/Localization/Engine/Engine.csv" 3296
"../../../Engine/Content/Localization/Editor/Editor.csv" 3297
"/Engine/EditorResources/S_Solver" 3298
"../../../Engine/Content/EditorResources/S_Solver.uasset" 3299
"/Engine/EngineDebugMaterials/VolumeToRender" 3300
"../../../Engine/Content/EngineDebugMaterials/VolumeToRender.uasset" 3301
"/Engine/EngineDebugMaterials/M_VolumeRenderSphereTracePP" 3302
"../../../Engine/Content/EngineDebugMaterials/M_VolumeRenderSphereTracePP.uasset" 3303
"../../../Engine/Content/Functions/Engine_MaterialFunctions02/Utility/CameraDirectionVector.uasset" 3304
"/Engine/EditorMeshes/Camera/SM_CraneRig_Base" 3305
"../../../Engine/Content/EditorMeshes/Camera/SM_CraneRig_Base.uasset" 3306
"../../../Engine/Content/EditorMaterials/Camera/MI_CineMat_Rig.uasset" 3307
"../../../Engine/Content/EditorMaterials/Camera/CineMat.uasset" 3308
"/Engine/EditorMeshes/Camera/SM_CraneRig_Arm" 3309
"../../../Engine/Content/EditorMeshes/Camera/SM_CraneRig_Arm.uasset" 3310
"/Engine/EditorMeshes/Camera/SM_CraneRig_Mount" 3311
"../../../Engine/Content/EditorMeshes/Camera/SM_CraneRig_Mount.uasset" 3312
"/Engine/EditorMeshes/Camera/SM_CraneRig_Body" 3313
"../../../Engine/Content/EditorMeshes/Camera/SM_CraneRig_Body.uasset" 3314
"/Engine/EditorMeshes/Camera/SM_RailRig_Track" 3315
"../../../Engine/Content/EditorMeshes/Camera/SM_RailRig_Track.uasset" 3316
"/Engine/EditorMeshes/Camera/SM_RailRig_Mount" 3317
"../../../Engine/Content/EditorMeshes/Camera/SM_RailRig_Mount.uasset" 3318
"/Engine/EditorLandscapeResources/SplineEditorMesh" 3319
"../../../Engine/Content/EditorLandscapeResources/SplineEditorMesh.uasset" 3320
"../../../Engine/Content/EditorLandscapeResources/SplineEditorMeshMat.uasset" 3321
"/HairStrands/Materials/HairDebugMaterial" 3322
"../../Plugins/Runtime/HairStrands/Content/Materials/HairDebugMaterial.uasset" 3323
"../../../Engine/Content/Functions/Engine_MaterialFunctions02/Utility/MakeFloat2.uasset" 3324
"../../../Engine/Content/Functions/Engine_MaterialFunctions02/Utility/MakeFloat3.uasset" 3325
"../../../Engine/Content/EngineMaterials/HairColorMap.uasset" 3326
"../../../Engine/Content/EngineMaterials/HairDebugColor.uasset" 3327
"../../Plugins/Runtime/HairStrands/Content/Materials/HairGroupColors.uasset" 3328
"/HairStrands/Materials/HairDefaultMaterial" 3329
"../../Plugins/Runtime/HairStrands/Content/Materials/HairDefaultMaterial.uasset" 3330
"/HairStrands/Materials/HairCardsDefaultMaterial" 3331
"../../Plugins/Runtime/HairStrands/Content/Materials/HairCardsDefaultMaterial.uasset" 3332
"/HairStrands/Materials/HairMeshesDefaultMaterial" 3333
"../../Plugins/Runtime/HairStrands/Content/Materials/HairMeshesDefaultMaterial.uasset" 3334
"/Engine/EngineMaterials/Widget3DPassThrough_Translucent" 3335
"../../../Engine/Content/EngineMaterials/Widget3DPassThrough_Translucent.uasset" 3336
"../../../Engine/Content/EngineMaterials/Widget3DPassThrough.uasset" 3337
"/Engine/EngineMaterials/Widget3DPassThrough_Translucent_OneSided" 3338
"../../../Engine/Content/EngineMaterials/Widget3DPassThrough_Translucent_OneSided.uasset" 3339
"/Engine/EngineMaterials/Widget3DPassThrough_Opaque" 3340
"../../../Engine/Content/EngineMaterials/Widget3DPassThrough_Opaque.uasset" 3341
"/Engine/EngineMaterials/Widget3DPassThrough_Opaque_OneSided" 3342
"../../../Engine/Content/EngineMaterials/Widget3DPassThrough_Opaque_OneSided.uasset" 3343
"/Engine/EngineMaterials/Widget3DPassThrough_Masked" 3344
"../../../Engine/Content/EngineMaterials/Widget3DPassThrough_Masked.uasset" 3345
"/Engine/EngineMaterials/Widget3DPassThrough_Masked_OneSided" 3346
"../../../Engine/Content/EngineMaterials/Widget3DPassThrough_Masked_OneSided.uasset" 3347
"/Engine/VREditor/ViewportInteractionAssetContainerData" 3348
"../../../Engine/Content/VREditor/ViewportInteractionAssetContainerData.uasset" 3349
"../../../Engine/Content/VREditor/SnapGrid/SnapGridMaterial.uasset" 3350
"../../../Engine/Content/VREditor/TransformGizmo/TransformGizmoMaterial_Inst.uasset" 3351
"../../../Engine/Content/VREditor/TransformGizmo/TranslucentTransformGizmoMaterial_Inst.uasset" 3352
"../../../Engine/Content/VREditor/SnapGrid/SnapGridPlaneMesh.uasset" 3353
"../../../Engine/Content/VREditor/Sounds/UI/Drop_Item_From_ContentBrowser.uasset" 3354
"../../../Engine/Content/VREditor/Sounds/UI/Gizmo_Handle_Clicked.uasset" 3355
"../../../Engine/Content/VREditor/Sounds/UI/Object_PickUp.uasset" 3356
"../../../Engine/Content/VREditor/Sounds/UI/Object_Snaps_To_Another_Actor.uasset" 3357
"../../../Engine/Content/VREditor/Sounds/UI/Object_Snaps_To_Grid.uasset" 3358
"../../../Engine/Content/VREditor/Sounds/UI/Scaling_Down.uasset" 3359
"../../../Engine/Content/VREditor/Sounds/UI/Scaling_Up.uasset" 3360
"../../../Engine/Content/VREditor/Sounds/UI/Selection_Changes.uasset" 3361
"../../../Engine/Content/VREditor/TransformGizmo/PlaneTranslationHandle.uasset" 3362
"../../../Engine/Content/VREditor/TransformGizmo/RotationHandleFull.uasset" 3363
"../../../Engine/Content/VREditor/TransformGizmo/RotationHandleIndicator.uasset" 3364
"../../../Engine/Content/VREditor/TransformGizmo/RotationHandleQuarter.uasset" 3365
"../../../Engine/Content/VREditor/TransformGizmo/StartRotationHandleIndicator.uasset" 3366
"../../../Engine/Content/VREditor/TransformGizmo/TransformGizmoFreeRotation.uasset" 3367
"../../../Engine/Content/VREditor/TransformGizmo/TranslateArrowHandle.uasset" 3368
"../../../Engine/Content/VREditor/TransformGizmo/UniformScaleHandle.uasset" 3369
"../../../Engine/Content/Functions/Engine_MaterialFunctions02/Math/Transform3x3Matrix.uasset" 3370
"../../../Engine/Content/Functions/Engine_MaterialFunctions02/SplitComponents.uasset" 3371
"../../../Engine/Content/VREditor/TransformGizmo/TransformGizmoMaterial.uasset" 3372
"../../../Engine/Content/VREditor/TransformGizmo/TranslucentTransformGizmoMaterial.uasset" 3373
"../../../Engine/Content/Functions/Engine_MaterialFunctions02/Utility/BreakOutFloat3Components.uasset" 3374
"../../../Engine/Content/VREditor/LaserPointer/VR_LaserPower_01.uasset" 3375
"/Engine/VREditor/TransformGizmo/BoundingBoxCorner" 3376
"../../../Engine/Content/VREditor/TransformGizmo/BoundingBoxCorner.uasset" 3377
"/Engine/VREditor/TransformGizmo/BoundingBoxEdge" 3378
"../../../Engine/Content/VREditor/TransformGizmo/BoundingBoxEdge.uasset" 3379
"/Engine/ArtTools/RenderToTexture/Meshes/S_1_Unit_Plane" 3380
"../../../Engine/Content/ArtTools/RenderToTexture/Meshes/S_1_Unit_Plane.uasset" 3381
"/Engine/EngineDebugMaterials/M_SimpleUnlitTranslucent" 3382
"../../../Engine/Content/EngineDebugMaterials/M_SimpleUnlitTranslucent.uasset" 3383
"/Engine/EngineFonts/Roboto" 3384
"../../../Engine/Content/EngineFonts/Roboto.uasset" 3385
"../../../Engine/Content/EngineFonts/Faces/DroidSansFallback.uasset" 3386
"../../../Engine/Content/EngineFonts/Faces/RobotoBold.uasset" 3387
"../../../Engine/Content/EngineFonts/Faces/RobotoBoldItalic.uasset" 3388
"../../../Engine/Content/EngineFonts/Faces/RobotoItalic.uasset" 3389
"../../../Engine/Content/EngineFonts/Faces/RobotoLight.uasset" 3390
"../../../Engine/Content/EngineFonts/Faces/RobotoRegular.uasset" 3391
"/Engine/EditorMaterials/ParticleSystems/PSysThumbnail_NoImage" 3392
"../../../Engine/Content/EditorMaterials/ParticleSystems/PSysThumbnail_NoImage.uasset" 3393
"/Engine/EditorMaterials/ParticleSystems/PSysThumbnail_OOD" 3394
"../../../Engine/Content/EditorMaterials/ParticleSystems/PSysThumbnail_OOD.uasset" 3395
"/Engine/EngineResources/LandscapeVisibilityLayerInfo" 3396
"../../../Engine/Content/EngineResources/LandscapeVisibilityLayerInfo.uasset" 3397
"D:/Vacui Projects/SeaHorse/SeaHorse/Intermediate/ShaderAutogen/PCD3D_SM5/AutogenShaderHeaders.ush" 3398
"../../../Engine/Content/Internationalization/icudt64l/coll/en.res" 3399
"/ACLPlugin/ACLAnimBoneCompressionSettings" 3400
"../../Plugins/Animation/ACLPlugin/Content/ACLAnimBoneCompressionSettings.uasset" 3401
"/Engine/Animation/DefaultRecorderBoneCompression" 3402
"../../../Engine/Content/Animation/DefaultRecorderBoneCompression.uasset" 3403
"/ACLPlugin/ACLAnimCurveCompressionSettings" 3404
"../../Plugins/Animation/ACLPlugin/Content/ACLAnimCurveCompressionSettings.uasset" 3405
"/Engine/Animation/DefaultVariableFrameStrippingSettings" 3406
"../../../Engine/Content/Animation/DefaultVariableFrameStrippingSettings.uasset" 3407
"/ControlRig/Controls/ControlRigXRayMaterial" 3408
"../../Plugins/Animation/ControlRig/Content/Controls/ControlRigXRayMaterial.uasset" 3409
"/ControlRig/Controls/DefaultGizmoLibraryNormalized" 3410
"../../Plugins/Animation/ControlRig/Content/Controls/DefaultGizmoLibraryNormalized.uasset" 3411
"/AudioWidgets/Resources/ScrubHandleDown_Clamped" 3412
"../../Plugins/Runtime/AudioWidgets/Content/Resources/ScrubHandleDown_Clamped.uasset" 3413
"/Paper2D/MaskedUnlitSpriteMaterial" 3414
"../../Plugins/2D/Paper2D/Content/MaskedUnlitSpriteMaterial.uasset" 3415
"../../Plugins/2D/Paper2D/Content/DefaultSpriteMaterial.uasset" 3416
"../../Plugins/2D/Paper2D/Content/PlaceholderTextures/DummySpriteTexture.uasset" 3417
"/Paper2D/OpaqueUnlitSpriteMaterial" 3418
"../../Plugins/2D/Paper2D/Content/OpaqueUnlitSpriteMaterial.uasset" 3419
"/Paper2D/DefaultPaperTerrainMaterial" 3420
"../../Plugins/2D/Paper2D/Content/DefaultPaperTerrainMaterial.uasset" 3421
"../../Plugins/2D/Paper2D/Content/DummySprite.uasset" 3422
"/ControlRig/M_Manip" 3423
"../../Plugins/Animation/ControlRig/Content/M_Manip.uasset" 3424
"../../../Engine/Content/Functions/Engine_MaterialFunctions02/WorldPositionOffset/CameraOffset.uasset" 3425
"/CommonUI/VideoPlayerMaterial" 3426
"../../Plugins/Runtime/CommonUI/Content/VideoPlayerMaterial.uasset" 3427
"../../Plugins/Runtime/CommonUI/Content/DefaultMediaTexture.uasset" 3428
"../../../Engine/Config/BaseUnrealInsightsSettings.ini" 3429
"../../../Engine/Intermediate/ProjectFiles/PrimaryProjectPath.txt" 3430
"C:/Program Files/Epic Games/UE_5.7/Engine/Binaries/ThirdParty/USD/UsdResources/Win64/X64/plugins/plugInfo.json" 3431
"C:/Program Files/Epic Games/UE_5.7/Engine/Binaries/ThirdParty/USD/UsdResources/Win64/X64/plugins/esf/resources/plugInfo.json" 3432
"C:/Program Files/Epic Games/UE_5.7/Engine/Binaries/ThirdParty/USD/UsdResources/Win64/X64/plugins/usdRiPxrImaging/resources/plugInfo.json" 3433
"C:/Program Files/Epic Games/UE_5.7/Engine/Binaries/ThirdParty/USD/UsdResources/Win64/X64/plugins/hioAvif/resources/plugInfo.json" 3434
"C:/Program Files/Epic Games/UE_5.7/Engine/Binaries/ThirdParty/USD/UsdResources/Win64/X64/plugins/esfUsd/resources/plugInfo.json" 3435
"C:/Program Files/Epic Games/UE_5.7/Engine/Binaries/ThirdParty/USD/UsdResources/Win64/X64/plugins/usdGeomValidators/resources/plugInfo.json" 3436
"C:/Program Files/Epic Games/UE_5.7/Engine/Binaries/ThirdParty/USD/UsdResources/Win64/X64/plugins/execGeom/resources/plugInfo.json" 3437
"C:/Program Files/Epic Games/UE_5.7/Engine/Binaries/ThirdParty/USD/UsdResources/Win64/X64/plugins/usdPhysicsValidators/resources/plugInfo.json" 3438
"C:/Program Files/Epic Games/UE_5.7/Engine/Binaries/ThirdParty/USD/UsdResources/Win64/X64/plugins/exec/resources/plugInfo.json" 3439
"C:/Program Files/Epic Games/UE_5.7/Engine/Binaries/ThirdParty/USD/UsdResources/Win64/X64/plugins/sdrGlslfx/resources/plugInfo.json" 3440
"C:/Program Files/Epic Games/UE_5.7/Engine/Binaries/ThirdParty/USD/UsdResources/Win64/X64/plugins/glf/resources/plugInfo.json" 3441
"C:/Program Files/Epic Games/UE_5.7/Engine/Binaries/ThirdParty/USD/UsdResources/Win64/X64/plugins/usd/resources/plugInfo.json" 3442
"C:/Program Files/Epic Games/UE_5.7/Engine/Binaries/ThirdParty/USD/UsdResources/Win64/X64/plugins/hdGp/resources/plugInfo.json" 3443
"C:/Program Files/Epic Games/UE_5.7/Engine/Binaries/ThirdParty/USD/UsdResources/Win64/X64/plugins/hd/resources/plugInfo.json" 3444
"C:/Program Files/Epic Games/UE_5.7/Engine/Binaries/ThirdParty/USD/UsdResources/Win64/X64/plugins/execUsd/resources/plugInfo.json" 3445
"C:/Program Files/Epic Games/UE_5.7/Engine/Binaries/ThirdParty/USD/UsdResources/Win64/X64/plugins/usdAbc/resources/plugInfo.json" 3446
"C:/Program Files/Epic Games/UE_5.7/Engine/Binaries/ThirdParty/USD/UsdResources/Win64/X64/plugins/ueCloth/resources/plugInfo.json" 3447
"C:/Program Files/Epic Games/UE_5.7/Engine/Binaries/ThirdParty/USD/UsdResources/Win64/X64/plugins/usdImagingGL/resources/plugInfo.json" 3448
"C:/Program Files/Epic Games/UE_5.7/Engine/Binaries/ThirdParty/USD/UsdResources/Win64/X64/plugins/usdShadeValidators/resources/plugInfo.json" 3449
"C:/Program Files/Epic Games/UE_5.7/Engine/Binaries/ThirdParty/USD/UsdResources/Win64/X64/plugins/usdShade/resources/plugInfo.json" 3450
"C:/Program Files/Epic Games/UE_5.7/Engine/Binaries/ThirdParty/USD/UsdResources/Win64/X64/plugins/hdsi/resources/plugInfo.json" 3451
"C:/Program Files/Epic Games/UE_5.7/Engine/Binaries/ThirdParty/USD/UsdResources/Win64/X64/plugins/usdMtlx/resources/plugInfo.json" 3452
"C:/Program Files/Epic Games/UE_5.7/Engine/Binaries/ThirdParty/USD/UsdResources/Win64/X64/plugins/hdStorm/resources/plugInfo.json" 3453
"C:/Program Files/Epic Games/UE_5.7/Engine/Binaries/ThirdParty/USD/UsdResources/Win64/X64/plugins/hdSt/resources/plugInfo.json" 3454
"C:/Program Files/Epic Games/UE_5.7/Engine/Binaries/ThirdParty/USD/UsdResources/Win64/X64/plugins/hio/resources/plugInfo.json" 3455
"C:/Program Files/Epic Games/UE_5.7/Engine/Binaries/ThirdParty/USD/UsdResources/Win64/X64/plugins/hgiGL/resources/plugInfo.json" 3456
"C:/Program Files/Epic Games/UE_5.7/Engine/Binaries/ThirdParty/USD/UsdResources/Win64/X64/plugins/usdHydra/resources/plugInfo.json" 3457
"C:/Program Files/Epic Games/UE_5.7/Engine/Binaries/ThirdParty/USD/UsdResources/Win64/X64/plugins/usdUI/resources/plugInfo.json" 3458
"C:/Program Files/Epic Games/UE_5.7/Engine/Binaries/ThirdParty/USD/UsdResources/Win64/X64/plugins/usdShaders/resources/plugInfo.json" 3459
"C:/Program Files/Epic Games/UE_5.7/Engine/Binaries/ThirdParty/USD/UsdResources/Win64/X64/plugins/usdProcImaging/resources/plugInfo.json" 3460
"C:/Program Files/Epic Games/UE_5.7/Engine/Binaries/ThirdParty/USD/UsdResources/Win64/X64/plugins/usdGeom/resources/plugInfo.json" 3461
"C:/Program Files/Epic Games/UE_5.7/Engine/Binaries/ThirdParty/USD/UsdResources/Win64/X64/plugins/unreal/resources/plugInfo.json" 3462
"C:/Program Files/Epic Games/UE_5.7/Engine/Binaries/ThirdParty/USD/UsdResources/Win64/X64/plugins/usdVol/resources/plugInfo.json" 3463
"C:/Program Files/Epic Games/UE_5.7/Engine/Binaries/ThirdParty/USD/UsdResources/Win64/X64/plugins/usdRender/resources/plugInfo.json" 3464
"C:/Program Files/Epic Games/UE_5.7/Engine/Binaries/ThirdParty/USD/UsdResources/Win64/X64/plugins/usdPhysics/resources/plugInfo.json" 3465
"C:/Program Files/Epic Games/UE_5.7/Engine/Binaries/ThirdParty/USD/UsdResources/Win64/X64/plugins/sdf/resources/plugInfo.json" 3466
"C:/Program Files/Epic Games/UE_5.7/Engine/Binaries/ThirdParty/USD/UsdResources/Win64/X64/plugins/sdr/resources/plugInfo.json" 3467
"C:/Program Files/Epic Games/UE_5.7/Engine/Binaries/ThirdParty/USD/UsdResources/Win64/X64/plugins/usdMedia/resources/plugInfo.json" 3468
"C:/Program Files/Epic Games/UE_5.7/Engine/Binaries/ThirdParty/USD/UsdResources/Win64/X64/plugins/usdRi/resources/plugInfo.json" 3469
"C:/Program Files/Epic Games/UE_5.7/Engine/Binaries/ThirdParty/USD/UsdResources/Win64/X64/plugins/usdLux/resources/plugInfo.json" 3470
"C:/Program Files/Epic Games/UE_5.7/Engine/Binaries/ThirdParty/USD/UsdResources/Win64/X64/plugins/usdSemantics/resources/plugInfo.json" 3471
"C:/Program Files/Epic Games/UE_5.7/Engine/Binaries/ThirdParty/USD/UsdResources/Win64/X64/plugins/usdValidation/resources/plugInfo.json" 3472
"C:/Program Files/Epic Games/UE_5.7/Engine/Binaries/ThirdParty/USD/UsdResources/Win64/X64/plugins/usdVolImaging/resources/plugInfo.json" 3473
"C:/Program Files/Epic Games/UE_5.7/Engine/Binaries/ThirdParty/USD/UsdResources/Win64/X64/plugins/usdSkel/resources/plugInfo.json" 3474
"C:/Program Files/Epic Games/UE_5.7/Engine/Binaries/ThirdParty/USD/UsdResources/Win64/X64/plugins/usdUtilsValidators/resources/plugInfo.json" 3475
"C:/Program Files/Epic Games/UE_5.7/Engine/Binaries/ThirdParty/USD/UsdResources/Win64/X64/plugins/usdProc/resources/plugInfo.json" 3476
"C:/Program Files/Epic Games/UE_5.7/Engine/Binaries/ThirdParty/USD/UsdResources/Win64/X64/plugins/hdx/resources/plugInfo.json" 3477
"C:/Program Files/Epic Games/UE_5.7/Engine/Binaries/ThirdParty/USD/UsdResources/Win64/X64/plugins/usdSkelValidators/resources/plugInfo.json" 3478
"C:/Program Files/Epic Games/UE_5.7/Engine/Binaries/ThirdParty/USD/UsdResources/Win64/X64/plugins/usdImaging/resources/plugInfo.json" 3479
"C:/Program Files/Epic Games/UE_5.7/Engine/Binaries/ThirdParty/USD/UsdResources/Win64/X64/plugins/ar/resources/plugInfo.json" 3480
"C:/Program Files/Epic Games/UE_5.7/Engine/Binaries/ThirdParty/USD/UsdResources/Win64/X64/plugins/usdSkelImaging/resources/plugInfo.json" 3481
"C:/Program Files/Epic Games/UE_5.7/Engine/Binaries/ThirdParty/USD/UsdResources/Win64/X64/plugins/usd/resources/codegenTemplates/plugInfo.json" 3482
"/MediaPlate/SM_MediaPlateScreen" 3483
"../../Plugins/Media/MediaPlate/Content/SM_MediaPlateScreen.uasset" 3484
"/SpeedTreeImporter/SpeedTree9/SpeedTreeMaster" 3485
"../../Plugins/Editor/SpeedTreeImporter/Content/SpeedTree9/SpeedTreeMaster.uasset" 3486
"../../../Engine/Content/Functions/Engine_MaterialFunctions02/ObjectLocalBounds.uasset" 3487
"../../../Engine/Content/Functions/Engine_MaterialFunctions02/SafeNormalize.uasset" 3488
"../../../Engine/Content/Functions/Engine_MaterialFunctions02/Utility/VectorLength.uasset" 3489
"../../../Engine/Content/Functions/Engine_MaterialFunctions02/UVs/BoundingBoxBased_0-1_UVW.uasset" 3490
"../../../Engine/Content/Functions/Engine_MaterialFunctions02/WorldPositionOffset/ObjectScale.uasset" 3491
"../../Plugins/Editor/SpeedTreeImporter/Content/SpeedTree9/SpeedTreeBranchMotion.uasset" 3492
"../../Plugins/Editor/SpeedTreeImporter/Content/SpeedTree9/SpeedTreeCameraFacing.uasset" 3493
"../../Plugins/Editor/SpeedTreeImporter/Content/SpeedTree9/SpeedTreeWind.uasset" 3494
"../../Plugins/Editor/SpeedTreeImporter/Content/SpeedTree9/SpeedTreeWindMotion.uasset" 3495
"../../Plugins/Editor/SpeedTreeImporter/Content/SpeedTree9/UnpackDirection.uasset" 3496
"../../Plugins/Editor/SpeedTreeImporter/Content/SpeedTree9/UnpackInteger3.uasset" 3497
"../../Plugins/Editor/SpeedTreeImporter/Content/SpeedTree9/Empty.uasset" 3498
"../../Plugins/Editor/SpeedTreeImporter/Content/SpeedTree9/EmptyNormal.uasset" 3499
"../../Plugins/Editor/SpeedTreeImporter/Content/SpeedTree9/game_wind_noise.uasset" 3500
"/SpeedTreeImporter/SpeedTree9/SpeedTreeBillboardMaster" 3501
"../../Plugins/Editor/SpeedTreeImporter/Content/SpeedTree9/SpeedTreeBillboardMaster.uasset" 3502
"../../Plugins/Editor/SpeedTreeImporter/Content/SpeedTree9/SpeedTreeBillboard.uasset" 3503
"/Engine/BasicShapes/BasicShapeMaterial" 3504
"../../../Engine/Content/BasicShapes/BasicShapeMaterial.uasset" 3505
"/Engine/EditorMaterials/Dataflow/DataflowVertexMaterial" 3506
"../../../Engine/Content/EditorMaterials/Dataflow/DataflowVertexMaterial.uasset" 3507
"/Engine/EditorMaterials/Dataflow/DataflowTwoSidedVertexMaterial" 3508
"../../../Engine/Content/EditorMaterials/Dataflow/DataflowTwoSidedVertexMaterial.uasset" 3509
"/MeshModelingToolsetExp/Materials/PointSetOverlaidComponentMaterial" 3510
"../../Plugins/Experimental/MeshModelingToolsetExp/Content/Materials/PointSetOverlaidComponentMaterial.uasset" 3511
"../../../Engine/Content/Functions/Engine_MaterialFunctions02/Utility/FOV.uasset" 3512
"../../../Engine/Content/Functions/Engine_MaterialFunctions02/WorldPositionOffset/V2/ObjectScale.uasset" 3513
"../../../Engine/Content/Functions/Engine_MaterialFunctions03/Viewport/MF_OrthoWidth.uasset" 3514
"../../Plugins/Experimental/MeshModelingToolsetExp/Content/Materials/GetDisplacementVectorForDepthBias.uasset" 3515
"/Engine/EditorLandscapeResources/LayerVisMaterial" 3516
"../../../Engine/Content/EditorLandscapeResources/LayerVisMaterial.uasset" 3517
"../../../Engine/Content/EditorLandscapeResources/WhiteSquareTexture.uasset" 3518
"/Engine/EditorLandscapeResources/SelectBrushMaterial_Selected" 3519
"../../../Engine/Content/EditorLandscapeResources/SelectBrushMaterial_Selected.uasset" 3520
"../../../Engine/Content/EditorLandscapeResources/SelectBrushMaterial.uasset" 3521
"../../../Engine/Content/Functions/Engine_MaterialFunctions03/Math/WithinRangeFloat2.uasset" 3522
"../../../Engine/Content/EditorLandscapeResources/DefaultAlphaTexture.uasset" 3523
"/Engine/EditorLandscapeResources/SelectBrushMaterial_SelectedRegion" 3524
"../../../Engine/Content/EditorLandscapeResources/SelectBrushMaterial_SelectedRegion.uasset" 3525
"/Engine/EditorLandscapeResources/MaskBrushMaterial_MaskedRegion" 3526
"../../../Engine/Content/EditorLandscapeResources/MaskBrushMaterial_MaskedRegion.uasset" 3527
"../../../Engine/Content/EditorLandscapeResources/MaskBrushMaterial.uasset" 3528
"/Engine/EditorLandscapeResources/ColorMaskBrushMaterial_MaskedRegion" 3529
"../../../Engine/Content/EditorLandscapeResources/ColorMaskBrushMaterial_MaskedRegion.uasset" 3530
"../../../Engine/Content/EditorLandscapeResources/ColorMaskBrushMaterial.uasset" 3531
"/Engine/EditorLandscapeResources/LandscapeDirtyMaterial" 3532
"../../../Engine/Content/EditorLandscapeResources/LandscapeDirtyMaterial.uasset" 3533
"/Engine/EditorLandscapeResources/LandscapeLayerUsageMaterial" 3534
"../../../Engine/Content/EditorLandscapeResources/LandscapeLayerUsageMaterial.uasset" 3535
"../../../Engine/Content/Functions/Engine_MaterialFunctions01/Debug/DebugIntValues.uasset" 3536
"../../../Engine/Content/Functions/Engine_MaterialFunctions01/Texturing/ScaleUVsByCenter.uasset" 3537
"../../../Engine/Content/Functions/Engine_MaterialFunctions02/WorldPositionOffset/LocalPosition.uasset" 3538
"../../../Engine/Content/Functions/Engine_MaterialFunctions01/Texturing/TextureCropping.uasset" 3539
"../../../Engine/Content/Functions/Engine_MaterialFunctions02/ExampleContent/DebugNumberStrip.uasset" 3540
"C:/Users/Admin/AppData/Local/UnrealEngine/Editor/UInteractiveToolsPresetCollectionAsset_DefaultCollection.json" 3541
"/Engine/EngineMaterials/NaniteHiddenSectionMaterial" 3542
"../../../Engine/Content/EngineMaterials/NaniteHiddenSectionMaterial.uasset" 3543
"/Engine/EngineMaterials/RemoveSurfaceMaterial" 3544
"../../../Engine/Content/EngineMaterials/RemoveSurfaceMaterial.uasset" 3545
"/Engine/EngineDebugMaterials/DebugMeshMaterial" 3546
"../../../Engine/Content/EngineDebugMaterials/DebugMeshMaterial.uasset" 3547
"/Engine/EngineMaterials/EmissiveMeshMaterial" 3548
"../../../Engine/Content/EngineMaterials/EmissiveMeshMaterial.uasset" 3549
"../../../Engine/Content/EngineMaterials/DefaultWhiteGrid_Low.uasset" 3550
"/Engine/EngineMaterials/M_InvalidLightmapSettings" 3551
"../../../Engine/Content/EngineMaterials/M_InvalidLightmapSettings.uasset" 3552
"../../../Engine/Content/EngineMaterials/InvalidLightmapSettings.uasset" 3553
"/Engine/EngineMaterials/GizmoMaterial" 3554
"../../../Engine/Content/EngineMaterials/GizmoMaterial.uasset" 3555
"/Engine/EngineMaterials/PhAT_JointLimitMaterial" 3556
"../../../Engine/Content/EngineMaterials/PhAT_JointLimitMaterial.uasset" 3557
"/Engine/EngineMaterials/FlattenMaterial" 3558
"../../../Engine/Content/EngineMaterials/FlattenMaterial.uasset" 3559
"../../../Engine/Content/EngineMaterials/BaseFlattenDiffuseMap.uasset" 3560
"../../../Engine/Content/EngineMaterials/BaseFlattenEmissiveMap.uasset" 3561
"../../../Engine/Content/EngineMaterials/BaseFlattenGrayscaleMap.uasset" 3562
"../../../Engine/Content/EngineMaterials/BaseFlattenLinearColor.uasset" 3563
"../../../Engine/Content/EngineMaterials/BaseFlattenNormalMap.uasset" 3564
"../../../Engine/Content/Functions/Engine_MaterialFunctions02/PivotPainter2/Black_1x1_EXR_Texture.uasset" 3565
"/Engine/EngineMaterials/FlattenMaterial_VT" 3566
"../../../Engine/Content/EngineMaterials/FlattenMaterial_VT.uasset" 3567
"../../../Engine/Content/EngineMaterials/BaseFlattenDiffuseMap_VT.uasset" 3568
"../../../Engine/Content/EngineMaterials/BaseFlattenEmissiveMap_VT.uasset" 3569
"../../../Engine/Content/EngineMaterials/BaseFlattenGrayscaleMap_VT.uasset" 3570
"../../../Engine/Content/EngineMaterials/BaseFlattenLinearColor_VT.uasset" 3571
"../../../Engine/Content/EngineMaterials/BaseFlattenNormalMap_VT.uasset" 3572
"../../../Engine/Content/EngineMaterials/Black_1x1_EXR_Texture_VT.uasset" 3573
"/Engine/EngineMaterials/FlattenMaterial_WS_Normal_VT" 3574
"../../../Engine/Content/EngineMaterials/FlattenMaterial_WS_Normal_VT.uasset" 3575
"/Engine/EngineMaterials/Good64x64TilingNoiseHighFreq" 3576
"../../../Engine/Content/EngineMaterials/Good64x64TilingNoiseHighFreq.uasset" 3577
"/Engine/EngineMaterials/DefaultBokeh" 3578
"../../../Engine/Content/EngineMaterials/DefaultBokeh.uasset" 3579
"/Engine/EngineMaterials/MiniFont" 3580
"../../../Engine/Content/EngineMaterials/MiniFont.uasset" 3581
"/Engine/EngineMaterials/WeightMapPlaceholderTexture" 3582
"../../../Engine/Content/EngineMaterials/WeightMapPlaceholderTexture.uasset" 3583
"/Engine/EngineMaterials/WeightMapArrayPlaceholderTexture" 3584
"../../../Engine/Content/EngineMaterials/WeightMapArrayPlaceholderTexture.uasset" 3585
"/Engine/EngineMaterials/DefaultWhiteGrid" 3586
"../../../Engine/Content/EngineMaterials/DefaultWhiteGrid.uasset" 3587
"/Engine/EngineMaterials/PreintegratedSkinBRDF" 3588
"../../../Engine/Content/EngineMaterials/PreintegratedSkinBRDF.uasset" 3589
"/Engine/EngineMaterials/LTC/GGX_LTCAmp" 3590
"../../../Engine/Content/EngineMaterials/LTC/GGX_LTCAmp.uasset" 3591
"/Engine/EngineMaterials/LTC/GGX_LTCMat" 3592
"../../../Engine/Content/EngineMaterials/LTC/GGX_LTCMat.uasset" 3593
"/Engine/EngineMaterials/LTC/Sheen_LTC" 3594
"../../../Engine/Content/EngineMaterials/LTC/Sheen_LTC.uasset" 3595
"/Engine/EngineMaterials/EnergyConservation/GGX_ReflectionEnergy" 3596
"../../../Engine/Content/EngineMaterials/EnergyConservation/GGX_ReflectionEnergy.uasset" 3597
"/Engine/EngineMaterials/EnergyConservation/GGX_TransmissionEnergyArray" 3598
"../../../Engine/Content/EngineMaterials/EnergyConservation/GGX_TransmissionEnergyArray.uasset" 3599
"/Engine/EngineMaterials/EnergyConservation/Sheen_Energy" 3600
"../../../Engine/Content/EngineMaterials/EnergyConservation/Sheen_Energy.uasset" 3601
"/Engine/EngineMaterials/EnergyConservation/Diffuse_Energy" 3602
"../../../Engine/Content/EngineMaterials/EnergyConservation/Diffuse_Energy.uasset" 3603
"/Engine/EngineMaterials/DefaultPhysicalMaterial" 3604
"../../../Engine/Content/EngineMaterials/DefaultPhysicalMaterial.uasset" 3605
"/Engine/EngineMaterials/DefaultDestructiblePhysicalMaterial" 3606
"../../../Engine/Content/EngineMaterials/DefaultDestructiblePhysicalMaterial.uasset" 3607
"/Niagara/ParameterDefinitions/CoreParameters" 3608
"../../Plugins/FX/Niagara/Content/ParameterDefinitions/CoreParameters.uasset" 3609
"/Niagara/ParameterDefinitions/DecalRenderer" 3610
"../../Plugins/FX/Niagara/Content/ParameterDefinitions/DecalRenderer.uasset" 3611
"/Niagara/ParameterDefinitions/LightRenderer" 3612
"../../Plugins/FX/Niagara/Content/ParameterDefinitions/LightRenderer.uasset" 3613
"/Niagara/ParameterDefinitions/MeshRenderer" 3614
"../../Plugins/FX/Niagara/Content/ParameterDefinitions/MeshRenderer.uasset" 3615
"/Niagara/ParameterDefinitions/RibbonRenderer" 3616
"../../Plugins/FX/Niagara/Content/ParameterDefinitions/RibbonRenderer.uasset" 3617
"/Niagara/ParameterDefinitions/SpriteRenderer" 3618
"../../Plugins/FX/Niagara/Content/ParameterDefinitions/SpriteRenderer.uasset" 3619
"/DeformerGraph/Deformers/DG_LinearBlendSkin_Morph_Cloth" 3620
"../../Plugins/Animation/DeformerGraph/Content/Deformers/DG_LinearBlendSkin_Morph_Cloth.uasset" 3621
"../../Plugins/Animation/DeformerGraph/Content/DeformerFunctions/DG_Function_LinearBlendSkin_Morph_Cloth.uasset" 3622
"/DeformerGraph/Deformers/DG_LinearBlendSkin_Morph_Cloth_RecomputeNormals" 3623
"../../Plugins/Animation/DeformerGraph/Content/Deformers/DG_LinearBlendSkin_Morph_Cloth_RecomputeNormals.uasset" 3624
"../../Plugins/Animation/DeformerGraph/Content/DeformerFunctions/DG_Function_ComputeNormalsTangents.uasset" 3625
"../../Plugins/Animation/DeformerGraph/Content/DeformerFunctions/DG_Function_LinearBlendSkin_Morph_Cloth_PositionOnly.uasset" 3626
"/Engine/EditorResources/SequenceRecorder/Countdown" 3627
"../../../Engine/Content/EditorResources/SequenceRecorder/Countdown.uasset" 3628
"/Engine/EditorResources/SequenceRecorder/RecordingIndicator" 3629
"../../../Engine/Content/EditorResources/SequenceRecorder/RecordingIndicator.uasset" 3630
"/Engine/EditorMaterials/PhAT_UnselectedMaterial" 3631
"../../../Engine/Content/EditorMaterials/PhAT_UnselectedMaterial.uasset" 3632
"/Engine/EditorMaterials/PhAT_NoCollisionMaterial" 3633
"../../../Engine/Content/EditorMaterials/PhAT_NoCollisionMaterial.uasset" 3634
"/Engine/BasicShapes/Cube" 3635
"../../../Engine/Content/BasicShapes/Cube.uasset" 3636
"/Engine/BasicShapes/Sphere" 3637
"../../../Engine/Content/BasicShapes/Sphere.uasset" 3638
"../../../Engine/Content/EngineMaterials/DefaultMaterial.uasset" 3639
"/Engine/BasicShapes/Cylinder" 3640
"../../../Engine/Content/BasicShapes/Cylinder.uasset" 3641
"/Engine/BasicShapes/Cone" 3642
"../../../Engine/Content/BasicShapes/Cone.uasset" 3643
"/Engine/BasicShapes/Plane" 3644
"../../../Engine/Content/BasicShapes/Plane.uasset" 3645
"../../../Engine/Documentation/Source/Shared/Types/ABrush/ABrush.INT.udn" 3646
"../../../Engine/Content/Internationalization/icudt64l/brkitr/root.res" 3647
"../../../Engine/Content/Internationalization/icudt64l/brkitr/char.brk" 3648
"../../../Engine/Content/Internationalization/icudt64l/brkitr/word.brk" 3649
"/Engine/EditorResources/S_Terrain" 3650
"../../../Engine/Content/EditorResources/S_Terrain.uasset" 3651
"../../../Engine/Plugins/FX/Niagara/Shaders/Private/NiagaraDataInterfaceTexture2DArrayTemplate.ush" 3652
"../../../Engine/Plugins/FX/Niagara/Shaders/Private/NiagaraDataInterfaceActorComponentTemplate.ush" 3653
"../../../Engine/Plugins/FX/Niagara/Shaders/Private/NiagaraDataInterfaceArrayTemplate.ush" 3654
"../../../Engine/Plugins/FX/Niagara/Shaders/Private/NiagaraDataInterfaceArrayRWTemplate.ush" 3655
"../../../Engine/Plugins/FX/Niagara/Shaders/Private/NiagaraDataInterfaceArrayDistributionIntTemplate.ush" 3656
"../../../Engine/Plugins/FX/Niagara/Shaders/Private/NiagaraDataInterfaceAsyncGpuTrace.ush" 3657
"../../../Engine/Plugins/FX/Niagara/Shaders/Private/NiagaraDataInterfaceAsyncGpuTraceTemplate.ush" 3658
"../../../Engine/Plugins/FX/Niagara/Shaders/Private/NiagaraDataInterfaceCamera.ush" 3659
"../../../Engine/Plugins/Experimental/ChaosNiagara/Shaders/NiagaraDataInterfaceChaosDestruction.ush" 3660
"../../../Engine/Plugins/FX/Niagara/Shaders/Private/NiagaraDataInterfaceCollisionQuery.ush" 3661
"../../../Engine/Plugins/FX/Niagara/Shaders/Private/NiagaraDataInterfaceCollisionQueryTemplate.ush" 3662
"../../../Engine/Plugins/FX/Niagara/Shaders/Private/NiagaraDataInterfaceCurveTemplate.ush" 3663
"../../../Engine/Plugins/FX/Niagara/Shaders/Private/NiagaraDataInterfaceCubeTextureTemplate.ush" 3664
"../../../Engine/Plugins/FX/Niagara/Shaders/Private/DataChannel/NiagaraDataInterfaceDataChannelCommon.ush" 3665
"../../../Engine/Plugins/FX/Niagara/Shaders/Private/DataChannel/NiagaraDataInterfaceDataChannelTemplateCommon.ush" 3666
"../../../Engine/Plugins/FX/Niagara/Shaders/Private/DataChannel/NiagaraDataInterfaceDataChannelTemplateReadCommon.ush" 3667
"../../../Engine/Plugins/FX/Niagara/Shaders/Private/DataChannel/NiagaraDataInterfaceDataChannelTemplate_Read.ush" 3668
"../../../Engine/Plugins/FX/Niagara/Shaders/Private/DataChannel/NiagaraDataInterfaceDataChannelTemplate_Consume.ush" 3669
"../../../Engine/Plugins/FX/Niagara/Shaders/Private/DataChannel/NiagaraDataInterfaceDataChannelTemplateWriteCommon.ush" 3670
"../../../Engine/Plugins/FX/Niagara/Shaders/Private/DataChannel/NiagaraDataInterfaceDataChannelTemplate_Append.ush" 3671
"../../../Engine/Plugins/FX/Niagara/Shaders/Private/NiagaraDataInterfaceDataTableTemplate.ush" 3672
"../../../Engine/Plugins/FX/Niagara/Shaders/Private/NiagaraDataInterfaceDebugDraw.ush" 3673
"../../../Engine/Plugins/FX/Niagara/Shaders/Private/NiagaraDataInterfaceDebugDrawTemplate.ush" 3674
"../../../Engine/Plugins/FX/Niagara/Shaders/Private/NiagaraDataInterfaceDynamicMeshTemplate.ush" 3675
"../../../Engine/Plugins/FX/Niagara/Shaders/Private/NiagaraDataInterfaceEmitterPropertiesTemplate.ush" 3676
"../../../Engine/Plugins/FX/Niagara/Shaders/Private/NiagaraDataInterfaceExportTemplate.ush" 3677
"../../../Engine/Plugins/FX/Niagara/Shaders/Private/NiagaraDataInterfaceGBufferTemplate.ush" 3678
"../../../Engine/Plugins/Experimental/ChaosNiagara/Shaders/NiagaraDataInterfaceGeometryCollection.ush" 3679
"../../../Engine/Plugins/FX/Niagara/Shaders/Private/NiagaraTransformUtils.ush" 3680
"../../../Engine/Plugins/Runtime/HairStrands/Shaders/Private/NiagaraStrandsExternalForce.ush" 3681
"../../../Engine/Plugins/Runtime/HairStrands/Shaders/Private/NiagaraHookeSpringMaterial.ush" 3682
"../../../Engine/Plugins/Runtime/HairStrands/Shaders/Private/NiagaraAngularSpringMaterial.ush" 3683
"../../../Engine/Plugins/Runtime/HairStrands/Shaders/Private/NiagaraConstantVolumeMaterial.ush" 3684
"../../../Engine/Plugins/Runtime/HairStrands/Shaders/Private/NiagaraCosseratRodMaterial.ush" 3685
"../../../Engine/Plugins/Runtime/HairStrands/Shaders/Private/NiagaraStaticCollisionConstraint.ush" 3686
"../../../Engine/Plugins/Runtime/HairStrands/Shaders/Private/NiagaraDataInterfaceHairStrands.ush" 3687
"../../../Engine/Plugins/Runtime/HairStrands/Shaders/Private/NiagaraDataInterfaceHairStrandsTemplate.ush" 3688
"../../../Engine/Plugins/FX/Niagara/Shaders/Private/NiagaraDataInterfaceIntRenderTarget2D.ush" 3689
"../../../Engine/Plugins/FX/Niagara/Shaders/Private/NiagaraDataInterfaceLandscape.ush" 3690
"../../../Engine/Plugins/FX/Niagara/Shaders/Private/NiagaraDataInterfaceMemoryBufferTemplate.ush" 3691
"../../../Engine/Plugins/FX/Niagara/Shaders/Private/NiagaraDataInterfaceMeshRendererInfoTemplate.ush" 3692
"../../../Engine/Plugins/FX/Niagara/Shaders/Private/NiagaraDataInterfaceOcclusion.ush" 3693
"../../../Engine/Plugins/FX/Niagara/Shaders/Private/NiagaraDataInterfacePhysicsAsset.ush" 3694
"../../../Engine/Plugins/Experimental/ChaosNiagara/Shaders/NiagaraDataInterfacePhysicsField.ush" 3695
"../../../Engine/Plugins/FX/Niagara/Shaders/Private/NiagaraDataInterfacePlatformSetTemplate.ush" 3696
"../../../Engine/Plugins/Runtime/HairStrands/Shaders/Private/NiagaraDataInterfaceVelocityGrid.ush" 3697
"../../../Engine/Plugins/Runtime/HairStrands/Shaders/Private/NiagaraDataInterfaceVelocityGridTemplate.ush" 3698
"../../../Engine/Plugins/Runtime/HairStrands/Shaders/Private/NiagaraDataInterfacePressureGrid.ush" 3699
"../../../Engine/Plugins/Runtime/HairStrands/Shaders/Private/NiagaraDataInterfacePressureGridTemplate.ush" 3700
"../../../Engine/Plugins/FX/Niagara/Shaders/Private/NiagaraDataInterfaceRenderTarget2DTemplate.ush" 3701
"../../../Engine/Plugins/FX/Niagara/Shaders/Private/NiagaraDataInterfaceRenderTarget2DArrayTemplate.ush" 3702
"../../../Engine/Plugins/FX/Niagara/Shaders/Private/NiagaraDataInterfaceRenderTargetCubeTemplate.ush" 3703
"../../../Engine/Plugins/FX/Niagara/Shaders/Private/NiagaraDataInterfaceRenderTargetVolumeTemplate.ush" 3704
"../../../Engine/Plugins/FX/Niagara/Shaders/Private/NiagaraDataInterfaceRigidMeshCollisionQuery.ush" 3705
"../../../Engine/Plugins/FX/Niagara/Shaders/Private/NiagaraDistanceFieldQueries.ush" 3706
"../../../Engine/Plugins/FX/Niagara/Shaders/Private/NiagaraDataInterfaceSceneCapture2DTemplate.ush" 3707
"../../../Engine/Plugins/FX/Niagara/Shaders/Private/NiagaraDataInterfaceSimCacheReaderTemplate.ush" 3708
"../../../Engine/Plugins/FX/Niagara/Shaders/Private/NiagaraDataInterfaceSimpleCounterTemplate.ush" 3709
"../../../Engine/Plugins/FX/Niagara/Shaders/Private/NiagaraDataInterfaceSkeletalMesh.ush" 3710
"../../../Engine/Plugins/FX/Niagara/Shaders/Private/NiagaraBaryCentricUtils.ush" 3711
"../../../Engine/Plugins/FX/Niagara/Shaders/Private/NiagaraDataInterfaceSkeletalMeshTemplate.ush" 3712
"../../../Engine/Plugins/FX/Niagara/Shaders/Private/NiagaraDataInterfaceSocketReaderTemplate.ush" 3713
"../../../Engine/Plugins/FX/Niagara/Shaders/Private/NiagaraDataInterfaceSparseVolumeTextureTemplate.ush" 3714
"../../../Engine/Plugins/FX/Niagara/Shaders/Private/NiagaraDataInterfaceSplineTemplate.ush" 3715
"../../../Engine/Plugins/FX/Niagara/Shaders/Private/NiagaraDataInterfaceSpriteRendererInfoTemplate.ush" 3716
"../../../Engine/Plugins/FX/Niagara/Shaders/Private/NiagaraDataInterfaceStaticMeshTemplate.ush" 3717
"../../../Engine/Plugins/FX/Niagara/Shaders/Private/NiagaraDataInterfaceTextureTemplate.ush" 3718
"../../../Engine/Plugins/FX/Niagara/Shaders/Private/NiagaraDataInterfaceVirtualTexture.ush" 3719
"../../../Engine/Plugins/FX/Niagara/Shaders/Private/NiagaraDataInterfaceVirtualTextureTemplate.ush" 3720
"../../../Engine/Plugins/FX/Niagara/Shaders/Private/NiagaraDataInterfaceVirtualTextureSampleTemplate.ush" 3721
"../../../Engine/Plugins/FX/Niagara/Shaders/Private/NiagaraDataInterfaceVolumeCache.ush" 3722
"../../../Engine/Plugins/FX/Niagara/Shaders/Private/NiagaraDataInterfaceVolumeTextureTemplate.ush" 3723
"D:/Vacui Projects/SeaHorse/SeaHorse/Content/SeaHorse/Cards/Textrues/T_Paulus_wiches_hunter.uasset" 3724
"D:/Vacui Projects/SeaHorse/SeaHorse/Content/SeaHorse/Cards/Textrues/T_Hans.uasset" 3725
"D:/Vacui Projects/SeaHorse/SeaHorse/Content/SeaHorse/Cards/Textrues/T_Ratmens.uasset" 3726
"D:/Vacui Projects/SeaHorse/SeaHorse/Content/SeaHorse/Cards/Definitions/Card_YeHeshaNightMonk.uasset" 3727
"D:/Vacui Projects/SeaHorse/SeaHorse/Content/SeaHorse/Cards/Definitions/Card_GniewLivingHerald.uasset" 3728
"D:/Vacui Projects/SeaHorse/SeaHorse/Content/SeaHorse/Cards/Textrues/T_Gniew_alive.uasset" 3729
"D:/Vacui Projects/SeaHorse/SeaHorse/Content/SeaHorse/Cards/Definitions/Card_HansCaptain.uasset" 3730
"D:/Vacui Projects/SeaHorse/SeaHorse/Content/SeaHorse/Cards/Definitions/Card_GniewDeadHerald.uasset" 3731
"D:/Vacui Projects/SeaHorse/SeaHorse/Content/SeaHorse/Cards/Textrues/T_Kurt_Priest.uasset" 3732
"D:/Vacui Projects/SeaHorse/SeaHorse/Content/SeaHorse/Cards/Definitions/Card_KurtSwordMaster.uasset" 3733
"D:/Vacui Projects/SeaHorse/SeaHorse/Content/SeaHorse/Cards/Definitions/Card_OlgaPriest.uasset" 3734
"D:/Vacui Projects/SeaHorse/SeaHorse/Content/SeaHorse/Cards/Textrues/T_Kurt_fencing_master.uasset" 3735
"D:/Vacui Projects/SeaHorse/SeaHorse/Content/SeaHorse/Cards/Textrues/T_Gnushor.uasset" 3736
"D:/Vacui Projects/SeaHorse/SeaHorse/Content/SeaHorse/Cards/Textrues/T_Gloria.uasset" 3737
"D:/Vacui Projects/SeaHorse/SeaHorse/Content/SeaHorse/Cards/Definitions/Card_Gnushor.uasset" 3738
"D:/Vacui Projects/SeaHorse/SeaHorse/Content/SeaHorse/Cards/Textrues/T_Gniew_dead.uasset" 3739
"D:/Vacui Projects/SeaHorse/SeaHorse/Content/SeaHorse/Cards/Definitions/Card_Aramdila.uasset" 3740
"D:/Vacui Projects/SeaHorse/SeaHorse/Content/SeaHorse/Cards/Definitions/Card_PaulusWitchHunterWu.uasset" 3741
"D:/Vacui Projects/SeaHorse/SeaHorse/Content/SeaHorse/Cards/Definitions/Card_ThronriTrollSlayer.uasset" 3742
"D:/Vacui Projects/SeaHorse/SeaHorse/Content/SeaHorse/Cards/Textrues/T_Aramdila.uasset" 3743
"D:/Vacui Projects/SeaHorse/SeaHorse/Content/SeaHorse/Cards/Definitions/Card_Wilhelm.uasset" 3744
"D:/Vacui Projects/SeaHorse/SeaHorse/Content/SeaHorse/Cards/Definitions/Card_Gloria.uasset" 3745
"D:/Vacui Projects/SeaHorse/SeaHorse/Content/SeaHorse/Cards/Definitions/Card_BodgyVampireHunter.uasset" 3746
"D:/Vacui Projects/SeaHorse/SeaHorse/Content/SeaHorse/Cards/Textrues/T_Willhelm.uasset" 3747
"D:/Vacui Projects/SeaHorse/SeaHorse/Content/SeaHorse/Cards/Definitions/Card_ThronriWerewolf.uasset" 3748
"D:/Vacui Projects/SeaHorse/SeaHorse/Content/SeaHorse/Cards/Textrues/T__Ye-Hesha.uasset" 3749
"D:/Vacui Projects/SeaHorse/SeaHorse/Content/SeaHorse/Cards/Definitions/Card_KurtPriest.uasset" 3750
"D:/Vacui Projects/SeaHorse/SeaHorse/Content/SeaHorse/Cards/Textrues/T_Bodgy_vampire_hunter.uasset" 3751
"D:/Vacui Projects/SeaHorse/SeaHorse/Content/SeaHorse/Cards/Textrues/T_Thronri_Werewolf.uasset" 3752
"/Game/SeaHorse/Cards/Textrues/T_Ratmens" 3753
"D:/Vacui Projects/SeaHorse/SeaHorse/Content/SeaHorse/Cards/Definitions/Card_RatfolkUnderground.uasset" 3754
"D:/Vacui Projects/SeaHorse/SeaHorse/Content/SeaHorse/Cards/Textrues/T_Thronri_giants_killer.uasset" 3755
"D:/Vacui Projects/SeaHorse/SeaHorse/Content/SeaHorse/Cards/Textrues/T_Olga_Priest.uasset" 3756
"/Game/SeaHorse/Cards/Textrues/T_Paulus_wiches_hunter" 3757
"/Game/SeaHorse/Cards/Definitions/Card_PaulusWitchHunterWu" 3758
"D:/Vacui Projects/SeaHorse/SeaHorse/Content/SeaHorse/VFX/MagicCircle/NS_MagicCircle.uasset" 3759
"D:/Vacui Projects/SeaHorse/SeaHorse/Content/SeaHorse/VFX/MagicCircle/MI_MagicCircle.uasset" 3760
"../../Plugins/FX/Niagara/Content/Modules/System/SystemState.uasset" 3761
"../../Plugins/FX/Niagara/Content/Enums/ENiagara_EmitterStateOptions.uasset" 3762
"../../Plugins/FX/Niagara/Content/Enums/ENiagaraSystemInactiveMode.uasset" 3763
"D:/Vacui Projects/SeaHorse/SeaHorse/Content/SeaHorse/VFX/MagicCircle/M_MagicCircle.uasset" 3764
"../../Plugins/FX/Niagara/Content/Functions/System/SystemChangeState.uasset" 3765
"/Game/SeaHorse/Cards/Textrues/T_Kurt_Priest" 3766
"/Game/SeaHorse/Cards/Textrues/T_Hans" 3767
"/Game/SeaHorse/Cards/Definitions/Card_HansCaptain" 3768
"/Game/SeaHorse/Cards/Textrues/T_Gniew_alive" 3769
"/Game/SeaHorse/Cards/Definitions/Card_GniewLivingHerald" 3770
"/Game/SeaHorse/Cards/Textrues/T_Gniew_dead" 3771
"/Game/SeaHorse/Cards/Textrues/T_Kurt_fencing_master" 3772
"/Game/SeaHorse/Cards/Definitions/Card_KurtSwordMaster" 3773
"/Game/SeaHorse/Cards/Textrues/T_Gnushor" 3774
"/Game/SeaHorse/Cards/Definitions/Card_Gnushor" 3775
"/Game/SeaHorse/Cards/Textrues/T_Gloria" 3776
"/Game/SeaHorse/Cards/Definitions/Card_Gloria" 3777
"/Game/SeaHorse/Cards/Textrues/T_Aramdila" 3778
"/Game/SeaHorse/Cards/Definitions/Card_Aramdila" 3779
"D:/Vacui Projects/SeaHorse/SeaHorse/Content/SeaHorse/Cards/Textrues/T_Fimarik.uasset" 3780
"D:/Vacui Projects/SeaHorse/SeaHorse/Content/SeaHorse/Cards/Definitions/Card_Fimarik.uasset" 3781
"D:/Vacui Projects/SeaHorse/SeaHorse/Content/SeaHorse/Cards/W_Card.uasset" 3782
"D:/Vacui Projects/SeaHorse/SeaHorse/Content/SeaHorse/Widgets/WBP_HUD.uasset" 3783
"D:/Vacui Projects/SeaHorse/SeaHorse/Content/SeaHorse/Deck/DT_Deck.uasset" 3784
"D:/Vacui Projects/SeaHorse/SeaHorse/Content/SeaHorse/VFX/PPI_SoftOutline.uasset" 3785
"D:/Vacui Projects/SeaHorse/SeaHorse/Content/SeaHorse/Widgets/WBP_WinnerEntry.uasset" 3786
"D:/Vacui Projects/SeaHorse/SeaHorse/Content/SeaHorse/Cards/Tasks/BP_DefaultCardEffect.uasset" 3787
"D:/Vacui Projects/SeaHorse/SeaHorse/Content/SeaHorse/VFX/PP_SoftOutline.uasset" 3788
"D:/Vacui Projects/SeaHorse/SeaHorse/Content/SeaHorse/VFX/SM_TargetingArrow.uasset" 3789
"D:/Vacui Projects/SeaHorse/SeaHorse/Content/SeaHorse/Cards/Textrues/T_Otfried_shadow_master.uasset" 3790
"D:/Vacui Projects/SeaHorse/SeaHorse/Content/SeaHorse/Cards/Textrues/T_Paulus_silent.uasset" 3791
"/Game/SeaHorse/Cards/Definitions/Card_RatfolkUnderground" 3792
"D:/Vacui Projects/SeaHorse/SeaHorse/Content/SeaHorse/VFX/M_TargetingArrow.uasset" 3793
"D:/Vacui Projects/SeaHorse/SeaHorse/Content/SeaHorse/Cards/Definitions/Card_SeaHorse.uasset" 3794
"D:/Vacui Projects/SeaHorse/SeaHorse/Content/SeaHorse/Cards/Textrues/T_SeaHorse_B.uasset" 3795
"D:/Vacui Projects/SeaHorse/SeaHorse/Content/SeaHorse/Widgets/WBP_Winners.uasset" 3796
"D:/Vacui Projects/SeaHorse/SeaHorse/Content/SeaHorse/Cards/Definitions/Card_PaulusSilent.uasset" 3797
"/Game/SeaHorse/Cards/Definitions/Card_KurtPriest" 3798
"/Game/SeaHorse/Cards/Textrues/T__Ye-Hesha" 3799
"/Game/SeaHorse/Cards/Definitions/Card_YeHeshaNightMonk" 3800
"/Game/SeaHorse/Cards/Textrues/T_Thronri_giants_killer" 3801
"/Game/SeaHorse/Cards/Definitions/Card_ThronriTrollSlayer" 3802
"/Game/SeaHorse/Cards/Definitions/Card_GniewDeadHerald" 3803
"/Game/SeaHorse/Cards/Textrues/T_Olga_Priest" 3804
"/Game/SeaHorse/Cards/Definitions/Card_OlgaPriest" 3805
"/Game/SeaHorse/Cards/Textrues/T_Willhelm" 3806
"/Game/SeaHorse/Cards/Textrues/T_Thronri_Werewolf" 3807
"/Game/SeaHorse/Cards/Definitions/Card_ThronriWerewolf" 3808
"/Game/SeaHorse/Cards/Textrues/T_Fimarik" 3809
"D:/Vacui Projects/SeaHorse/SeaHorse/Content/SeaHorse/Cards/Definitions/Card_Otfried.uasset" 3810
"D:/Vacui Projects/SeaHorse/SeaHorse/Content/SeaHorse/Cards/Textrues/T_Crumo_and_Ursula.uasset" 3811
"D:/Vacui Projects/SeaHorse/SeaHorse/Content/SeaHorse/Cards/Definitions/Card_CrumoUrsula.uasset" 3812
"D:/Vacui Projects/SeaHorse/SeaHorse/Content/SeaHorse/Board/BP_Table.uasset" 3813
"D:/Vacui Projects/SeaHorse/SeaHorse/Content/SeaHorse/Core/BP_SHPlayerState.uasset" 3814
"D:/Vacui Projects/SeaHorse/SeaHorse/Content/SeaHorse/Core/BP_SHPlayerController.uasset" 3815
"D:/Vacui Projects/SeaHorse/SeaHorse/Content/SeaHorse/Components/AC_CardsLayout.uasset" 3816
"D:/Vacui Projects/SeaHorse/SeaHorse/Content/SeaHorse/Components/AC_CardsLayout_Activatable.uasset" 3817
"D:/Vacui Projects/SeaHorse/SeaHorse/Content/SeaHorse/Cards/BP_Hand.uasset" 3818
"D:/Vacui Projects/SeaHorse/SeaHorse/Content/SeaHorse/Core/BFL_SeaHorse.uasset" 3819
"D:/Vacui Projects/SeaHorse/SeaHorse/Content/SeaHorse/Components/AC_Deck.uasset" 3820
"D:/Vacui Projects/SeaHorse/SeaHorse/Content/SeaHorse/Core/BP_SHGameState.uasset" 3821
"/Game/SeaHorse/Cards/Textrues/T_Otfried_shadow_master" 3822
"D:/Vacui Projects/SeaHorse/SeaHorse/Content/SeaHorse/Cards/BP_Card.uasset" 3823
"D:/Vacui Projects/SeaHorse/SeaHorse/Content/SeaHorse/Cards/E_OutlineType.uasset" 3824
"D:/Vacui Projects/SeaHorse/SeaHorse/Content/SeaHorse/Core/BP_SHGameMode.uasset" 3825
"/Game/SeaHorse/Cards/Definitions/Card_PaulusSilent" 3826
"/Game/SeaHorse/Cards/Definitions/Card_SeaHorse" 3827
"/Game/SeaHorse/VFX/PPI_SoftOutline" 3828
"D:/Vacui Projects/SeaHorse/SeaHorse/Content/SeaHorse/VFX/MPC_Outlines.uasset" 3829
"/Game/SeaHorse/VFX/M_TargetingArrow" 3830
"/Game/SeaHorse/VFX/SM_TargetingArrow" 3831
"/Game/SeaHorse/Cards/Definitions/Card_Wilhelm" 3832
"/Game/SeaHorse/Widgets/WBP_WinnerEntry" 3833
"/Game/SeaHorse/Cards/W_Card" 3834
"/Game/SeaHorse/Deck/DT_Deck" 3835
"../../../Engine/Content/Functions/Engine_MaterialFunctions02/Texturing/CustomRotator.uasset" 3836
"D:/Vacui Projects/SeaHorse/SeaHorse/Content/SeaHorse/Components/AC_CardsLayout_Hand.uasset" 3837
"../../../Engine/Content/VREditor/UI/M_ContentWindow.uasset" 3838
"../../../Engine/Content/VREditor/Devices/Vive/UE4_Logo.uasset" 3839
"D:/Vacui Projects/SeaHorse/SeaHorse/Content/SeaHorse/Board/BP_VictoryStack.uasset" 3840
"D:/Vacui Projects/SeaHorse/SeaHorse/Content/SeaHorse/Board/WBP_PlayerRepresentation.uasset" 3841
"D:/Vacui Projects/SeaHorse/SeaHorse/Content/SeaHorse/Cards/Textrues/T_CardRevers.uasset" 3842
"D:/Vacui Projects/SeaHorse/SeaHorse/Content/SeaHorse/Textures/rough_wood_diff_2k.uasset" 3843
"D:/Vacui Projects/SeaHorse/SeaHorse/Content/SeaHorse/Board/BP_PlayerRepresentation.uasset" 3844
"D:/Vacui Projects/SeaHorse/SeaHorse/Content/SeaHorse/Textures/rough_wood_disp_2k.uasset" 3845
"D:/Vacui Projects/SeaHorse/SeaHorse/Content/SeaHorse/Cards/Meshes/SM_Card.uasset" 3846
"/Game/SeaHorse/Core/BP_SHPlayerState" 3847
"D:/Vacui Projects/SeaHorse/SeaHorse/Content/SeaHorse/VFX/M_ParticipantTargetReflections.uasset" 3848
"../../../Engine/Content/VREditor/Devices/Vive/UE_Logo.uasset" 3849
"D:/Vacui Projects/SeaHorse/SeaHorse/Content/SeaHorse/Textures/rough_wood_rough_2k.uasset" 3850
"../../../Engine/Content/EditorBlueprintResources/StandardMacros.uasset" 3851
"D:/Vacui Projects/SeaHorse/SeaHorse/Content/SeaHorse/Cards/Materials/M_Card.uasset" 3852
"/Game/SeaHorse/Components/AC_CardsLayout" 3853
"/Game/SeaHorse/Cards/E_OutlineType" 3854
"/Engine/Functions/Engine_MaterialFunctions02/Texturing/CustomRotator" 3855
"/Game/SeaHorse/Core/BP_SHGameState" 3856
"/Game/SeaHorse/Components/AC_CardsLayout_Activatable" 3857
"D:/Vacui Projects/SeaHorse/SeaHorse/Content/SeaHorse/Textures/rust_coarse_01_disp_1k.uasset" 3858
"D:/Vacui Projects/SeaHorse/SeaHorse/Content/SeaHorse/Textures/rust_coarse_01_diff_1k.uasset" 3859
"D:/Vacui Projects/SeaHorse/SeaHorse/Content/SeaHorse/Meshes/SM_Scroll.uasset" 3860
"D:/Vacui Projects/SeaHorse/SeaHorse/Content/SeaHorse/Textures/Paper_T.uasset" 3861
"D:/Vacui Projects/SeaHorse/SeaHorse/Content/SeaHorse/Materials/MI_Wood.uasset" 3862
"D:/Vacui Projects/SeaHorse/SeaHorse/Content/SeaHorse/Materials/MI_Steel.uasset" 3863
"/Game/SeaHorse/Cards/BP_Hand" 3864
"D:/Vacui Projects/SeaHorse/SeaHorse/Content/SeaHorse/Materials/M_Master.uasset" 3865
"../../../Engine/Content/EngineMaterials/PaperNormal.uasset" 3866
"/Game/SeaHorse/Textures/rough_wood_diff_2k" 3867
"/Game/SeaHorse/Textures/rough_wood_disp_2k" 3868
"/Game/SeaHorse/Textures/rough_wood_rough_2k" 3869
"/Game/SeaHorse/Board/BP_PlayerRepresentation" 3870
"/Game/SeaHorse/Board/BP_VictoryStack" 3871
"/Game/SeaHorse/Textures/rust_coarse_01_disp_1k" 3872
"D:/Vacui Projects/SeaHorse/SeaHorse/Content/SeaHorse/Maps/L_Test.umap" 3873
"../../../Engine/Content/EngineMaterials/PaperDiffuse.uasset" 3874
"D:/Vacui Projects/SeaHorse/SeaHorse/Content/SeaHorse/Blueprints/BP_Scroll.uasset" 3875
"D:/Vacui Projects/SeaHorse/SeaHorse/Content/SeaHorse/Maps/L_SandBox.umap" 3876
"D:/Vacui Projects/SeaHorse/SeaHorse/Content/SeaHorse/Meshes/SM_Paper1.uasset" 3877
"../../../Engine/Content/EngineSounds/Submixes/MasterReverbEffectPreset.uasset" 3878
"../../../Engine/Content/EngineMaterials/BlendFunc_DefBlend.uasset" 3879
"../../../Engine/Content/EngineSounds/Submixes/MasterEQSubmixDefault.uasset" 3880
"/Engine/EngineMaterials/PaperNormal" 3881
"../../../Engine/Content/EngineMaterials/BlendFunc_DefBase.uasset" 3882
"../../../Engine/Content/EngineSounds/Submixes/MasterEQEffectPreset.uasset" 3883
"../../../Engine/Content/EngineSounds/Submixes/MasterSubmixDefault.uasset" 3884
"D:/Vacui Projects/SeaHorse/SeaHorse/Content/SeaHorse/Materials/MI_Paper.uasset" 3885
"../../../Engine/Content/EngineSounds/Submixes/MasterReverbSubmixDefault.uasset" 3886
"/Game/SeaHorse/Materials/M_Master" 3887
"/Game/SeaHorse/Meshes/SM_Scroll" 3888
"/Engine/EngineSounds/Submixes/MasterReverbSubmixDefault" 3889
"/Engine/EngineMaterials/BlendFunc_DefBase" 3890
"/Engine/EngineMaterials/BlendFunc_DefBlend" 3891
"/Game/SeaHorse/Maps/L_Test" 3892
"../../../Engine/Plugins/Interchange/Assets/Content/gltf/MaterialFunctions/MF_RotateV2.uasset" 3893
"../../../Engine/Content/OpenWorldTemplate/LandscapeMaterial/MF_ProcGrid.uasset" 3894
"../../../Engine/Content/OpenWorldTemplate/LandscapeMaterial/T_GridChecker_A.uasset" 3895
"../../../Engine/Content/OpenWorldTemplate/LandscapeMaterial/M_ProcGrid.uasset" 3896
"../../../Engine/Plugins/Interchange/Assets/Content/gltf/Textures/T_Anisotropy_Direction_Linear.uasset" 3897
"../../../Engine/Plugins/Interchange/Assets/Content/gltf/MaterialFunctions/MF_Specular.uasset" 3898
"../../../Engine/Content/OpenWorldTemplate/LandscapeMaterial/MI_ProcGrid.uasset" 3899
"../../../Engine/Content/Functions/Engine_MaterialFunctions01/ImageAdjustment/CheapContrast.uasset" 3900
"../../../Engine/Plugins/Interchange/Assets/Content/gltf/MaterialFunctions/MF_TransformUVs.uasset" 3901
"../../../Engine/Content/Functions/Engine_MaterialFunctions01/Gradient/LinearGradient.uasset" 3902
"../../../Engine/Content/Functions/Engine_MaterialFunctions03/Blends/Blend_Overlay.uasset" 3903
"../../../Engine/Plugins/Interchange/Assets/Content/gltf/MaterialFunctions/MF_SpecularAnisotropy.uasset" 3904
"../../../Engine/Plugins/Interchange/Assets/Content/gltf/MaterialFunctions/MF_ScaleNormal.uasset" 3905
"../../../Engine/Plugins/Interchange/Assets/Content/Functions/MF_IridescenceNoLUT.uasset" 3906
"../../../Engine/Plugins/Interchange/Assets/Content/gltf/MaterialFunctions/MF_Iridescence.uasset" 3907
"../../../Engine/Plugins/Interchange/Assets/Content/gltf/MaterialFunctions/MF_IOR.uasset" 3908
"../../../Engine/Plugins/Interchange/Assets/Content/gltf/MaterialFunctions/MF_MetallicRoughness.uasset" 3909
"../../../Engine/Plugins/Interchange/Assets/Content/gltf/MaterialFunctions/MF_Normals.uasset" 3910
"../../../Engine/Plugins/Interchange/Assets/Content/gltf/MaterialFunctions/MF_Occlusion.uasset" 3911
"/InterchangeAssets/gltf/MaterialFunctions/MF_SpecularAnisotropy" 3912
"/InterchangeAssets/gltf/MaterialFunctions/MF_IOR" 3913
"/InterchangeAssets/Functions/MF_IridescenceNoLUT" 3914
"/InterchangeAssets/gltf/MaterialFunctions/MF_TransformUVs" 3915
"../../../Engine/Plugins/Interchange/Assets/Content/gltf/MaterialFunctions/MF_BaseColor.uasset" 3916
"../../../Engine/Plugins/Interchange/Assets/Content/gltf/MaterialFunctions/MF_RotateNormals_TS.uasset" 3917
"../../../Engine/Plugins/Interchange/Assets/Content/gltf/Textures/T_White_srgb.uasset" 3918
"../../../Engine/Plugins/Interchange/Assets/Content/Functions/MF_Iridescence.uasset" 3919
"../../../Engine/Plugins/Interchange/Assets/Content/Utilities/New_LUT.uasset" 3920
"../../../Engine/Plugins/Interchange/Assets/Content/gltf/Textures/T_Generic_N.uasset" 3921
"../../../Engine/Plugins/Interchange/Assets/Content/gltf/MaterialFunctions/MF_Emissive.uasset" 3922
"../../../Engine/Content/Functions/Engine_MaterialFunctions03/Math/RemapValueRange.uasset" 3923
"../../../Engine/Plugins/Interchange/Assets/Content/gltf/MaterialBodies/MF_ClearCoat_Body.uasset" 3924
"../../../Engine/Content/Functions/Engine_MaterialFunctions01/Texturing/FlattenNormal.uasset" 3925
"/Game/SeaHorse/Maps/L_SandBox" 3926
"../../../Engine/Plugins/Interchange/Assets/Content/gltf/MaterialFunctions/MF_Clearcoat.uasset" 3927
"../../../Engine/Plugins/Interchange/Assets/Content/gltf/Textures/T_White_Linear.uasset" 3928
"/InterchangeAssets/gltf/MaterialFunctions/MF_ScaleNormal" 3929
"/InterchangeAssets/gltf/MaterialFunctions/MF_Specular" 3930
"/InterchangeAssets/gltf/MaterialFunctions/MF_Iridescence" 3931
"/Engine/Functions/Engine_MaterialFunctions01/Texturing/FlattenNormal" 3932
"/InterchangeAssets/Functions/MF_Iridescence" 3933
"../../../Engine/Plugins/Interchange/Assets/Content/gltf/MaterialBodies/MF_Default_Body.uasset" 3934
"../../../Engine/Plugins/Interchange/Assets/Content/gltf/M_Default.uasset" 3935
"../../../Engine/Plugins/Interchange/Assets/Content/gltf/MaterialInstances/MI_ClearCoat_Mask.uasset" 3936
"../../../Engine/Plugins/Interchange/Assets/Content/gltf/MaterialInstances/MI_ClearCoat_Mask_DS.uasset" 3937
"../../../Engine/Plugins/Interchange/Assets/Content/gltf/M_ClearCoat.uasset" 3938
"../../../Engine/Plugins/Interchange/Assets/Content/gltf/MaterialInstances/MI_Default_Blend.uasset" 3939
"../../../Engine/Plugins/Interchange/Assets/Content/gltf/MaterialInstances/MI_Default_Mask_DS.uasset" 3940
"../../../Engine/Plugins/Interchange/Assets/Content/gltf/MaterialInstances/MI_Default_Opaque_DS.uasset" 3941
"/InterchangeAssets/gltf/MaterialBodies/MF_ClearCoat_Body" 3942
"../../../Engine/Plugins/Interchange/Assets/Content/gltf/MaterialInstances/MI_ClearCoat_Opaque.uasset" 3943
"../../../Engine/Plugins/Interchange/Assets/Content/gltf/MaterialInstances/MI_Default_Blend_DS.uasset" 3944
"../../../Engine/Plugins/Interchange/Assets/Content/gltf/MaterialInstances/MI_Default_Mask.uasset" 3945
"../../../Engine/Plugins/Interchange/Assets/Content/gltf/MaterialInstances/MI_ClearCoat_Opaque_DS.uasset" 3946
"../../../Engine/Plugins/Interchange/Assets/Content/gltf/MaterialInstances/MI_Default_Opaque.uasset" 3947
"../../../Engine/Plugins/Interchange/Assets/Content/gltf/MaterialInstances/MI_ClearCoat_Blend.uasset" 3948
"../../../Engine/Plugins/Interchange/Assets/Content/gltf/MaterialInstances/MI_ClearCoat_Blend_DS.uasset" 3949
"/InterchangeAssets/gltf/MaterialInstances/MI_Default_Blend_DS" 3950
"../../../Engine/Plugins/Interchange/Assets/Content/gltf/MaterialInstances/MI_Sheen_Mask.uasset" 3951
"../../../Engine/Plugins/Interchange/Assets/Content/gltf/MaterialBodies/MF_Sheen_Body.uasset" 3952
"../../../Engine/Plugins/Interchange/Assets/Content/gltf/MaterialFunctions/MF_Sheen.uasset" 3953
"../../../Engine/Plugins/Interchange/Assets/Content/gltf/MaterialFunctions/MF_Fresnel_DS.uasset" 3954
"../../../Engine/Content/Functions/Engine_MaterialFunctions02/Texturing/ScreenAlignedPixelToPixelUVs.uasset" 3955
"../../../Engine/Plugins/Interchange/Assets/Content/gltf/MaterialFunctions/MF_Transmission.uasset" 3956
"../../../Engine/Plugins/Interchange/Assets/Content/gltf/M_Sheen.uasset" 3957
"../../../Engine/Plugins/Interchange/Assets/Content/gltf/MaterialInstances/MI_Sheen_Blend.uasset" 3958
"../../../Engine/Plugins/Interchange/Assets/Content/gltf/MaterialInstances/MI_Sheen_Blend_DS.uasset" 3959
"../../../Engine/Plugins/Interchange/Assets/Content/gltf/MaterialInstances/MI_Sheen_Mask_DS.uasset" 3960
"../../../Engine/Plugins/Interchange/Assets/Content/gltf/MaterialFunctions/MF_Temporal_Blur.uasset" 3961
"../../../Engine/Plugins/Interchange/Assets/Content/gltf/M_Transmission.uasset" 3962
"../../../Engine/Plugins/Interchange/Assets/Content/gltf/MaterialBodies/MF_Transmission_Body.uasset" 3963
"../../../Engine/Plugins/Interchange/Assets/Content/gltf/MaterialInstances/MI_Sheen_Opaque.uasset" 3964
"../../../Engine/Plugins/Interchange/Assets/Content/gltf/MaterialInstances/MI_Transmission.uasset" 3965
"../../../Engine/Plugins/Interchange/Assets/Content/gltf/MaterialInstances/MI_Sheen_Opaque_DS.uasset" 3966
"/InterchangeAssets/gltf/MaterialInstances/MI_Default_Mask_DS" 3967
"/InterchangeAssets/gltf/MaterialInstances/MI_Default_Opaque_DS" 3968
"/InterchangeAssets/gltf/MaterialInstances/MI_Transmission" 3969
"/InterchangeAssets/gltf/M_ClearCoat" 3970
"/InterchangeAssets/gltf/MaterialInstances/MI_ClearCoat_Blend_DS" 3971
"/InterchangeAssets/gltf/MaterialInstances/MI_ClearCoat_Mask_DS" 3972
"/InterchangeAssets/gltf/MaterialInstances/MI_ClearCoat_Opaque_DS" 3973
"/InterchangeAssets/gltf/MaterialInstances/MI_Sheen_Blend_DS" 3974
"/InterchangeAssets/gltf/MaterialInstances/MI_Sheen_Mask_DS" 3975
"/InterchangeAssets/gltf/MaterialInstances/MI_ClearCoat_Blend" 3976
"/InterchangeAssets/gltf/MaterialInstances/MI_ClearCoat_Mask" 3977
"../../../Engine/Plugins/Interchange/Assets/Shaders/ThinFilmFunctions.usf" 3978
"/Engine/EditorResources/EmptyActor" 3979
"../../../Engine/Content/EditorResources/EmptyActor.uasset" 3980
"/Engine/EditorResources/LightIcons/S_LightError" 3981
"../../../Engine/Content/EditorResources/LightIcons/S_LightError.uasset" 3982
"/Engine/EngineMaterials/LineSetComponentMaterial" 3983
"../../../Engine/Content/EngineMaterials/LineSetComponentMaterial.uasset" 3984
"../../../Engine/Content/Functions/Engine_MaterialFunctions02/Math/ProjectVectorOntoPlane.uasset" 3985
"/InterchangeAssets/gltf/MaterialInstances/MI_Sheen_Opaque_DS" 3986
"/InterchangeAssets/gltf/MaterialInstances/MI_ClearCoat_Opaque" 3987
"/InterchangeAssets/gltf/MaterialInstances/MI_Default_Blend" 3988
"/InterchangeAssets/gltf/MaterialInstances/MI_Default_Mask" 3989
"/InterchangeAssets/gltf/MaterialInstances/MI_Default_Opaque" 3990
"/InterchangeAssets/gltf/MaterialInstances/MI_Sheen_Blend" 3991
"/InterchangeAssets/gltf/MaterialInstances/MI_Sheen_Mask" 3992
"/InterchangeAssets/gltf/MaterialInstances/MI_Sheen_Opaque" 3993
"../../../Engine/Plugins/Interchange/Assets/Content/gltf/MaterialInstances/MI_Unlit_Blend.uasset" 3994
"../../../Engine/Plugins/Interchange/Assets/Content/gltf/MaterialInstances/MI_Unlit_Mask_DS.uasset" 3995
"../../../Engine/Plugins/Interchange/Assets/Content/gltf/M_Unlit.uasset" 3996
"../../../Engine/Content/Functions/Engine_MaterialFunctions02/Math/AddComponents.uasset" 3997
"../../../Engine/Plugins/Interchange/Assets/Content/gltf/MaterialFunctions/MF_PerceivedBrightness.uasset" 3998
"../../../Engine/Plugins/Interchange/Assets/Content/gltf/MaterialFunctions/MF_MaxComponentValue.uasset" 3999
"../../../Engine/Plugins/Interchange/Assets/Content/gltf/MaterialBodies/MF_Unlit_Body.uasset" 4000
"../../../Engine/Plugins/Interchange/Assets/Content/gltf/M_SpecularGlossiness.uasset" 4001
"../../../Engine/Plugins/Interchange/Assets/Content/gltf/MaterialInstances/MI_Unlit_Mask.uasset" 4002
"../../../Engine/Plugins/Interchange/Assets/Content/gltf/MaterialBodies/MF_SpecularGlossiness_Body.uasset" 4003
"../../../Engine/Plugins/Interchange/Assets/Content/gltf/MaterialInstances/MI_SpecularGlossiness_Mask_DS.uasset" 4004
"../../../Engine/Plugins/Interchange/Assets/Content/gltf/MaterialFunctions/MF_DiffuseSpecGloss.uasset" 4005
"../../../Engine/Plugins/Interchange/Assets/Content/gltf/MaterialInstances/MI_SpecularGlossiness_Opaque.uasset" 4006
"../../../Engine/Plugins/Interchange/Assets/Content/gltf/MaterialInstances/MI_SpecularGlossiness_Mask.uasset" 4007
"../../../Engine/Plugins/Interchange/Assets/Content/gltf/MaterialInstances/MI_Unlit_Blend_DS.uasset" 4008
"../../../Engine/Plugins/Interchange/Assets/Content/gltf/MaterialInstances/MI_Unlit_Opaque_DS.uasset" 4009
"../../../Engine/Plugins/Interchange/Assets/Content/gltf/MaterialInstances/MI_Transmission_DS.uasset" 4010
"../../../Engine/Plugins/Interchange/Assets/Content/gltf/MaterialFunctions/MF_SpecGlossToMetalRoughness.uasset" 4011
"../../../Engine/Plugins/Interchange/Assets/Content/gltf/MaterialInstances/MI_SpecularGlossiness_Blend_DS.uasset" 4012
"../../../Engine/Plugins/Interchange/Assets/Content/gltf/MaterialInstances/MI_SpecularGlossiness_Opaque_DS.uasset" 4013
"../../../Engine/Plugins/Interchange/Assets/Content/gltf/MaterialInstances/MI_SpecularGlossiness_Blend.uasset" 4014
"../../../Engine/Plugins/Interchange/Assets/Content/gltf/MaterialInstances/MI_Unlit_Opaque.uasset" 4015
"/InterchangeAssets/gltf/MaterialInstances/MI_Unlit_Blend_DS" 4016
"/InterchangeAssets/gltf/MaterialInstances/MI_Unlit_Mask_DS" 4017
"/InterchangeAssets/gltf/MaterialInstances/MI_Unlit_Opaque_DS" 4018
"/InterchangeAssets/gltf/MaterialInstances/MI_Unlit_Blend" 4019
"/InterchangeAssets/gltf/MaterialInstances/MI_Unlit_Mask" 4020
"/InterchangeAssets/gltf/MaterialInstances/MI_Unlit_Opaque" 4021
"/InterchangeAssets/gltf/MaterialInstances/MI_SpecularGlossiness_Blend_DS" 4022
"/InterchangeAssets/gltf/MaterialInstances/MI_SpecularGlossiness_Mask_DS" 4023
"/InterchangeAssets/gltf/MaterialInstances/MI_SpecularGlossiness_Opaque_DS" 4024
"/InterchangeAssets/gltf/MaterialInstances/MI_SpecularGlossiness_Blend" 4025
"/InterchangeAssets/gltf/MaterialInstances/MI_SpecularGlossiness_Mask" 4026
"/InterchangeAssets/gltf/MaterialInstances/MI_SpecularGlossiness_Opaque" 4027
"/InterchangeAssets/gltf/MaterialInstances/MI_Transmission_DS" 4028
"D:/Vacui Projects/SeaHorse/SeaHorse/Content/SeaHorse/Frontend/WBP_PrimaryLayout.uasset" 4029
"D:/Vacui Projects/SeaHorse/SeaHorse/Content/SeaHorse/Lobby_Core/BP_MainMenuPlayerController.uasset" 4030
"D:/Vacui Projects/SeaHorse/SeaHorse/Content/SeaHorse/Lobby_Core/BP_MainMenuGameMode.uasset" 4031
"D:/Vacui Projects/SeaHorse/SeaHorse/Content/SeaHorse/Maps/L_MainMenu.umap" 4032
"../../../Engine/Plugins/Interchange/Assets/Content/Functions/MX_Transmission.uasset" 4033
"../../../Engine/Content/Functions/Engine_MaterialFunctions01/Volumetrics/BeersLaw.uasset" 4034
"../../../Engine/Plugins/Interchange/Assets/Content/Functions/MF_OrenNayerView.uasset" 4035
"../../../Engine/Plugins/Interchange/Assets/Content/Functions/MX_StandardSurface.uasset" 4036
"../../../Engine/Content/Functions/Substrate/MF_SchlickInternal.uasset" 4037
"../../../Engine/Plugins/Interchange/Assets/Content/Functions/MX_TransmissionSurface.uasset" 4038
"../../../Engine/Plugins/Interchange/Assets/Content/Functions/MX_OpenPBR_Translucent.uasset" 4039
"D:/Vacui Projects/SeaHorse/SeaHorse/Content/SeaHorse/Frontend/MainMenu/CTS_MainMenu.uasset" 4040
"D:/Vacui Projects/SeaHorse/SeaHorse/Content/SeaHorse/Frontend/MainMenu/WBP_WAB_MainMenu.uasset" 4041
"D:/Vacui Projects/SeaHorse/SeaHorse/Content/SeaHorse/Frontend/MainMenu/WBP_MainMenu_Button.uasset" 4042
"D:/Vacui Projects/SeaHorse/SeaHorse/Content/SeaHorse/Maps/L_Lobby.umap" 4043
"../../../Engine/Plugins/Interchange/Assets/Content/Functions/MX_OpenPBR_Opaque.uasset" 4044
"../../../Engine/Plugins/Animation/ControlRig/Content/Controls/ControlRig_Arrow4_1mm.uasset" 4045
"../../../Engine/Plugins/Animation/ControlRig/Content/Controls/ControlRig_Arrow4_solid.uasset" 4046
"../../../Engine/Plugins/Animation/ControlRig/Content/Controls/ControlRig_Arrow2_1mm.uasset" 4047
"../../../Engine/Plugins/Animation/ControlRig/Content/Controls/ControlRig_Arrow_3mm.uasset" 4048
"../../../Engine/Plugins/Animation/ControlRig/Content/Controls/ControlRig_Arrow_1mm.uasset" 4049
"../../../Engine/Plugins/Animation/ControlRig/Content/Controls/ControlRig_Arrow2_3mm.uasset" 4050
"../../../Engine/Plugins/Animation/ControlRig/Content/Controls/ControlRig_Arrow4_3mm.uasset" 4051
"../../../Engine/Plugins/Animation/ControlRig/Content/Controls/ControlRig_Arrow2_solid.uasset" 4052
"../../../Engine/Plugins/Animation/ControlRig/Content/Controls/ControlRig_Sphere_solid.uasset" 4053
"/InterchangeAssets/Functions/MX_OpenPBR_Translucent" 4054
"/Game/SeaHorse/Maps/L_MainMenu" 4055
"/ControlRig/Controls/ControlRig_Arrow_3mm" 4056
"/ControlRig/Controls/ControlRig_Arrow_1mm" 4057
"/ControlRig/Controls/ControlRig_Arrow4_solid" 4058
"/ControlRig/Controls/ControlRig_Arrow4_3mm" 4059
"/ControlRig/Controls/ControlRig_Arrow4_1mm" 4060
"/ControlRig/Controls/ControlRig_Arrow2_solid" 4061
"/ControlRig/Controls/ControlRig_Arrow2_3mm" 4062
"/ControlRig/Controls/ControlRig_Arrow2_1mm" 4063
"/ControlRig/Controls/ControlRig_Sphere_solid" 4064
"/Game/SeaHorse/Maps/L_Lobby" 4065
"/InterchangeAssets/Functions/MX_OpenPBR_Opaque" 4066
"/Game/SeaHorse/Frontend/MainMenu/WBP_WAB_MainMenu" 4067
"../../../Engine/Plugins/Animation/ControlRig/Content/Controls/ControlRig_Box_1mm.uasset" 4068
"../../../Engine/Plugins/Animation/ControlRig/Content/Controls/ControlRig_Arrow_solid.uasset" 4069
"../../../Engine/Plugins/Animation/ControlRig/Content/Controls/ControlRig_Circle_solid.uasset" 4070
"../../../Engine/Plugins/Animation/ControlRig/Content/Controls/ControlRig_Hexagon_solid.uasset" 4071
"../../../Engine/Plugins/Animation/ControlRig/Content/Controls/ControlRig_Diamond_3mm.uasset" 4072
"../../../Engine/Plugins/Animation/ControlRig/Content/Controls/ControlRig_Pyramid_1mm.uasset" 4073
"../../../Engine/Plugins/Animation/ControlRig/Content/Controls/ControlRig_Pyramid_3mm.uasset" 4074
"../../../Engine/Plugins/Animation/ControlRig/Content/Controls/ControlRig_QuarterCircle_1mm.uasset" 4075
"../../../Engine/Plugins/Animation/ControlRig/Content/Controls/ControlRig_Diamond_1mm.uasset" 4076
"../../../Engine/Plugins/Animation/ControlRig/Content/Controls/ControlRig_Hexagon_3mm.uasset" 4077
"../../../Engine/Plugins/Animation/ControlRig/Content/Controls/ControlRig_HalfCircle_solid.uasset" 4078
"../../../Engine/Plugins/Animation/ControlRig/Content/Controls/ControlRig_Box_solid.uasset" 4079
"../../../Engine/Plugins/Animation/ControlRig/Content/Controls/ControlRig_HalfCircle_3mm.uasset" 4080
"../../../Engine/Plugins/Animation/ControlRig/Content/Controls/ControlRig_Circle_1mm.uasset" 4081
"../../../Engine/Plugins/Animation/ControlRig/Content/Controls/ControlRig_QuarterCircle_solid.uasset" 4082
"../../../Engine/Plugins/Animation/ControlRig/Content/Controls/ControlRig_Octagon_1mm.uasset" 4083
"../../../Engine/Plugins/Animation/ControlRig/Content/Controls/ControlRig_Circle_3mm.uasset" 4084
"../../../Engine/Plugins/Animation/ControlRig/Content/Controls/ControlRig_Octagon_solid.uasset" 4085
"../../../Engine/Plugins/Animation/ControlRig/Content/Controls/ControlRig_Pyramid_solid.uasset" 4086
"../../../Engine/Plugins/Animation/ControlRig/Content/Controls/ControlRig_Octagon_3mm.uasset" 4087
"../../../Engine/Plugins/Animation/ControlRig/Content/Controls/ControlRig_Diamond_solid.uasset" 4088
"../../../Engine/Plugins/Animation/ControlRig/Content/Controls/ControlRig_RoundedTriangle_1mm.uasset" 4089
"../../../Engine/Plugins/Animation/ControlRig/Content/Controls/ControlRig_Box_3mm.uasset" 4090
"../../../Engine/Plugins/Animation/ControlRig/Content/Controls/ControlRig_HalfCircle_1mm.uasset" 4091
"/ControlRig/Controls/ControlRig_RoundedTriangle_1mm" 4092
"../../../Engine/Plugins/Animation/ControlRig/Content/Controls/ControlRig_RoundedTriangle_solid.uasset" 4093
"../../../Engine/Plugins/Animation/ControlRig/Content/Controls/ControlRig_Sphere_1mm.uasset" 4094
"../../../Engine/Plugins/Animation/ControlRig/Content/Controls/ControlRig_QuarterCircle_3mm.uasset" 4095
"/ControlRig/Controls/ControlRig_HalfCircle_solid" 4096
"../../../Engine/Plugins/Animation/ControlRig/Content/Controls/ControlRig_RoundedSquare_solid.uasset" 4097
"/ControlRig/Controls/ControlRig_HalfCircle_3mm" 4098
"/ControlRig/Controls/ControlRig_Diamond_solid" 4099
"../../../Engine/Plugins/Animation/ControlRig/Content/Controls/ControlRig_RoundedSquare_1mm.uasset" 4100
"../../../Engine/Plugins/Animation/ControlRig/Content/Controls/ControlRig_RoundedTriangle_3mm.uasset" 4101
"/ControlRig/Controls/ControlRig_Diamond_3mm" 4102
"../../../Engine/Plugins/Animation/ControlRig/Content/Controls/ControlRig_RoundedSquare_3mm.uasset" 4103
"/ControlRig/Controls/ControlRig_Diamond_1mm" 4104
"../../../Engine/Plugins/Animation/ControlRig/Content/Controls/ControlRig_Hexagon_1mm.uasset" 4105
"/ControlRig/Controls/ControlRig_Circle_solid" 4106
"/ControlRig/Controls/ControlRig_Circle_3mm" 4107
"/ControlRig/Controls/ControlRig_Circle_1mm" 4108
"/ControlRig/Controls/ControlRig_Box_solid" 4109
"/ControlRig/Controls/ControlRig_Box_3mm" 4110
"/ControlRig/Controls/ControlRig_Box_1mm" 4111
"/ControlRig/Controls/ControlRig_Arrow_solid" 4112
"/ControlRig/Controls/ControlRig_QuarterCircle_solid" 4113
"/ControlRig/Controls/ControlRig_QuarterCircle_1mm" 4114
"/ControlRig/Controls/ControlRig_Pyramid_solid" 4115
"/ControlRig/Controls/ControlRig_Pyramid_3mm" 4116
"/ControlRig/Controls/ControlRig_Pyramid_1mm" 4117
"/ControlRig/Controls/ControlRig_Octagon_solid" 4118
"/ControlRig/Controls/ControlRig_Octagon_3mm" 4119
"/ControlRig/Controls/ControlRig_Octagon_1mm" 4120
"/ControlRig/Controls/ControlRig_Hexagon_solid" 4121
"/ControlRig/Controls/ControlRig_Hexagon_3mm" 4122
"/ControlRig/Controls/ControlRig_Sphere_1mm" 4123
"/ControlRig/Controls/ControlRig_RoundedTriangle_solid" 4124
"/ControlRig/Controls/ControlRig_RoundedTriangle_3mm" 4125
"/ControlRig/Controls/ControlRig_RoundedSquare_solid" 4126
"/ControlRig/Controls/ControlRig_RoundedSquare_3mm" 4127
"/ControlRig/Controls/ControlRig_RoundedSquare_1mm" 4128
"/ControlRig/Controls/ControlRig_Hexagon_1mm" 4129
"/ControlRig/Controls/ControlRig_HalfCircle_1mm" 4130
"/ControlRig/Controls/ControlRig_QuarterCircle_3mm" 4131
"../../../Engine/Content/Maps/Entry.umap" 4132
"../../../Engine/Plugins/Animation/ControlRig/Content/Controls/ControlRig_Star4_solid.uasset" 4133
"../../../Engine/Plugins/Animation/ControlRig/Content/Controls/ControlRig_Square_solid.uasset" 4134
"../../../Engine/Plugins/Animation/ControlRig/Content/Controls/ControlRig_Square_1mm.uasset" 4135
"../../../Engine/Content/Maps/Entry_BuiltData.uasset" 4136
"../../../Engine/Plugins/Animation/ControlRig/Content/Controls/ControlRig_Star4_1mm.uasset" 4137
"../../../Engine/Plugins/Animation/ControlRig/Content/Controls/ControlRig_Square_3mm.uasset" 4138
"../../../Engine/Plugins/Animation/ControlRig/Content/Controls/ControlRig_Star4_3mm.uasset" 4139
"../../../Engine/Plugins/Animation/ControlRig/Content/Controls/ControlRig_Wedge_3mm.uasset" 4140
"../../../Engine/Plugins/Animation/ControlRig/Content/Controls/ControlRig_Wedge_1mm.uasset" 4141
"../../../Engine/Plugins/Animation/ControlRig/Content/Controls/ControlRig_Wedge_solid.uasset" 4142
"../../../Engine/Plugins/Animation/ControlRig/Content/Controls/ControlRig_Triangle_solid.uasset" 4143
"../../../Engine/Plugins/Animation/ControlRig/Content/Controls/ControlRig_Triangle_3mm.uasset" 4144
"../../../Engine/Plugins/Animation/ControlRig/Content/Controls/ControlRig_Sphere_3mm.uasset" 4145
"../../../Engine/Plugins/Animation/ControlRig/Content/Controls/ControlRig_Triangle_1mm.uasset" 4146
"/ControlRig/Controls/ControlRig_Triangle_3mm" 4147
"/ControlRig/Controls/ControlRig_Triangle_1mm" 4148
"/ControlRig/Controls/ControlRig_Star4_solid" 4149
"/ControlRig/Controls/ControlRig_Star4_3mm" 4150
"/ControlRig/Controls/ControlRig_Star4_1mm" 4151
"/ControlRig/Controls/ControlRig_Square_solid" 4152
"/ControlRig/Controls/ControlRig_Square_3mm" 4153
"/ControlRig/Controls/ControlRig_Square_1mm" 4154
"/ControlRig/Controls/ControlRig_Sphere_3mm" 4155
"/Engine/Maps/Entry" 4156
"/ControlRig/Controls/ControlRig_Wedge_solid" 4157
"/ControlRig/Controls/ControlRig_Wedge_3mm" 4158
"/ControlRig/Controls/ControlRig_Wedge_1mm" 4159
"/ControlRig/Controls/ControlRig_Triangle_solid" 4160
"../../../Engine/Content/EditorMaterials/PreviewShadowIndicator.uasset" 4161
"../../../Engine/Content/EditorMaterials/PreviewShadowIndicatorMaterial.uasset" 4162
"../../../Engine/Content/EngineMaterials/Substrate/GLints/dict_16_192_64_0p5_0p02_0063_0007.uasset" 4163
"../../../Engine/Content/EngineMaterials/Substrate/GLints/dict_16_192_64_0p5_0p02_0063_0014.uasset" 4164
"../../../Engine/Content/EngineMaterials/Substrate/GLints/dict_16_192_64_0p5_0p02_0063_0012.uasset" 4165
"../../../Engine/Content/EngineMaterials/Substrate/GLints/dict_16_192_64_0p5_0p02_0063_0009.uasset" 4166
"../../../Engine/Content/EngineMaterials/Substrate/GLints/dict_16_192_64_0p5_0p02_0063_0004.uasset" 4167
"../../../Engine/Content/EngineMaterials/Substrate/GLints/dict_16_192_64_0p5_0p02_0063_0011.uasset" 4168
"../../../Engine/Content/EngineMaterials/Substrate/GLints/dict_16_192_64_0p5_0p02_0062_0002.uasset" 4169
"../../../Engine/Content/EngineMaterials/Substrate/GLints/dict_16_192_64_0p5_0p02_0063_0008.uasset" 4170
"../../../Engine/Content/EngineMaterials/Substrate/GLints/dict_16_192_64_0p5_0p02_0063_0001.uasset" 4171
"../../../Engine/Content/EngineMaterials/Substrate/GLints/dict_16_192_64_0p5_0p02_0063_0000.uasset" 4172
"../../../Engine/Content/EngineMaterials/Substrate/GLints/dict_16_192_64_0p5_0p02_0063_0006.uasset" 4173
"../../../Engine/Content/EngineMaterials/Substrate/GLints/dict_16_192_64_0p5_0p02_0063_0005.uasset" 4174
"../../../Engine/Content/EngineMaterials/Substrate/GLints/dict_16_192_64_0p5_0p02_0062_0009.uasset" 4175
"../../../Engine/Content/EngineMaterials/Substrate/GLints/dict_16_192_64_0p5_0p02_0062_0007.uasset" 4176
"../../../Engine/Content/EngineMaterials/Substrate/GLints/dict_16_192_64_0p5_0p02_0063_0010.uasset" 4177
"../../../Engine/Content/EngineMaterials/Substrate/GLints/dict_16_192_64_0p5_0p02_0062_0010.uasset" 4178
"../../../Engine/Content/EngineMaterials/Substrate/GLints/dict_16_192_64_0p5_0p02_0062_0008.uasset" 4179
"../../../Engine/Content/EngineMaterials/Substrate/GLints/dict_16_192_64_0p5_0p02_0063_0015.uasset" 4180
"../../../Engine/Content/EngineMaterials/Substrate/GLints/dict_16_192_64_0p5_0p02_0063_0003.uasset" 4181
"../../../Engine/Content/EngineMaterials/Substrate/GLints/dict_16_192_64_0p5_0p02_0062_0015.uasset" 4182
"../../../Engine/Content/EngineMaterials/Substrate/GLints/dict_16_192_64_0p5_0p02_0062_0012.uasset" 4183
"../../../Engine/Content/EngineMaterials/Substrate/GLints/dict_16_192_64_0p5_0p02_0062_0014.uasset" 4184
"../../../Engine/Content/EngineMaterials/Substrate/GLints/dict_16_192_64_0p5_0p02_0062_0013.uasset" 4185
"../../../Engine/Content/EngineMaterials/Substrate/GLints/dict_16_192_64_0p5_0p02_0062_0006.uasset" 4186
"../../../Engine/Content/EngineMaterials/Substrate/GLints/dict_16_192_64_0p5_0p02_0062_0003.uasset" 4187
"../../../Engine/Content/EngineMaterials/Substrate/GLints/dict_16_192_64_0p5_0p02_0063_0002.uasset" 4188
"../../../Engine/Content/EngineMaterials/Substrate/GLints/dict_16_192_64_0p5_0p02_0063_0013.uasset" 4189
"../../../Engine/Content/EngineMaterials/Substrate/GLints/dict_16_192_64_0p5_0p02_0062_0011.uasset" 4190
"../../../Engine/Content/EngineMaterials/Substrate/GLints/dict_16_192_64_0p5_0p02_0062_0005.uasset" 4191
"../../../Engine/Content/EngineMaterials/Substrate/GLints/dict_16_192_64_0p5_0p02_0062_0004.uasset" 4192
"/Engine/EditorMaterials/PreviewShadowIndicatorMaterial" 4193
"/Engine/EngineMaterials/Substrate/GLints/dict_16_192_64_0p5_0p02_0063_0003" 4194
"/Engine/EngineMaterials/Substrate/GLints/dict_16_192_64_0p5_0p02_0063_0004" 4195
"/Engine/EngineMaterials/Substrate/GLints/dict_16_192_64_0p5_0p02_0063_0005" 4196
"/Engine/EngineMaterials/Substrate/GLints/dict_16_192_64_0p5_0p02_0063_0006" 4197
"/Engine/EngineMaterials/Substrate/GLints/dict_16_192_64_0p5_0p02_0062_0002" 4198
"/Engine/EngineMaterials/Substrate/GLints/dict_16_192_64_0p5_0p02_0063_0007" 4199
"/Engine/EngineMaterials/Substrate/GLints/dict_16_192_64_0p5_0p02_0063_0008" 4200
"/Engine/EngineMaterials/Substrate/GLints/dict_16_192_64_0p5_0p02_0063_0009" 4201
"/Engine/EngineMaterials/Substrate/GLints/dict_16_192_64_0p5_0p02_0062_0003" 4202
"/Engine/EngineMaterials/Substrate/GLints/dict_16_192_64_0p5_0p02_0062_0004" 4203
"/Engine/EngineMaterials/Substrate/GLints/dict_16_192_64_0p5_0p02_0063_0010" 4204
"/Engine/EngineMaterials/Substrate/GLints/dict_16_192_64_0p5_0p02_0062_0005" 4205
"/Engine/EngineMaterials/Substrate/GLints/dict_16_192_64_0p5_0p02_0062_0006" 4206
"/Engine/EngineMaterials/Substrate/GLints/dict_16_192_64_0p5_0p02_0062_0007" 4207
"/Engine/EngineMaterials/Substrate/GLints/dict_16_192_64_0p5_0p02_0062_0008" 4208
"/Engine/EngineMaterials/Substrate/GLints/dict_16_192_64_0p5_0p02_0062_0009" 4209
"/Engine/EngineMaterials/Substrate/GLints/dict_16_192_64_0p5_0p02_0062_0010" 4210
"../../../Engine/Content/EngineMaterials/Substrate/GLints/dict_16_192_64_0p5_0p02_0062_0000.uasset" 4211
"/Engine/EngineMaterials/Substrate/GLints/dict_16_192_64_0p5_0p02_0062_0011" 4212
"/Engine/EngineMaterials/Substrate/GLints/dict_16_192_64_0p5_0p02_0062_0012" 4213
"/Engine/EngineMaterials/Substrate/GLints/dict_16_192_64_0p5_0p02_0062_0013" 4214
"/Engine/EngineMaterials/Substrate/GLints/dict_16_192_64_0p5_0p02_0062_0014" 4215
"../../../Engine/Content/EngineMaterials/Substrate/GLints/dict_16_192_64_0p5_0p02_0062_0001.uasset" 4216
"/Engine/EngineMaterials/Substrate/GLints/dict_16_192_64_0p5_0p02_0062_0015" 4217
"/Engine/EngineMaterials/Substrate/GLints/dict_16_192_64_0p5_0p02_0063_0011" 4218
"/Engine/EngineMaterials/Substrate/GLints/dict_16_192_64_0p5_0p02_0063_0000" 4219
"/Engine/EngineMaterials/Substrate/GLints/dict_16_192_64_0p5_0p02_0063_0001" 4220
"/Engine/EngineMaterials/Substrate/GLints/dict_16_192_64_0p5_0p02_0063_0002" 4221
"/Engine/EngineMaterials/Substrate/GLints/dict_16_192_64_0p5_0p02_0063_0012" 4222
"/Engine/EngineMaterials/Substrate/GLints/dict_16_192_64_0p5_0p02_0063_0013" 4223
"/Engine/EngineMaterials/Substrate/GLints/dict_16_192_64_0p5_0p02_0063_0014" 4224
"/Engine/EngineMaterials/Substrate/GLints/dict_16_192_64_0p5_0p02_0063_0015" 4225
"/Engine/EngineMaterials/Substrate/GLints/dict_16_192_64_0p5_0p02_0062_0000" 4226
"/Engine/EngineMaterials/Substrate/GLints/dict_16_192_64_0p5_0p02_0062_0001" 4227
"../../../Engine/Content/EngineMaterials/Substrate/GLints/dict_16_192_64_0p5_0p02_0061_0011.uasset" 4228
"../../../Engine/Content/EngineMaterials/Substrate/GLints/dict_16_192_64_0p5_0p02_0061_0015.uasset" 4229
"../../../Engine/Content/EngineMaterials/Substrate/GLints/dict_16_192_64_0p5_0p02_0061_0001.uasset" 4230
"../../../Engine/Content/EngineMaterials/Substrate/GLints/dict_16_192_64_0p5_0p02_0061_0013.uasset" 4231
"../../../Engine/Content/EngineMaterials/Substrate/GLints/dict_16_192_64_0p5_0p02_0061_0010.uasset" 4232
"../../../Engine/Content/EngineMaterials/Substrate/GLints/dict_16_192_64_0p5_0p02_0061_0012.uasset" 4233
"../../../Engine/Content/EngineMaterials/Substrate/GLints/dict_16_192_64_0p5_0p02_0061_0002.uasset" 4234
"../../../Engine/Content/EngineMaterials/Substrate/GLints/dict_16_192_64_0p5_0p02_0060_0008.uasset" 4235
"../../../Engine/Content/EngineMaterials/Substrate/GLints/dict_16_192_64_0p5_0p02_0060_0010.uasset" 4236
"../../../Engine/Content/EngineMaterials/Substrate/GLints/dict_16_192_64_0p5_0p02_0060_0005.uasset" 4237
"../../../Engine/Content/EngineMaterials/Substrate/GLints/dict_16_192_64_0p5_0p02_0061_0000.uasset" 4238
"../../../Engine/Content/EngineMaterials/Substrate/GLints/dict_16_192_64_0p5_0p02_0060_0014.uasset" 4239
"../../../Engine/Content/EngineMaterials/Substrate/GLints/dict_16_192_64_0p5_0p02_0060_0007.uasset" 4240
"../../../Engine/Content/EngineMaterials/Substrate/GLints/dict_16_192_64_0p5_0p02_0061_0008.uasset" 4241
"../../../Engine/Content/EngineMaterials/Substrate/GLints/dict_16_192_64_0p5_0p02_0060_0002.uasset" 4242
"../../../Engine/Content/EngineMaterials/Substrate/GLints/dict_16_192_64_0p5_0p02_0060_0004.uasset" 4243
"../../../Engine/Content/EngineMaterials/Substrate/GLints/dict_16_192_64_0p5_0p02_0060_0011.uasset" 4244
"../../../Engine/Content/EngineMaterials/Substrate/GLints/dict_16_192_64_0p5_0p02_0061_0006.uasset" 4245
"../../../Engine/Content/EngineMaterials/Substrate/GLints/dict_16_192_64_0p5_0p02_0061_0005.uasset" 4246
"../../../Engine/Content/EngineMaterials/Substrate/GLints/dict_16_192_64_0p5_0p02_0060_0006.uasset" 4247
"../../../Engine/Content/EngineMaterials/Substrate/GLints/dict_16_192_64_0p5_0p02_0061_0004.uasset" 4248
"../../../Engine/Content/EngineMaterials/Substrate/GLints/dict_16_192_64_0p5_0p02_0060_0015.uasset" 4249
"../../../Engine/Content/EngineMaterials/Substrate/GLints/dict_16_192_64_0p5_0p02_0060_0003.uasset" 4250
"../../../Engine/Content/EngineMaterials/Substrate/GLints/dict_16_192_64_0p5_0p02_0060_0013.uasset" 4251
"../../../Engine/Content/EngineMaterials/Substrate/GLints/dict_16_192_64_0p5_0p02_0060_0012.uasset" 4252
"../../../Engine/Content/EngineMaterials/Substrate/GLints/dict_16_192_64_0p5_0p02_0061_0014.uasset" 4253
"../../../Engine/Content/EngineMaterials/Substrate/GLints/dict_16_192_64_0p5_0p02_0061_0003.uasset" 4254
"../../../Engine/Content/EngineMaterials/Substrate/GLints/dict_16_192_64_0p5_0p02_0060_0009.uasset" 4255
"../../../Engine/Content/EngineMaterials/Substrate/GLints/dict_16_192_64_0p5_0p02_0060_0001.uasset" 4256
"../../../Engine/Content/EngineMaterials/Substrate/GLints/dict_16_192_64_0p5_0p02_0060_0000.uasset" 4257
"../../../Engine/Content/EngineMaterials/Substrate/GLints/dict_16_192_64_0p5_0p02_0061_0009.uasset" 4258
"../../../Engine/Content/EngineMaterials/Substrate/GLints/dict_16_192_64_0p5_0p02_0061_0007.uasset" 4259
"/Engine/EngineMaterials/Substrate/GLints/dict_16_192_64_0p5_0p02_0060_0002" 4260
"/Engine/EngineMaterials/Substrate/GLints/dict_16_192_64_0p5_0p02_0060_0003" 4261
"/Engine/EngineMaterials/Substrate/GLints/dict_16_192_64_0p5_0p02_0060_0004" 4262
"/Engine/EngineMaterials/Substrate/GLints/dict_16_192_64_0p5_0p02_0060_0005" 4263
"/Engine/EngineMaterials/Substrate/GLints/dict_16_192_64_0p5_0p02_0060_0006" 4264
"/Engine/EngineMaterials/Substrate/GLints/dict_16_192_64_0p5_0p02_0060_0007" 4265
"/Engine/EngineMaterials/Substrate/GLints/dict_16_192_64_0p5_0p02_0060_0008" 4266
"/Engine/EngineMaterials/Substrate/GLints/dict_16_192_64_0p5_0p02_0060_0009" 4267
"/Engine/EngineMaterials/Substrate/GLints/dict_16_192_64_0p5_0p02_0060_0010" 4268
"/Engine/EngineMaterials/Substrate/GLints/dict_16_192_64_0p5_0p02_0060_0011" 4269
"/Engine/EngineMaterials/Substrate/GLints/dict_16_192_64_0p5_0p02_0060_0012" 4270
"/Engine/EngineMaterials/Substrate/GLints/dict_16_192_64_0p5_0p02_0060_0013" 4271
"/Engine/EngineMaterials/Substrate/GLints/dict_16_192_64_0p5_0p02_0060_0014" 4272
"/Engine/EngineMaterials/Substrate/GLints/dict_16_192_64_0p5_0p02_0060_0015" 4273
"/Engine/EngineMaterials/Substrate/GLints/dict_16_192_64_0p5_0p02_0061_0000" 4274
"/Engine/EngineMaterials/Substrate/GLints/dict_16_192_64_0p5_0p02_0061_0001" 4275
"/Engine/EngineMaterials/Substrate/GLints/dict_16_192_64_0p5_0p02_0061_0002" 4276
"/Engine/EngineMaterials/Substrate/GLints/dict_16_192_64_0p5_0p02_0061_0003" 4277
"/Engine/EngineMaterials/Substrate/GLints/dict_16_192_64_0p5_0p02_0061_0004" 4278
"/Engine/EngineMaterials/Substrate/GLints/dict_16_192_64_0p5_0p02_0061_0005" 4279
"/Engine/EngineMaterials/Substrate/GLints/dict_16_192_64_0p5_0p02_0061_0006" 4280
"/Engine/EngineMaterials/Substrate/GLints/dict_16_192_64_0p5_0p02_0061_0007" 4281
"/Engine/EngineMaterials/Substrate/GLints/dict_16_192_64_0p5_0p02_0061_0008" 4282
"/Engine/EngineMaterials/Substrate/GLints/dict_16_192_64_0p5_0p02_0061_0009" 4283
"/Engine/EngineMaterials/Substrate/GLints/dict_16_192_64_0p5_0p02_0061_0010" 4284
"/Engine/EngineMaterials/Substrate/GLints/dict_16_192_64_0p5_0p02_0061_0011" 4285
"/Engine/EngineMaterials/Substrate/GLints/dict_16_192_64_0p5_0p02_0061_0012" 4286
"/Engine/EngineMaterials/Substrate/GLints/dict_16_192_64_0p5_0p02_0061_0013" 4287
"/Engine/EngineMaterials/Substrate/GLints/dict_16_192_64_0p5_0p02_0061_0014" 4288
"/Engine/EngineMaterials/Substrate/GLints/dict_16_192_64_0p5_0p02_0061_0015" 4289
"/Engine/EngineMaterials/Substrate/GLints/dict_16_192_64_0p5_0p02_0060_0000" 4290
"/Engine/EngineMaterials/Substrate/GLints/dict_16_192_64_0p5_0p02_0060_0001" 4291
"../../../Engine/Content/EngineMaterials/Substrate/GLints/dict_16_192_64_0p5_0p02_0059_0008.uasset" 4292
"../../../Engine/Content/EngineMaterials/Substrate/GLints/dict_16_192_64_0p5_0p02_0059_0014.uasset" 4293
"../../../Engine/Content/EngineMaterials/Substrate/GLints/dict_16_192_64_0p5_0p02_0059_0011.uasset" 4294
"../../../Engine/Content/EngineMaterials/Substrate/GLints/dict_16_192_64_0p5_0p02_0059_0015.uasset" 4295
"../../../Engine/Content/EngineMaterials/Substrate/GLints/dict_16_192_64_0p5_0p02_0059_0010.uasset" 4296
"../../../Engine/Content/EngineMaterials/Substrate/GLints/dict_16_192_64_0p5_0p02_0059_0013.uasset" 4297
"../../../Engine/Content/EngineMaterials/Substrate/GLints/dict_16_192_64_0p5_0p02_0059_0003.uasset" 4298
"../../../Engine/Content/EngineMaterials/Substrate/GLints/dict_16_192_64_0p5_0p02_0058_0007.uasset" 4299
"../../../Engine/Content/EngineMaterials/Substrate/GLints/dict_16_192_64_0p5_0p02_0058_0003.uasset" 4300
"../../../Engine/Content/EngineMaterials/Substrate/GLints/dict_16_192_64_0p5_0p02_0058_0014.uasset" 4301
"../../../Engine/Content/EngineMaterials/Substrate/GLints/dict_16_192_64_0p5_0p02_0059_0006.uasset" 4302
"../../../Engine/Content/EngineMaterials/Substrate/GLints/dict_16_192_64_0p5_0p02_0058_0015.uasset" 4303
"../../../Engine/Content/EngineMaterials/Substrate/GLints/dict_16_192_64_0p5_0p02_0058_0010.uasset" 4304
"../../../Engine/Content/EngineMaterials/Substrate/GLints/dict_16_192_64_0p5_0p02_0058_0002.uasset" 4305
"../../../Engine/Content/EngineMaterials/Substrate/GLints/dict_16_192_64_0p5_0p02_0059_0004.uasset" 4306
"../../../Engine/Content/EngineMaterials/Substrate/GLints/dict_16_192_64_0p5_0p02_0059_0009.uasset" 4307
"../../../Engine/Content/EngineMaterials/Substrate/GLints/dict_16_192_64_0p5_0p02_0058_0006.uasset" 4308
"../../../Engine/Content/EngineMaterials/Substrate/GLints/dict_16_192_64_0p5_0p02_0059_0002.uasset" 4309
"../../../Engine/Content/EngineMaterials/Substrate/GLints/dict_16_192_64_0p5_0p02_0058_0008.uasset" 4310
"../../../Engine/Content/EngineMaterials/Substrate/GLints/dict_16_192_64_0p5_0p02_0059_0000.uasset" 4311
"../../../Engine/Content/EngineMaterials/Substrate/GLints/dict_16_192_64_0p5_0p02_0059_0007.uasset" 4312
"../../../Engine/Content/EngineMaterials/Substrate/GLints/dict_16_192_64_0p5_0p02_0059_0005.uasset" 4313
"../../../Engine/Content/EngineMaterials/Substrate/GLints/dict_16_192_64_0p5_0p02_0058_0004.uasset" 4314
"../../../Engine/Content/EngineMaterials/Substrate/GLints/dict_16_192_64_0p5_0p02_0058_0009.uasset" 4315
"../../../Engine/Content/EngineMaterials/Substrate/GLints/dict_16_192_64_0p5_0p02_0059_0001.uasset" 4316
"../../../Engine/Content/EngineMaterials/Substrate/GLints/dict_16_192_64_0p5_0p02_0059_0012.uasset" 4317
"../../../Engine/Content/EngineMaterials/Substrate/GLints/dict_16_192_64_0p5_0p02_0058_0012.uasset" 4318
"../../../Engine/Content/EngineMaterials/Substrate/GLints/dict_16_192_64_0p5_0p02_0058_0011.uasset" 4319
"../../../Engine/Content/EngineMaterials/Substrate/GLints/dict_16_192_64_0p5_0p02_0058_0013.uasset" 4320
"../../../Engine/Content/EngineMaterials/Substrate/GLints/dict_16_192_64_0p5_0p02_0058_0005.uasset" 4321
"../../../Engine/Content/EngineMaterials/Substrate/GLints/dict_16_192_64_0p5_0p02_0058_0000.uasset" 4322
"../../../Engine/Content/EngineMaterials/Substrate/GLints/dict_16_192_64_0p5_0p02_0058_0001.uasset" 4323
"../../../Engine/Plugins/Animation/DeformerGraph/Shaders/Private/DataInterfaceCustomComputeKernel.ush" 4324
"../../../Engine/Plugins/Animation/DeformerGraph/Shaders/Private/DataInterfaceCloth.ush" 4325
"../../../Engine/Plugins/Animation/DeformerGraph/Shaders/Private/DataInterfaceSkinnedMeshRead.ush" 4326
"../../../Engine/Plugins/Animation/DeformerGraph/Shaders/Private/DataInterfaceSkeleton.ush" 4327
"../../../Engine/Plugins/Animation/DeformerGraph/Shaders/Private/DataInterfaceSkeletonCommon.ush" 4328
"../../../Engine/Plugins/Animation/DeformerGraph/Shaders/Private/DataInterfaceMorphTarget.ush" 4329
"../../../Engine/Plugins/Animation/DeformerGraph/Shaders/Private/DataInterfaceSkinnedMeshWrite.ush" 4330
"../../../Engine/Plugins/Animation/DeformerGraph/Shaders/Private/DataInterfaceRawBuffer.ush" 4331
"../../../Engine/Plugins/Runtime/ComputeFramework/Shaders/Private/BufferAlias.ush" 4332
"../../../Engine/Plugins/Animation/DeformerGraph/Shaders/Private/DataInterfaceSkinnedMesh.ush" 4333
"../../../Engine/Plugins/Animation/DeformerGraph/Shaders/Private/DataInterfaceHalfEdge.ush" 4334
"/Engine/EngineMaterials/Substrate/GLints/dict_16_192_64_0p5_0p02_0058_0000" 4335
"/Engine/EngineMaterials/Substrate/GLints/dict_16_192_64_0p5_0p02_0058_0001" 4336
"/Engine/EngineMaterials/Substrate/GLints/dict_16_192_64_0p5_0p02_0058_0002" 4337
"/Engine/EngineMaterials/Substrate/GLints/dict_16_192_64_0p5_0p02_0058_0003" 4338
"/Engine/EngineMaterials/Substrate/GLints/dict_16_192_64_0p5_0p02_0058_0004" 4339
"/Engine/EngineMaterials/Substrate/GLints/dict_16_192_64_0p5_0p02_0058_0005" 4340
"/Engine/EngineMaterials/Substrate/GLints/dict_16_192_64_0p5_0p02_0058_0006" 4341
"/Engine/EngineMaterials/Substrate/GLints/dict_16_192_64_0p5_0p02_0058_0007" 4342
"/Engine/EngineMaterials/Substrate/GLints/dict_16_192_64_0p5_0p02_0058_0008" 4343
"/Engine/EngineMaterials/Substrate/GLints/dict_16_192_64_0p5_0p02_0058_0009" 4344
"/Engine/EngineMaterials/Substrate/GLints/dict_16_192_64_0p5_0p02_0058_0010" 4345
"/Engine/EngineMaterials/Substrate/GLints/dict_16_192_64_0p5_0p02_0058_0011" 4346
"/Engine/EngineMaterials/Substrate/GLints/dict_16_192_64_0p5_0p02_0058_0012" 4347
"/Engine/EngineMaterials/Substrate/GLints/dict_16_192_64_0p5_0p02_0058_0013" 4348
"/Engine/EngineMaterials/Substrate/GLints/dict_16_192_64_0p5_0p02_0058_0014" 4349
"/Engine/EngineMaterials/Substrate/GLints/dict_16_192_64_0p5_0p02_0058_0015" 4350
"/Engine/EngineMaterials/Substrate/GLints/dict_16_192_64_0p5_0p02_0059_0000" 4351
"/Engine/EngineMaterials/Substrate/GLints/dict_16_192_64_0p5_0p02_0059_0001" 4352
"/Engine/EngineMaterials/Substrate/GLints/dict_16_192_64_0p5_0p02_0059_0002" 4353
"/Engine/EngineMaterials/Substrate/GLints/dict_16_192_64_0p5_0p02_0059_0003" 4354
"/Engine/EngineMaterials/Substrate/GLints/dict_16_192_64_0p5_0p02_0059_0004" 4355
"/Engine/EngineMaterials/Substrate/GLints/dict_16_192_64_0p5_0p02_0059_0005" 4356
"/Engine/EngineMaterials/Substrate/GLints/dict_16_192_64_0p5_0p02_0059_0006" 4357
"/Engine/EngineMaterials/Substrate/GLints/dict_16_192_64_0p5_0p02_0059_0007" 4358
"/Engine/EngineMaterials/Substrate/GLints/dict_16_192_64_0p5_0p02_0059_0008" 4359
"/Engine/EngineMaterials/Substrate/GLints/dict_16_192_64_0p5_0p02_0059_0009" 4360
"/Engine/EngineMaterials/Substrate/GLints/dict_16_192_64_0p5_0p02_0059_0010" 4361
"/Engine/EngineMaterials/Substrate/GLints/dict_16_192_64_0p5_0p02_0059_0011" 4362
"/Engine/EngineMaterials/Substrate/GLints/dict_16_192_64_0p5_0p02_0059_0012" 4363
"/Engine/EngineMaterials/Substrate/GLints/dict_16_192_64_0p5_0p02_0059_0013" 4364
"/Engine/EngineMaterials/Substrate/GLints/dict_16_192_64_0p5_0p02_0059_0014" 4365
"/Engine/EngineMaterials/Substrate/GLints/dict_16_192_64_0p5_0p02_0059_0015" 4366
"../../../Engine/Content/EngineMaterials/Substrate/GLints/dict_16_192_64_0p5_0p02_0057_0003.uasset" 4367
"../../../Engine/Content/EngineMaterials/Substrate/GLints/dict_16_192_64_0p5_0p02_0056_0015.uasset" 4368
"../../../Engine/Content/EngineMaterials/Substrate/GLints/dict_16_192_64_0p5_0p02_0057_0015.uasset" 4369
"../../../Engine/Content/EngineMaterials/Substrate/GLints/dict_16_192_64_0p5_0p02_0057_0011.uasset" 4370
"../../../Engine/Content/EngineMaterials/Substrate/GLints/dict_16_192_64_0p5_0p02_0057_0002.uasset" 4371
"../../../Engine/Content/EngineMaterials/Substrate/GLints/dict_16_192_64_0p5_0p02_0057_0009.uasset" 4372
"../../../Engine/Content/EngineMaterials/Substrate/GLints/dict_16_192_64_0p5_0p02_0057_0008.uasset" 4373
"../../../Engine/Content/EngineMaterials/Substrate/GLints/dict_16_192_64_0p5_0p02_0056_0013.uasset" 4374
"../../../Engine/Content/EngineMaterials/Substrate/GLints/dict_16_192_64_0p5_0p02_0057_0007.uasset" 4375
"../../../Engine/Content/EngineMaterials/Substrate/GLints/dict_16_192_64_0p5_0p02_0057_0013.uasset" 4376
"../../../Engine/Content/EngineMaterials/Substrate/GLints/dict_16_192_64_0p5_0p02_0057_0006.uasset" 4377
"/Engine/EngineMaterials/Substrate/GLints/dict_16_192_64_0p5_0p02_0056_0013" 4378
"../../../Engine/Content/EngineMaterials/Substrate/GLints/dict_16_192_64_0p5_0p02_0057_0010.uasset" 4379
"../../../Engine/Content/EngineMaterials/Substrate/GLints/dict_16_192_64_0p5_0p02_0057_0005.uasset" 4380
"../../../Engine/Content/EngineMaterials/Substrate/GLints/dict_16_192_64_0p5_0p02_0057_0004.uasset" 4381
"../../../Engine/Content/EngineMaterials/Substrate/GLints/dict_16_192_64_0p5_0p02_0057_0001.uasset" 4382
"/Engine/EngineMaterials/Substrate/GLints/dict_16_192_64_0p5_0p02_0056_0015" 4383
"../../../Engine/Content/EngineMaterials/Substrate/GLints/dict_16_192_64_0p5_0p02_0057_0000.uasset" 4384
"../../../Engine/Content/EngineMaterials/Substrate/GLints/dict_16_192_64_0p5_0p02_0057_0012.uasset" 4385
"../../../Engine/Content/EngineMaterials/Substrate/GLints/dict_16_192_64_0p5_0p02_0056_0012.uasset" 4386
"/Engine/EngineMaterials/Substrate/GLints/dict_16_192_64_0p5_0p02_0057_0002" 4387
"../../../Engine/Content/EngineMaterials/Substrate/GLints/dict_16_192_64_0p5_0p02_0056_0011.uasset" 4388
"/Engine/EngineMaterials/Substrate/GLints/dict_16_192_64_0p5_0p02_0057_0003" 4389
"../../../Engine/Content/EngineMaterials/Substrate/GLints/dict_16_192_64_0p5_0p02_0057_0014.uasset" 4390
"/Engine/EngineMaterials/Substrate/GLints/dict_16_192_64_0p5_0p02_0057_0008" 4391
"../../../Engine/Content/EngineMaterials/Substrate/GLints/dict_16_192_64_0p5_0p02_0056_0010.uasset" 4392
"../../../Engine/Content/EngineMaterials/Substrate/GLints/dict_16_192_64_0p5_0p02_0056_0014.uasset" 4393
"/Engine/EngineMaterials/Substrate/GLints/dict_16_192_64_0p5_0p02_0057_0009" 4394
"/Engine/EngineMaterials/Substrate/GLints/dict_16_192_64_0p5_0p02_0057_0011" 4395
"/Engine/EngineMaterials/Substrate/GLints/dict_16_192_64_0p5_0p02_0057_0015" 4396
"/Engine/EngineMaterials/Substrate/GLints/dict_16_192_64_0p5_0p02_0056_0010" 4397
"/Engine/EngineMaterials/Substrate/GLints/dict_16_192_64_0p5_0p02_0056_0011" 4398
"/Engine/EngineMaterials/Substrate/GLints/dict_16_192_64_0p5_0p02_0056_0012" 4399
"/Engine/EngineMaterials/Substrate/GLints/dict_16_192_64_0p5_0p02_0056_0014" 4400
"../../../Engine/Content/EngineMaterials/Substrate/GLints/dict_16_192_64_0p5_0p02_0056_0009.uasset" 4401
"/Engine/EngineMaterials/Substrate/GLints/dict_16_192_64_0p5_0p02_0057_0000" 4402
"/Engine/EngineMaterials/Substrate/GLints/dict_16_192_64_0p5_0p02_0057_0001" 4403
"/Engine/EngineMaterials/Substrate/GLints/dict_16_192_64_0p5_0p02_0057_0004" 4404
"/Engine/EngineMaterials/Substrate/GLints/dict_16_192_64_0p5_0p02_0057_0005" 4405
"../../../Engine/Content/EngineMaterials/Substrate/GLints/dict_16_192_64_0p5_0p02_0056_0002.uasset" 4406
"/Engine/EngineMaterials/Substrate/GLints/dict_16_192_64_0p5_0p02_0057_0006" 4407
"../../../Engine/Content/EngineMaterials/Substrate/GLints/dict_16_192_64_0p5_0p02_0056_0006.uasset" 4408
"../../../Engine/Content/EngineMaterials/Substrate/GLints/dict_16_192_64_0p5_0p02_0056_0001.uasset" 4409
"/Engine/EngineMaterials/Substrate/GLints/dict_16_192_64_0p5_0p02_0057_0007" 4410
"/Engine/EngineMaterials/Substrate/GLints/dict_16_192_64_0p5_0p02_0057_0010" 4411
"../../../Engine/Content/EngineMaterials/Substrate/GLints/dict_16_192_64_0p5_0p02_0056_0008.uasset" 4412
"../../../Engine/Content/EngineMaterials/Substrate/GLints/dict_16_192_64_0p5_0p02_0056_0000.uasset" 4413
"../../../Engine/Content/EngineMaterials/Substrate/GLints/dict_16_192_64_0p5_0p02_0056_0005.uasset" 4414
"../../../Engine/Content/EngineMaterials/Substrate/GLints/dict_16_192_64_0p5_0p02_0056_0004.uasset" 4415
"../../../Engine/Content/EngineMaterials/Substrate/GLints/dict_16_192_64_0p5_0p02_0056_0007.uasset" 4416
"/Engine/EngineMaterials/Substrate/GLints/dict_16_192_64_0p5_0p02_0057_0012" 4417
"../../../Engine/Content/EngineMaterials/Substrate/GLints/dict_16_192_64_0p5_0p02_0056_0003.uasset" 4418
"/Engine/EngineMaterials/Substrate/GLints/dict_16_192_64_0p5_0p02_0057_0013" 4419
"/Engine/EngineMaterials/Substrate/GLints/dict_16_192_64_0p5_0p02_0057_0014" 4420
"/Engine/EngineMaterials/Substrate/GLints/dict_16_192_64_0p5_0p02_0056_0000" 4421
"/Engine/EngineMaterials/Substrate/GLints/dict_16_192_64_0p5_0p02_0056_0001" 4422
"../../../Engine/Content/EngineMaterials/Substrate/GLints/dict_16_192_64_0p5_0p02_0055_0012.uasset" 4423
"../../../Engine/Content/EngineMaterials/Substrate/GLints/dict_16_192_64_0p5_0p02_0055_0015.uasset" 4424
"../../../Engine/Content/EngineMaterials/Substrate/GLints/dict_16_192_64_0p5_0p02_0055_0010.uasset" 4425
"/Engine/EngineMaterials/Substrate/GLints/dict_16_192_64_0p5_0p02_0056_0002" 4426
"/Engine/EngineMaterials/Substrate/GLints/dict_16_192_64_0p5_0p02_0056_0003" 4427
"../../../Engine/Content/EngineMaterials/Substrate/GLints/dict_16_192_64_0p5_0p02_0055_0009.uasset" 4428
"/Engine/EngineMaterials/Substrate/GLints/dict_16_192_64_0p5_0p02_0056_0004" 4429
"../../../Engine/Content/EngineMaterials/Substrate/GLints/dict_16_192_64_0p5_0p02_0055_0014.uasset" 4430
"/Engine/EngineMaterials/Substrate/GLints/dict_16_192_64_0p5_0p02_0056_0005" 4431
"../../../Engine/Content/EngineMaterials/Substrate/GLints/dict_16_192_64_0p5_0p02_0055_0011.uasset" 4432
"/Engine/EngineMaterials/Substrate/GLints/dict_16_192_64_0p5_0p02_0056_0006" 4433
"/Engine/EngineMaterials/Substrate/GLints/dict_16_192_64_0p5_0p02_0056_0007" 4434
"../../../Engine/Content/EngineMaterials/Substrate/GLints/dict_16_192_64_0p5_0p02_0055_0013.uasset" 4435
"/Engine/EngineMaterials/Substrate/GLints/dict_16_192_64_0p5_0p02_0056_0008" 4436
"../../../Engine/Content/EngineMaterials/Substrate/GLints/dict_16_192_64_0p5_0p02_0055_0008.uasset" 4437
"/Engine/EngineMaterials/Substrate/GLints/dict_16_192_64_0p5_0p02_0056_0009" 4438
"/Engine/EngineMaterials/Substrate/GLints/dict_16_192_64_0p5_0p02_0055_0008" 4439
"/Engine/EngineMaterials/Substrate/GLints/dict_16_192_64_0p5_0p02_0055_0009" 4440
"/Engine/EngineMaterials/Substrate/GLints/dict_16_192_64_0p5_0p02_0055_0010" 4441
"/Engine/EngineMaterials/Substrate/GLints/dict_16_192_64_0p5_0p02_0055_0011" 4442
"/Engine/EngineMaterials/Substrate/GLints/dict_16_192_64_0p5_0p02_0055_0012" 4443
"/Engine/EngineMaterials/Substrate/GLints/dict_16_192_64_0p5_0p02_0055_0013" 4444
"/Engine/EngineMaterials/Substrate/GLints/dict_16_192_64_0p5_0p02_0055_0014" 4445
"../../../Engine/Content/EngineMaterials/Substrate/GLints/dict_16_192_64_0p5_0p02_0055_0007.uasset" 4446
"../../../Engine/Content/EngineMaterials/Substrate/GLints/dict_16_192_64_0p5_0p02_0055_0005.uasset" 4447
"../../../Engine/Content/EngineMaterials/Substrate/GLints/dict_16_192_64_0p5_0p02_0055_0003.uasset" 4448
"/Engine/EngineMaterials/Substrate/GLints/dict_16_192_64_0p5_0p02_0055_0015" 4449
"../../../Engine/Content/EngineMaterials/Substrate/GLints/dict_16_192_64_0p5_0p02_0055_0000.uasset" 4450
"/Engine/EngineMaterials/Substrate/GLints/dict_16_192_64_0p5_0p02_0055_0003" 4451
"../../../Engine/Content/EngineMaterials/Substrate/GLints/dict_16_192_64_0p5_0p02_0055_0002.uasset" 4452
"../../../Engine/Content/EngineMaterials/Substrate/GLints/dict_16_192_64_0p5_0p02_0054_0014.uasset" 4453
"/Engine/EngineMaterials/Substrate/GLints/dict_16_192_64_0p5_0p02_0055_0005" 4454
"../../../Engine/Content/EngineMaterials/Substrate/GLints/dict_16_192_64_0p5_0p02_0054_0012.uasset" 4455
"../../../Engine/Content/EngineMaterials/Substrate/GLints/dict_16_192_64_0p5_0p02_0054_0011.uasset" 4456
"../../../Engine/Content/EngineMaterials/Substrate/GLints/dict_16_192_64_0p5_0p02_0055_0004.uasset" 4457
"../../../Engine/Content/EngineMaterials/Substrate/GLints/dict_16_192_64_0p5_0p02_0054_0015.uasset" 4458
"/Engine/EngineMaterials/Substrate/GLints/dict_16_192_64_0p5_0p02_0055_0007" 4459
"/Engine/EngineMaterials/Substrate/GLints/dict_16_192_64_0p5_0p02_0054_0011" 4460
"/Engine/EngineMaterials/Substrate/GLints/dict_16_192_64_0p5_0p02_0054_0012" 4461
"../../../Engine/Content/EngineMaterials/Substrate/GLints/dict_16_192_64_0p5_0p02_0055_0001.uasset" 4462
"../../../Engine/Content/EngineMaterials/Substrate/GLints/dict_16_192_64_0p5_0p02_0055_0006.uasset" 4463
"/Engine/EngineMaterials/Substrate/GLints/dict_16_192_64_0p5_0p02_0054_0014" 4464
"/Engine/EngineMaterials/Substrate/GLints/dict_16_192_64_0p5_0p02_0054_0015" 4465
"../../../Engine/Content/EngineMaterials/Substrate/GLints/dict_16_192_64_0p5_0p02_0054_0010.uasset" 4466
"/Engine/EngineMaterials/Substrate/GLints/dict_16_192_64_0p5_0p02_0055_0000" 4467
"../../../Engine/Content/EngineMaterials/Substrate/GLints/dict_16_192_64_0p5_0p02_0054_0013.uasset" 4468
"../../../Engine/Content/EngineMaterials/Substrate/GLints/dict_16_192_64_0p5_0p02_0054_0009.uasset" 4469
"/Engine/EngineMaterials/Substrate/GLints/dict_16_192_64_0p5_0p02_0055_0002" 4470
"/Engine/EngineMaterials/Substrate/GLints/dict_16_192_64_0p5_0p02_0055_0004" 4471
"../../../Engine/Content/EngineMaterials/Substrate/GLints/dict_16_192_64_0p5_0p02_0054_0006.uasset" 4472
"../../../Engine/Content/EngineMaterials/Substrate/GLints/dict_16_192_64_0p5_0p02_0054_0008.uasset" 4473
"../../../Engine/Content/EngineMaterials/Substrate/GLints/dict_16_192_64_0p5_0p02_0054_0001.uasset" 4474
"../../../Engine/Content/EngineMaterials/Substrate/GLints/dict_16_192_64_0p5_0p02_0054_0004.uasset" 4475
"../../../Engine/Content/EngineMaterials/Substrate/GLints/dict_16_192_64_0p5_0p02_0054_0007.uasset" 4476
"/Engine/EngineMaterials/Substrate/GLints/dict_16_192_64_0p5_0p02_0054_0001" 4477
"../../../Engine/Content/EngineMaterials/Substrate/GLints/dict_16_192_64_0p5_0p02_0054_0002.uasset" 4478
"/Engine/EngineMaterials/Substrate/GLints/dict_16_192_64_0p5_0p02_0054_0006" 4479
"/Engine/EngineMaterials/Substrate/GLints/dict_16_192_64_0p5_0p02_0054_0008" 4480
"/Engine/EngineMaterials/Substrate/GLints/dict_16_192_64_0p5_0p02_0054_0009" 4481
"/Engine/EngineMaterials/Substrate/GLints/dict_16_192_64_0p5_0p02_0054_0010" 4482
"../../../Engine/Content/EngineMaterials/Substrate/GLints/dict_16_192_64_0p5_0p02_0054_0005.uasset" 4483
"/Engine/EngineMaterials/Substrate/GLints/dict_16_192_64_0p5_0p02_0054_0013" 4484
"../../../Engine/Content/EngineMaterials/Substrate/GLints/dict_16_192_64_0p5_0p02_0054_0000.uasset" 4485
"/Engine/EngineMaterials/Substrate/GLints/dict_16_192_64_0p5_0p02_0055_0001" 4486
"../../../Engine/Content/EngineMaterials/Substrate/GLints/dict_16_192_64_0p5_0p02_0054_0003.uasset" 4487
"/Engine/EngineMaterials/Substrate/GLints/dict_16_192_64_0p5_0p02_0055_0006" 4488
"/Engine/EngineMaterials/Substrate/GLints/dict_16_192_64_0p5_0p02_0054_0000" 4489
"../../../Engine/Content/EngineMaterials/Substrate/GLints/dict_16_192_64_0p5_0p02_0053_0011.uasset" 4490
"../../../Engine/Content/EngineMaterials/Substrate/GLints/dict_16_192_64_0p5_0p02_0053_0015.uasset" 4491
"/Engine/EngineMaterials/Substrate/GLints/dict_16_192_64_0p5_0p02_0054_0002" 4492
"../../../Engine/Content/EngineMaterials/Substrate/GLints/dict_16_192_64_0p5_0p02_0053_0007.uasset" 4493
"/Engine/EngineMaterials/Substrate/GLints/dict_16_192_64_0p5_0p02_0054_0003" 4494
"/Engine/EngineMaterials/Substrate/GLints/dict_16_192_64_0p5_0p02_0054_0004" 4495
"../../../Engine/Content/EngineMaterials/Substrate/GLints/dict_16_192_64_0p5_0p02_0053_0013.uasset" 4496
"../../../Engine/Content/EngineMaterials/Substrate/GLints/dict_16_192_64_0p5_0p02_0053_0006.uasset" 4497
"../../../Engine/Content/EngineMaterials/Substrate/GLints/dict_16_192_64_0p5_0p02_0053_0008.uasset" 4498
"/Engine/EngineMaterials/Substrate/GLints/dict_16_192_64_0p5_0p02_0054_0005" 4499
"../../../Engine/Content/EngineMaterials/Substrate/GLints/dict_16_192_64_0p5_0p02_0053_0009.uasset" 4500
"../../../Engine/Content/EngineMaterials/Substrate/GLints/dict_16_192_64_0p5_0p02_0053_0014.uasset" 4501
"/Engine/EngineMaterials/Substrate/GLints/dict_16_192_64_0p5_0p02_0054_0007" 4502
"../../../Engine/Content/EngineMaterials/Substrate/GLints/dict_16_192_64_0p5_0p02_0053_0012.uasset" 4503
"/Engine/EngineMaterials/Substrate/GLints/dict_16_192_64_0p5_0p02_0053_0008" 4504
"../../../Engine/Content/EngineMaterials/Substrate/GLints/dict_16_192_64_0p5_0p02_0053_0005.uasset" 4505
"/Engine/EngineMaterials/Substrate/GLints/dict_16_192_64_0p5_0p02_0053_0009" 4506
"/Engine/EngineMaterials/Substrate/GLints/dict_16_192_64_0p5_0p02_0053_0011" 4507
"/Engine/EngineMaterials/Substrate/GLints/dict_16_192_64_0p5_0p02_0053_0012" 4508
"../../../Engine/Content/EngineMaterials/Substrate/GLints/dict_16_192_64_0p5_0p02_0053_0004.uasset" 4509
"/Engine/EngineMaterials/Substrate/GLints/dict_16_192_64_0p5_0p02_0053_0013" 4510
"../../../Engine/Content/EngineMaterials/Substrate/GLints/dict_16_192_64_0p5_0p02_0053_0001.uasset" 4511
"../../../Engine/Content/EngineMaterials/Substrate/GLints/dict_16_192_64_0p5_0p02_0053_0010.uasset" 4512
"../../../Engine/Content/EngineMaterials/Substrate/GLints/dict_16_192_64_0p5_0p02_0052_0015.uasset" 4513
"/Engine/EngineMaterials/Substrate/GLints/dict_16_192_64_0p5_0p02_0053_0014" 4514
"../../../Engine/Content/EngineMaterials/Substrate/GLints/dict_16_192_64_0p5_0p02_0053_0002.uasset" 4515
"/Engine/EngineMaterials/Substrate/GLints/dict_16_192_64_0p5_0p02_0053_0006" 4516
"../../../Engine/Content/EngineMaterials/Substrate/GLints/dict_16_192_64_0p5_0p02_0052_0014.uasset" 4517
"../../../Engine/Content/EngineMaterials/Substrate/GLints/dict_16_192_64_0p5_0p02_0053_0000.uasset" 4518
"/Engine/EngineMaterials/Substrate/GLints/dict_16_192_64_0p5_0p02_0053_0007" 4519
"/Engine/EngineMaterials/Substrate/GLints/dict_16_192_64_0p5_0p02_0053_0015" 4520
"../../../Engine/Content/EngineMaterials/Substrate/GLints/dict_16_192_64_0p5_0p02_0053_0003.uasset" 4521
"/Engine/EngineMaterials/Substrate/GLints/dict_16_192_64_0p5_0p02_0052_0014" 4522
"../../../Engine/Content/EngineMaterials/Substrate/GLints/dict_16_192_64_0p5_0p02_0052_0006.uasset" 4523
"/Engine/EngineMaterials/Substrate/GLints/dict_16_192_64_0p5_0p02_0052_0015" 4524
"../../../Engine/Content/EngineMaterials/Substrate/GLints/dict_16_192_64_0p5_0p02_0052_0008.uasset" 4525
"/Engine/EngineMaterials/Substrate/GLints/dict_16_192_64_0p5_0p02_0053_0000" 4526
"../../../Engine/Content/EngineMaterials/Substrate/GLints/dict_16_192_64_0p5_0p02_0052_0007.uasset" 4527
"/Engine/EngineMaterials/Substrate/GLints/dict_16_192_64_0p5_0p02_0053_0001" 4528
"../../../Engine/Content/EngineMaterials/Substrate/GLints/dict_16_192_64_0p5_0p02_0052_0009.uasset" 4529
"../../../Engine/Content/EngineMaterials/Substrate/GLints/dict_16_192_64_0p5_0p02_0052_0013.uasset" 4530
"/Engine/EngineMaterials/Substrate/GLints/dict_16_192_64_0p5_0p02_0053_0010" 4531
"../../../Engine/Content/EngineMaterials/Substrate/GLints/dict_16_192_64_0p5_0p02_0052_0011.uasset" 4532
"../../../Engine/Content/EngineMaterials/Substrate/GLints/dict_16_192_64_0p5_0p02_0052_0001.uasset" 4533
"/Engine/EngineMaterials/Substrate/GLints/dict_16_192_64_0p5_0p02_0053_0002" 4534
"../../../Engine/Content/EngineMaterials/Substrate/GLints/dict_16_192_64_0p5_0p02_0052_0012.uasset" 4535
"../../../Engine/Content/EngineMaterials/Substrate/GLints/dict_16_192_64_0p5_0p02_0052_0005.uasset" 4536
"../../../Engine/Content/EngineMaterials/Substrate/GLints/dict_16_192_64_0p5_0p02_0052_0010.uasset" 4537
"/Engine/EngineMaterials/Substrate/GLints/dict_16_192_64_0p5_0p02_0053_0003" 4538
"../../../Engine/Content/EngineMaterials/Substrate/GLints/dict_16_192_64_0p5_0p02_0052_0004.uasset" 4539
"/Engine/EngineMaterials/Substrate/GLints/dict_16_192_64_0p5_0p02_0053_0005" 4540
"../../../Engine/Content/EngineMaterials/Substrate/GLints/dict_16_192_64_0p5_0p02_0052_0002.uasset" 4541
"../../../Engine/Content/EngineMaterials/Substrate/GLints/dict_16_192_64_0p5_0p02_0052_0003.uasset" 4542
"/Engine/EngineMaterials/Substrate/GLints/dict_16_192_64_0p5_0p02_0053_0004" 4543
"../../../Engine/Content/EngineMaterials/Substrate/GLints/dict_16_192_64_0p5_0p02_0052_0000.uasset" 4544
"/Engine/EngineMaterials/Substrate/GLints/dict_16_192_64_0p5_0p02_0052_0000" 4545
"/Engine/EngineMaterials/Substrate/GLints/dict_16_192_64_0p5_0p02_0052_0006" 4546
"/Engine/EngineMaterials/Substrate/GLints/dict_16_192_64_0p5_0p02_0052_0001" 4547
"/Engine/EngineMaterials/Substrate/GLints/dict_16_192_64_0p5_0p02_0052_0002" 4548
"/Engine/EngineMaterials/Substrate/GLints/dict_16_192_64_0p5_0p02_0052_0003" 4549
"/Engine/EngineMaterials/Substrate/GLints/dict_16_192_64_0p5_0p02_0052_0004" 4550
"/Engine/EngineMaterials/Substrate/GLints/dict_16_192_64_0p5_0p02_0052_0007" 4551
"/Engine/EngineMaterials/Substrate/GLints/dict_16_192_64_0p5_0p02_0052_0005" 4552
"../../../Engine/Content/EngineMaterials/Substrate/GLints/dict_16_192_64_0p5_0p02_0051_0013.uasset" 4553
"/Engine/EngineMaterials/Substrate/GLints/dict_16_192_64_0p5_0p02_0052_0008" 4554
"../../../Engine/Content/EngineMaterials/Substrate/GLints/dict_16_192_64_0p5_0p02_0051_0014.uasset" 4555
"/Engine/EngineMaterials/Substrate/GLints/dict_16_192_64_0p5_0p02_0052_0009" 4556
"../../../Engine/Content/EngineMaterials/Substrate/GLints/dict_16_192_64_0p5_0p02_0051_0007.uasset" 4557
"../../../Engine/Content/EngineMaterials/Substrate/GLints/dict_16_192_64_0p5_0p02_0051_0015.uasset" 4558
"/Engine/EngineMaterials/Substrate/GLints/dict_16_192_64_0p5_0p02_0052_0010" 4559
"../../../Engine/Content/EngineMaterials/Substrate/GLints/dict_16_192_64_0p5_0p02_0051_0012.uasset" 4560
"../../../Engine/Content/EngineMaterials/Substrate/GLints/dict_16_192_64_0p5_0p02_0051_0011.uasset" 4561
"../../../Engine/Content/EngineMaterials/Substrate/GLints/dict_16_192_64_0p5_0p02_0051_0009.uasset" 4562
"/Engine/EngineMaterials/Substrate/GLints/dict_16_192_64_0p5_0p02_0052_0011" 4563
"/Engine/EngineMaterials/Substrate/GLints/dict_16_192_64_0p5_0p02_0052_0012" 4564
"/Engine/EngineMaterials/Substrate/GLints/dict_16_192_64_0p5_0p02_0052_0013" 4565
"../../../Engine/Content/EngineMaterials/Substrate/GLints/dict_16_192_64_0p5_0p02_0051_0008.uasset" 4566
"/Engine/EngineMaterials/Substrate/GLints/dict_16_192_64_0p5_0p02_0051_0007" 4567
"/Engine/EngineMaterials/Substrate/GLints/dict_16_192_64_0p5_0p02_0051_0009" 4568
"../../../Engine/Content/EngineMaterials/Substrate/GLints/dict_16_192_64_0p5_0p02_0051_0010.uasset" 4569
"/Engine/EngineMaterials/Substrate/GLints/dict_16_192_64_0p5_0p02_0051_0011" 4570
"/Engine/EngineMaterials/Substrate/GLints/dict_16_192_64_0p5_0p02_0051_0012" 4571
"../../../Engine/Content/EngineMaterials/Substrate/GLints/dict_16_192_64_0p5_0p02_0051_0006.uasset" 4572
"../../../Engine/Content/EngineMaterials/Substrate/GLints/dict_16_192_64_0p5_0p02_0051_0005.uasset" 4573
"/Engine/EngineMaterials/Substrate/GLints/dict_16_192_64_0p5_0p02_0051_0013" 4574
"../../../Engine/Content/EngineMaterials/Substrate/GLints/dict_16_192_64_0p5_0p02_0051_0003.uasset" 4575
"../../../Engine/Content/EngineMaterials/Substrate/GLints/dict_16_192_64_0p5_0p02_0050_0014.uasset" 4576
"../../../Engine/Content/EngineMaterials/Substrate/GLints/dict_16_192_64_0p5_0p02_0050_0015.uasset" 4577
"/Engine/EngineMaterials/Substrate/GLints/dict_16_192_64_0p5_0p02_0051_0014" 4578
"../../../Engine/Content/EngineMaterials/Substrate/GLints/dict_16_192_64_0p5_0p02_0051_0002.uasset" 4579
"../../../Engine/Content/EngineMaterials/Substrate/GLints/dict_16_192_64_0p5_0p02_0051_0004.uasset" 4580
"/Engine/EngineMaterials/Substrate/GLints/dict_16_192_64_0p5_0p02_0051_0015" 4581
"../../../Engine/Content/EngineMaterials/Substrate/GLints/dict_16_192_64_0p5_0p02_0051_0000.uasset" 4582
"/Engine/EngineMaterials/Substrate/GLints/dict_16_192_64_0p5_0p02_0050_0014" 4583
"/Engine/EngineMaterials/Substrate/GLints/dict_16_192_64_0p5_0p02_0050_0015" 4584
"../../../Engine/Content/EngineMaterials/Substrate/GLints/dict_16_192_64_0p5_0p02_0051_0001.uasset" 4585
"/Engine/EngineMaterials/Substrate/GLints/dict_16_192_64_0p5_0p02_0051_0008" 4586
"/Engine/EngineMaterials/Substrate/GLints/dict_16_192_64_0p5_0p02_0051_0002" 4587
"/Engine/EngineMaterials/Substrate/GLints/dict_16_192_64_0p5_0p02_0051_0003" 4588
"/Engine/EngineMaterials/Substrate/GLints/dict_16_192_64_0p5_0p02_0051_0004" 4589
"/Engine/EngineMaterials/Substrate/GLints/dict_16_192_64_0p5_0p02_0051_0005" 4590
"/Engine/EngineMaterials/Substrate/GLints/dict_16_192_64_0p5_0p02_0051_0010" 4591
"/Engine/EngineMaterials/Substrate/GLints/dict_16_192_64_0p5_0p02_0051_0006" 4592
"../../../Engine/Content/EngineMaterials/Substrate/GLints/dict_16_192_64_0p5_0p02_0050_0012.uasset" 4593
"/Engine/EngineMaterials/Substrate/GLints/dict_16_192_64_0p5_0p02_0051_0000" 4594
"/Engine/EngineMaterials/Substrate/GLints/dict_16_192_64_0p5_0p02_0051_0001" 4595
"/Engine/EngineMaterials/Substrate/GLints/dict_16_192_64_0p5_0p02_0050_0012" 4596
"../../../Engine/Content/EngineMaterials/Substrate/GLints/dict_16_192_64_0p5_0p02_0050_0009.uasset" 4597
"../../../Engine/Content/EngineMaterials/Substrate/GLints/dict_16_192_64_0p5_0p02_0050_0011.uasset" 4598
"../../../Engine/Content/EngineMaterials/Substrate/GLints/dict_16_192_64_0p5_0p02_0050_0004.uasset" 4599
"../../../Engine/Content/EngineMaterials/Substrate/GLints/dict_16_192_64_0p5_0p02_0050_0002.uasset" 4600
"/Engine/EngineMaterials/Substrate/GLints/dict_16_192_64_0p5_0p02_0050_0009" 4601
"../../../Engine/Content/EngineMaterials/Substrate/GLints/dict_16_192_64_0p5_0p02_0050_0010.uasset" 4602
"../../../Engine/Content/EngineMaterials/Substrate/GLints/dict_16_192_64_0p5_0p02_0050_0003.uasset" 4603
"../../../Engine/Content/EngineMaterials/Substrate/GLints/dict_16_192_64_0p5_0p02_0050_0000.uasset" 4604
"../../../Engine/Content/EngineMaterials/Substrate/GLints/dict_16_192_64_0p5_0p02_0050_0001.uasset" 4605
"/Engine/EngineMaterials/Substrate/GLints/dict_16_192_64_0p5_0p02_0050_0011" 4606
"../../../Engine/Content/EngineMaterials/Substrate/GLints/dict_16_192_64_0p5_0p02_0050_0013.uasset" 4607
"/Engine/EngineMaterials/Substrate/GLints/dict_16_192_64_0p5_0p02_0050_0000" 4608
"../../../Engine/Content/EngineMaterials/Substrate/GLints/dict_16_192_64_0p5_0p02_0050_0006.uasset" 4609
"../../../Engine/Content/EngineMaterials/Substrate/GLints/dict_16_192_64_0p5_0p02_0050_0007.uasset" 4610
"../../../Engine/Content/EngineMaterials/Substrate/GLints/dict_16_192_64_0p5_0p02_0050_0005.uasset" 4611
"/Engine/EngineMaterials/Substrate/GLints/dict_16_192_64_0p5_0p02_0050_0001" 4612
"../../../Engine/Content/EngineMaterials/Substrate/GLints/dict_16_192_64_0p5_0p02_0049_0013.uasset" 4613
"../../../Engine/Content/EngineMaterials/Substrate/GLints/dict_16_192_64_0p5_0p02_0050_0008.uasset" 4614
"/Engine/EngineMaterials/Substrate/GLints/dict_16_192_64_0p5_0p02_0050_0002" 4615
"../../../Engine/Content/EngineMaterials/Substrate/GLints/dict_16_192_64_0p5_0p02_0049_0015.uasset" 4616
"../../../Engine/Content/EngineMaterials/Substrate/GLints/dict_16_192_64_0p5_0p02_0049_0009.uasset" 4617
"/Engine/EngineMaterials/Substrate/GLints/dict_16_192_64_0p5_0p02_0050_0003" 4618
"../../../Engine/Content/EngineMaterials/Substrate/GLints/dict_16_192_64_0p5_0p02_0049_0012.uasset" 4619
"/Engine/EngineMaterials/Substrate/GLints/dict_16_192_64_0p5_0p02_0050_0004" 4620
"../../../Engine/Content/EngineMaterials/Substrate/GLints/dict_16_192_64_0p5_0p02_0049_0010.uasset" 4621
"/Engine/EngineMaterials/Substrate/GLints/dict_16_192_64_0p5_0p02_0050_0010" 4622
"../../../Engine/Content/EngineMaterials/Substrate/GLints/dict_16_192_64_0p5_0p02_0049_0014.uasset" 4623
"../../../Engine/Content/EngineMaterials/Substrate/GLints/dict_16_192_64_0p5_0p02_0049_0011.uasset" 4624
"/Engine/EngineMaterials/Substrate/GLints/dict_16_192_64_0p5_0p02_0050_0013" 4625
"/Engine/EngineMaterials/Substrate/GLints/dict_16_192_64_0p5_0p02_0050_0005" 4626
"/Engine/EngineMaterials/Substrate/GLints/dict_16_192_64_0p5_0p02_0050_0006" 4627
"../../../Engine/Content/EngineMaterials/Substrate/GLints/dict_16_192_64_0p5_0p02_0049_0007.uasset" 4628
"/Engine/EngineMaterials/Substrate/GLints/dict_16_192_64_0p5_0p02_0050_0007" 4629
"../../../Engine/Content/EngineMaterials/Substrate/GLints/dict_16_192_64_0p5_0p02_0049_0006.uasset" 4630
"/Engine/EngineMaterials/Substrate/GLints/dict_16_192_64_0p5_0p02_0050_0008" 4631
"/Engine/EngineMaterials/Substrate/GLints/dict_16_192_64_0p5_0p02_0049_0009" 4632
"../../../Engine/Content/EngineMaterials/Substrate/GLints/dict_16_192_64_0p5_0p02_0049_0005.uasset" 4633
"../../../Engine/Content/EngineMaterials/Substrate/GLints/dict_16_192_64_0p5_0p02_0049_0008.uasset" 4634
"../../../Engine/Content/EngineMaterials/Substrate/GLints/dict_16_192_64_0p5_0p02_0049_0004.uasset" 4635
"/Engine/EngineMaterials/Substrate/GLints/dict_16_192_64_0p5_0p02_0049_0010" 4636
"/Engine/EngineMaterials/Substrate/GLints/dict_16_192_64_0p5_0p02_0049_0011" 4637
"../../../Engine/Content/EngineMaterials/Substrate/GLints/dict_16_192_64_0p5_0p02_0049_0000.uasset" 4638
"/Engine/EngineMaterials/Substrate/GLints/dict_16_192_64_0p5_0p02_0049_0012" 4639
"../../../Engine/Content/EngineMaterials/Substrate/GLints/dict_16_192_64_0p5_0p02_0049_0002.uasset" 4640
"../../../Engine/Content/EngineMaterials/Substrate/GLints/dict_16_192_64_0p5_0p02_0049_0001.uasset" 4641
"../../../Engine/Content/EngineMaterials/Substrate/GLints/dict_16_192_64_0p5_0p02_0049_0003.uasset" 4642
"../../../Engine/Content/EngineMaterials/Substrate/GLints/dict_16_192_64_0p5_0p02_0048_0015.uasset" 4643
"/Engine/EngineMaterials/Substrate/GLints/dict_16_192_64_0p5_0p02_0049_0013" 4644
"/Engine/EngineMaterials/Substrate/GLints/dict_16_192_64_0p5_0p02_0049_0014" 4645
"../../../Engine/Content/EngineMaterials/Substrate/GLints/dict_16_192_64_0p5_0p02_0048_0013.uasset" 4646
"/Engine/EngineMaterials/Substrate/GLints/dict_16_192_64_0p5_0p02_0049_0015" 4647
"../../../Engine/Content/EngineMaterials/Substrate/GLints/dict_16_192_64_0p5_0p02_0048_0014.uasset" 4648
"../../../Engine/Content/EngineMaterials/Substrate/GLints/dict_16_192_64_0p5_0p02_0048_0012.uasset" 4649
"/Engine/EngineMaterials/Substrate/GLints/dict_16_192_64_0p5_0p02_0049_0000" 4650
"../../../Engine/Content/EngineMaterials/Substrate/GLints/dict_16_192_64_0p5_0p02_0048_0011.uasset" 4651
"/Engine/EngineMaterials/Substrate/GLints/dict_16_192_64_0p5_0p02_0049_0001" 4652
"/Engine/EngineMaterials/Substrate/GLints/dict_16_192_64_0p5_0p02_0049_0002" 4653
"../../../Engine/Content/EngineMaterials/Substrate/GLints/dict_16_192_64_0p5_0p02_0048_0007.uasset" 4654
"/Engine/EngineMaterials/Substrate/GLints/dict_16_192_64_0p5_0p02_0048_0013" 4655
"../../../Engine/Content/EngineMaterials/Substrate/GLints/dict_16_192_64_0p5_0p02_0048_0006.uasset" 4656
"/Engine/EngineMaterials/Substrate/GLints/dict_16_192_64_0p5_0p02_0048_0014" 4657
"../../../Engine/Content/EngineMaterials/Substrate/GLints/dict_16_192_64_0p5_0p02_0048_0009.uasset" 4658
"../../../Engine/Content/EngineMaterials/Substrate/GLints/dict_16_192_64_0p5_0p02_0048_0010.uasset" 4659
"/Engine/EngineMaterials/Substrate/GLints/dict_16_192_64_0p5_0p02_0049_0003" 4660
"/Engine/EngineMaterials/Substrate/GLints/dict_16_192_64_0p5_0p02_0049_0004" 4661
"../../../Engine/Content/EngineMaterials/Substrate/GLints/dict_16_192_64_0p5_0p02_0048_0005.uasset" 4662
"../../../Engine/Content/EngineMaterials/Substrate/GLints/dict_16_192_64_0p5_0p02_0048_0008.uasset" 4663
"/Engine/EngineMaterials/Substrate/GLints/dict_16_192_64_0p5_0p02_0048_0015" 4664
"../../../Engine/Content/EngineMaterials/Substrate/GLints/dict_16_192_64_0p5_0p02_0048_0004.uasset" 4665
"/Engine/EngineMaterials/Substrate/GLints/dict_16_192_64_0p5_0p02_0049_0005" 4666
"/Engine/EngineMaterials/Substrate/GLints/dict_16_192_64_0p5_0p02_0049_0006" 4667
"/Engine/EngineMaterials/Substrate/GLints/dict_16_192_64_0p5_0p02_0049_0007" 4668
"/Engine/EngineMaterials/Substrate/GLints/dict_16_192_64_0p5_0p02_0049_0008" 4669
"/Engine/EngineMaterials/Substrate/GLints/dict_16_192_64_0p5_0p02_0048_0004" 4670
"/Engine/EngineMaterials/Substrate/GLints/dict_16_192_64_0p5_0p02_0048_0005" 4671
"/Engine/EngineMaterials/Substrate/GLints/dict_16_192_64_0p5_0p02_0048_0006" 4672
"/Engine/EngineMaterials/Substrate/GLints/dict_16_192_64_0p5_0p02_0048_0007" 4673
"/Engine/EngineMaterials/Substrate/GLints/dict_16_192_64_0p5_0p02_0048_0008" 4674
"../../../Engine/Content/EngineMaterials/Substrate/GLints/dict_16_192_64_0p5_0p02_0047_0012.uasset" 4675
"../../../Engine/Content/EngineMaterials/Substrate/GLints/dict_16_192_64_0p5_0p02_0048_0003.uasset" 4676
"/Engine/EngineMaterials/Substrate/GLints/dict_16_192_64_0p5_0p02_0048_0011" 4677
"../../../Engine/Content/EngineMaterials/Substrate/GLints/dict_16_192_64_0p5_0p02_0048_0002.uasset" 4678
"../../../Engine/Content/EngineMaterials/Substrate/GLints/dict_16_192_64_0p5_0p02_0047_0015.uasset" 4679
"../../../Engine/Content/EngineMaterials/Substrate/GLints/dict_16_192_64_0p5_0p02_0048_0000.uasset" 4680
"../../../Engine/Content/EngineMaterials/Substrate/GLints/dict_16_192_64_0p5_0p02_0048_0001.uasset" 4681
"../../../Engine/Content/EngineMaterials/Substrate/GLints/dict_16_192_64_0p5_0p02_0047_0010.uasset" 4682
"../../../Engine/Content/EngineMaterials/Substrate/GLints/dict_16_192_64_0p5_0p02_0047_0014.uasset" 4683
"/Engine/EngineMaterials/Substrate/GLints/dict_16_192_64_0p5_0p02_0048_0009" 4684
"../../../Engine/Content/EngineMaterials/Substrate/GLints/dict_16_192_64_0p5_0p02_0047_0009.uasset" 4685
"/Engine/EngineMaterials/Substrate/GLints/dict_16_192_64_0p5_0p02_0048_0012" 4686
"/Engine/EngineMaterials/Substrate/GLints/dict_16_192_64_0p5_0p02_0048_0010" 4687
"../../../Engine/Content/EngineMaterials/Substrate/GLints/dict_16_192_64_0p5_0p02_0047_0013.uasset" 4688
"/Engine/EngineMaterials/Substrate/GLints/dict_16_192_64_0p5_0p02_0047_0009" 4689
"/Engine/EngineMaterials/Substrate/GLints/dict_16_192_64_0p5_0p02_0047_0010" 4690
"/Engine/EngineMaterials/Substrate/GLints/dict_16_192_64_0p5_0p02_0047_0012" 4691
"../../../Engine/Content/EngineMaterials/Substrate/GLints/dict_16_192_64_0p5_0p02_0047_0011.uasset" 4692
"/Engine/EngineMaterials/Substrate/GLints/dict_16_192_64_0p5_0p02_0047_0013" 4693
"/Engine/EngineMaterials/Substrate/GLints/dict_16_192_64_0p5_0p02_0047_0014" 4694
"/Engine/EngineMaterials/Substrate/GLints/dict_16_192_64_0p5_0p02_0047_0015" 4695
"/Engine/EngineMaterials/Substrate/GLints/dict_16_192_64_0p5_0p02_0048_0000" 4696
"/Engine/EngineMaterials/Substrate/GLints/dict_16_192_64_0p5_0p02_0048_0001" 4697
"/Engine/EngineMaterials/Substrate/GLints/dict_16_192_64_0p5_0p02_0048_0002" 4698
"../../../Engine/Content/EngineMaterials/Substrate/GLints/dict_16_192_64_0p5_0p02_0047_0008.uasset" 4699
"/Engine/EngineMaterials/Substrate/GLints/dict_16_192_64_0p5_0p02_0048_0003" 4700
"../../../Engine/Content/EngineMaterials/Substrate/GLints/dict_16_192_64_0p5_0p02_0047_0007.uasset" 4701
"../../../Engine/Content/EngineMaterials/Substrate/GLints/dict_16_192_64_0p5_0p02_0047_0003.uasset" 4702
"/Engine/EngineMaterials/Substrate/GLints/dict_16_192_64_0p5_0p02_0047_0011" 4703
"../../../Engine/Content/EngineMaterials/Substrate/GLints/dict_16_192_64_0p5_0p02_0046_0015.uasset" 4704
"/Engine/EngineMaterials/Substrate/GLints/dict_16_192_64_0p5_0p02_0047_0003" 4705
"../../../Engine/Content/EngineMaterials/Substrate/GLints/dict_16_192_64_0p5_0p02_0047_0005.uasset" 4706
"../../../Engine/Content/EngineMaterials/Substrate/GLints/dict_16_192_64_0p5_0p02_0047_0001.uasset" 4707
"/Engine/EngineMaterials/Substrate/GLints/dict_16_192_64_0p5_0p02_0047_0007" 4708
"../../../Engine/Content/EngineMaterials/Substrate/GLints/dict_16_192_64_0p5_0p02_0047_0002.uasset" 4709
"/Engine/EngineMaterials/Substrate/GLints/dict_16_192_64_0p5_0p02_0047_0008" 4710
"../../../Engine/Content/EngineMaterials/Substrate/GLints/dict_16_192_64_0p5_0p02_0046_0014.uasset" 4711
"../../../Engine/Content/EngineMaterials/Substrate/GLints/dict_16_192_64_0p5_0p02_0046_0013.uasset" 4712
"/Engine/EngineMaterials/Substrate/GLints/dict_16_192_64_0p5_0p02_0046_0013" 4713
"../../../Engine/Content/EngineMaterials/Substrate/GLints/dict_16_192_64_0p5_0p02_0047_0000.uasset" 4714
"../../../Engine/Content/EngineMaterials/Substrate/GLints/dict_16_192_64_0p5_0p02_0047_0006.uasset" 4715
"../../../Engine/Content/EngineMaterials/Substrate/GLints/dict_16_192_64_0p5_0p02_0047_0004.uasset" 4716
"/Engine/EngineMaterials/Substrate/GLints/dict_16_192_64_0p5_0p02_0046_0014" 4717
"/Engine/EngineMaterials/Substrate/GLints/dict_16_192_64_0p5_0p02_0046_0015" 4718
"../../../Engine/Content/EngineMaterials/Substrate/GLints/dict_16_192_64_0p5_0p02_0046_0005.uasset" 4719
"../../../Engine/Content/EngineMaterials/Substrate/GLints/dict_16_192_64_0p5_0p02_0046_0008.uasset" 4720
"/Engine/EngineMaterials/Substrate/GLints/dict_16_192_64_0p5_0p02_0047_0001" 4721
"../../../Engine/Content/EngineMaterials/Substrate/GLints/dict_16_192_64_0p5_0p02_0046_0004.uasset" 4722
"../../../Engine/Content/EngineMaterials/Substrate/GLints/dict_16_192_64_0p5_0p02_0046_0009.uasset" 4723
"../../../Engine/Content/EngineMaterials/Substrate/GLints/dict_16_192_64_0p5_0p02_0046_0007.uasset" 4724
"../../../Engine/Content/EngineMaterials/Substrate/GLints/dict_16_192_64_0p5_0p02_0046_0012.uasset" 4725
"/Engine/EngineMaterials/Substrate/GLints/dict_16_192_64_0p5_0p02_0047_0002" 4726
"../../../Engine/Content/EngineMaterials/Substrate/GLints/dict_16_192_64_0p5_0p02_0046_0011.uasset" 4727
"/Engine/EngineMaterials/Substrate/GLints/dict_16_192_64_0p5_0p02_0047_0005" 4728
"/Engine/EngineMaterials/Substrate/GLints/dict_16_192_64_0p5_0p02_0046_0004" 4729
"/Engine/EngineMaterials/Substrate/GLints/dict_16_192_64_0p5_0p02_0046_0005" 4730
"/Engine/EngineMaterials/Substrate/GLints/dict_16_192_64_0p5_0p02_0046_0007" 4731
"../../../Engine/Content/EngineMaterials/Substrate/GLints/dict_16_192_64_0p5_0p02_0046_0010.uasset" 4732
"/Engine/EngineMaterials/Substrate/GLints/dict_16_192_64_0p5_0p02_0046_0008" 4733
"../../../Engine/Content/EngineMaterials/Substrate/GLints/dict_16_192_64_0p5_0p02_0046_0006.uasset" 4734
"/Engine/EngineMaterials/Substrate/GLints/dict_16_192_64_0p5_0p02_0046_0009" 4735
"/Engine/EngineMaterials/Substrate/GLints/dict_16_192_64_0p5_0p02_0046_0011" 4736
"../../../Engine/Content/EngineMaterials/Substrate/GLints/dict_16_192_64_0p5_0p02_0046_0000.uasset" 4737
"/Engine/EngineMaterials/Substrate/GLints/dict_16_192_64_0p5_0p02_0047_0000" 4738
"/Engine/EngineMaterials/Substrate/GLints/dict_16_192_64_0p5_0p02_0047_0004" 4739
"../../../Engine/Content/EngineMaterials/Substrate/GLints/dict_16_192_64_0p5_0p02_0046_0003.uasset" 4740
"/Engine/EngineMaterials/Substrate/GLints/dict_16_192_64_0p5_0p02_0047_0006" 4741
"../../../Engine/Content/EngineMaterials/Substrate/GLints/dict_16_192_64_0p5_0p02_0046_0002.uasset" 4742
"/Engine/EngineMaterials/Substrate/GLints/dict_16_192_64_0p5_0p02_0046_0012" 4743
"../../../Engine/Content/EngineMaterials/Substrate/GLints/dict_16_192_64_0p5_0p02_0045_0013.uasset" 4744
"../../../Engine/Content/EngineMaterials/Substrate/GLints/dict_16_192_64_0p5_0p02_0045_0008.uasset" 4745
"../../../Engine/Content/EngineMaterials/Substrate/GLints/dict_16_192_64_0p5_0p02_0045_0006.uasset" 4746
"../../../Engine/Content/EngineMaterials/Substrate/GLints/dict_16_192_64_0p5_0p02_0046_0001.uasset" 4747
"/Engine/EngineMaterials/Substrate/GLints/dict_16_192_64_0p5_0p02_0046_0006" 4748
"/Engine/EngineMaterials/Substrate/GLints/dict_16_192_64_0p5_0p02_0045_0006" 4749
"../../../Engine/Content/EngineMaterials/Substrate/GLints/dict_16_192_64_0p5_0p02_0045_0009.uasset" 4750
"../../../Engine/Content/EngineMaterials/Substrate/GLints/dict_16_192_64_0p5_0p02_0045_0012.uasset" 4751
"../../../Engine/Content/EngineMaterials/Substrate/GLints/dict_16_192_64_0p5_0p02_0045_0010.uasset" 4752
"/Engine/EngineMaterials/Substrate/GLints/dict_16_192_64_0p5_0p02_0046_0010" 4753
"/Engine/EngineMaterials/Substrate/GLints/dict_16_192_64_0p5_0p02_0045_0013" 4754
"../../../Engine/Content/EngineMaterials/Substrate/GLints/dict_16_192_64_0p5_0p02_0045_0015.uasset" 4755
"../../../Engine/Content/EngineMaterials/Substrate/GLints/dict_16_192_64_0p5_0p02_0045_0014.uasset" 4756
"/Engine/EngineMaterials/Substrate/GLints/dict_16_192_64_0p5_0p02_0045_0008" 4757
"../../../Engine/Content/EngineMaterials/Substrate/GLints/dict_16_192_64_0p5_0p02_0045_0007.uasset" 4758
"/Engine/EngineMaterials/Substrate/GLints/dict_16_192_64_0p5_0p02_0046_0000" 4759
"../../../Engine/Content/EngineMaterials/Substrate/GLints/dict_16_192_64_0p5_0p02_0045_0011.uasset" 4760
"/Engine/EngineMaterials/Substrate/GLints/dict_16_192_64_0p5_0p02_0046_0002" 4761
"../../../Engine/Content/EngineMaterials/Substrate/GLints/dict_16_192_64_0p5_0p02_0045_0001.uasset" 4762
"/Engine/EngineMaterials/Substrate/GLints/dict_16_192_64_0p5_0p02_0046_0003" 4763
"../../../Engine/Content/EngineMaterials/Substrate/GLints/dict_16_192_64_0p5_0p02_0045_0004.uasset" 4764
"/Engine/EngineMaterials/Substrate/GLints/dict_16_192_64_0p5_0p02_0045_0010" 4765
"../../../Engine/Content/EngineMaterials/Substrate/GLints/dict_16_192_64_0p5_0p02_0045_0005.uasset" 4766
"/Engine/EngineMaterials/Substrate/GLints/dict_16_192_64_0p5_0p02_0045_0011" 4767
"/Engine/EngineMaterials/Substrate/GLints/dict_16_192_64_0p5_0p02_0045_0012" 4768
"/Engine/EngineMaterials/Substrate/GLints/dict_16_192_64_0p5_0p02_0045_0001" 4769
"../../../Engine/Content/EngineMaterials/Substrate/GLints/dict_16_192_64_0p5_0p02_0045_0000.uasset" 4770
"/Engine/EngineMaterials/Substrate/GLints/dict_16_192_64_0p5_0p02_0045_0004" 4771
"../../../Engine/Content/EngineMaterials/Substrate/GLints/dict_16_192_64_0p5_0p02_0045_0002.uasset" 4772
"../../../Engine/Content/EngineMaterials/Substrate/GLints/dict_16_192_64_0p5_0p02_0045_0003.uasset" 4773
"/Engine/EngineMaterials/Substrate/GLints/dict_16_192_64_0p5_0p02_0045_0014" 4774
"/Engine/EngineMaterials/Substrate/GLints/dict_16_192_64_0p5_0p02_0045_0007" 4775
"../../../Engine/Content/EngineMaterials/Substrate/GLints/dict_16_192_64_0p5_0p02_0044_0015.uasset" 4776
"/Engine/EngineMaterials/Substrate/GLints/dict_16_192_64_0p5_0p02_0045_0015" 4777
"../../../Engine/Content/EngineMaterials/Substrate/GLints/dict_16_192_64_0p5_0p02_0044_0011.uasset" 4778
"../../../Engine/Content/EngineMaterials/Substrate/GLints/dict_16_192_64_0p5_0p02_0044_0009.uasset" 4779
"/Engine/EngineMaterials/Substrate/GLints/dict_16_192_64_0p5_0p02_0045_0009" 4780
"../../../Engine/Content/EngineMaterials/Substrate/GLints/dict_16_192_64_0p5_0p02_0044_0006.uasset" 4781
"/Engine/EngineMaterials/Substrate/GLints/dict_16_192_64_0p5_0p02_0046_0001" 4782
"../../../Engine/Content/EngineMaterials/Substrate/GLints/dict_16_192_64_0p5_0p02_0044_0013.uasset" 4783
"/Engine/EngineMaterials/Substrate/GLints/dict_16_192_64_0p5_0p02_0044_0006" 4784
"../../../Engine/Content/EngineMaterials/Substrate/GLints/dict_16_192_64_0p5_0p02_0044_0012.uasset" 4785
"/Engine/EngineMaterials/Substrate/GLints/dict_16_192_64_0p5_0p02_0044_0009" 4786
"../../../Engine/Content/EngineMaterials/Substrate/GLints/dict_16_192_64_0p5_0p02_0044_0010.uasset" 4787
"/Engine/EngineMaterials/Substrate/GLints/dict_16_192_64_0p5_0p02_0045_0000" 4788
"../../../Engine/Content/EngineMaterials/Substrate/GLints/dict_16_192_64_0p5_0p02_0044_0007.uasset" 4789
"/Engine/EngineMaterials/Substrate/GLints/dict_16_192_64_0p5_0p02_0044_0011" 4790
"../../../Engine/Content/EngineMaterials/Substrate/GLints/dict_16_192_64_0p5_0p02_0044_0014.uasset" 4791
"/Engine/EngineMaterials/Substrate/GLints/dict_16_192_64_0p5_0p02_0045_0002" 4792
"../../../Engine/Content/EngineMaterials/Substrate/GLints/dict_16_192_64_0p5_0p02_0044_0000.uasset" 4793
"/Engine/EngineMaterials/Substrate/GLints/dict_16_192_64_0p5_0p02_0045_0003" 4794
"../../../Engine/Content/EngineMaterials/Substrate/GLints/dict_16_192_64_0p5_0p02_0044_0005.uasset" 4795
"/Engine/EngineMaterials/Substrate/GLints/dict_16_192_64_0p5_0p02_0044_0013" 4796
"/Engine/EngineMaterials/Substrate/GLints/dict_16_192_64_0p5_0p02_0045_0005" 4797
"../../../Engine/Content/EngineMaterials/Substrate/GLints/dict_16_192_64_0p5_0p02_0044_0008.uasset" 4798
"/Engine/EngineMaterials/Substrate/GLints/dict_16_192_64_0p5_0p02_0044_0015" 4799
"../../../Engine/Content/EngineMaterials/Substrate/GLints/dict_16_192_64_0p5_0p02_0044_0002.uasset" 4800
"../../../Engine/Content/EngineMaterials/Substrate/GLints/dict_16_192_64_0p5_0p02_0043_0014.uasset" 4801
"../../../Engine/Content/EngineMaterials/Substrate/GLints/dict_16_192_64_0p5_0p02_0044_0004.uasset" 4802
"/Engine/EngineMaterials/Substrate/GLints/dict_16_192_64_0p5_0p02_0044_0007" 4803
"../../../Engine/Content/EngineMaterials/Substrate/GLints/dict_16_192_64_0p5_0p02_0043_0015.uasset" 4804
"../../../Engine/Content/EngineMaterials/Substrate/GLints/dict_16_192_64_0p5_0p02_0044_0001.uasset" 4805
"/Engine/EngineMaterials/Substrate/GLints/dict_16_192_64_0p5_0p02_0043_0014" 4806
"../../../Engine/Content/EngineMaterials/Substrate/GLints/dict_16_192_64_0p5_0p02_0044_0003.uasset" 4807
"/Engine/EngineMaterials/Substrate/GLints/dict_16_192_64_0p5_0p02_0044_0008" 4808
"/Engine/EngineMaterials/Substrate/GLints/dict_16_192_64_0p5_0p02_0044_0010" 4809
"/Engine/EngineMaterials/Substrate/GLints/dict_16_192_64_0p5_0p02_0044_0000" 4810
"/Engine/EngineMaterials/Substrate/GLints/dict_16_192_64_0p5_0p02_0044_0012" 4811
"../../../Engine/Content/EngineMaterials/Substrate/GLints/dict_16_192_64_0p5_0p02_0043_0013.uasset" 4812
"/Engine/EngineMaterials/Substrate/GLints/dict_16_192_64_0p5_0p02_0044_0014" 4813
"../../../Engine/Content/EngineMaterials/Substrate/GLints/dict_16_192_64_0p5_0p02_0043_0007.uasset" 4814
"/Engine/EngineMaterials/Substrate/GLints/dict_16_192_64_0p5_0p02_0044_0002" 4815
"../../../Engine/Content/EngineMaterials/Substrate/GLints/dict_16_192_64_0p5_0p02_0043_0006.uasset" 4816
"../../../Engine/Content/EngineMaterials/Substrate/GLints/dict_16_192_64_0p5_0p02_0043_0005.uasset" 4817
"../../../Engine/Content/EngineMaterials/Substrate/GLints/dict_16_192_64_0p5_0p02_0043_0004.uasset" 4818
"/Engine/EngineMaterials/Substrate/GLints/dict_16_192_64_0p5_0p02_0044_0005" 4819
"../../../Engine/Content/EngineMaterials/Substrate/GLints/dict_16_192_64_0p5_0p02_0043_0011.uasset" 4820
"../../../Engine/Content/EngineMaterials/Substrate/GLints/dict_16_192_64_0p5_0p02_0043_0008.uasset" 4821
"../../../Engine/Content/EngineMaterials/Substrate/GLints/dict_16_192_64_0p5_0p02_0043_0010.uasset" 4822
"../../../Engine/Content/EngineMaterials/Substrate/GLints/dict_16_192_64_0p5_0p02_0043_0009.uasset" 4823
"/Engine/EngineMaterials/Substrate/GLints/dict_16_192_64_0p5_0p02_0043_0004" 4824
"../../../Engine/Content/EngineMaterials/Substrate/GLints/dict_16_192_64_0p5_0p02_0043_0012.uasset" 4825
"/Engine/EngineMaterials/Substrate/GLints/dict_16_192_64_0p5_0p02_0043_0005" 4826
"/Engine/EngineMaterials/Substrate/GLints/dict_16_192_64_0p5_0p02_0043_0015" 4827
"/Engine/EngineMaterials/Substrate/GLints/dict_16_192_64_0p5_0p02_0043_0006" 4828
"/Engine/EngineMaterials/Substrate/GLints/dict_16_192_64_0p5_0p02_0043_0007" 4829
"/Engine/EngineMaterials/Substrate/GLints/dict_16_192_64_0p5_0p02_0044_0001" 4830
"/Engine/EngineMaterials/Substrate/GLints/dict_16_192_64_0p5_0p02_0043_0008" 4831
"../../../Engine/Content/EngineMaterials/Substrate/GLints/dict_16_192_64_0p5_0p02_0042_0013.uasset" 4832
"../../../Engine/Content/EngineMaterials/Substrate/GLints/dict_16_192_64_0p5_0p02_0043_0001.uasset" 4833
"/Engine/EngineMaterials/Substrate/GLints/dict_16_192_64_0p5_0p02_0043_0010" 4834
"../../../Engine/Content/EngineMaterials/Substrate/GLints/dict_16_192_64_0p5_0p02_0042_0015.uasset" 4835
"/Engine/EngineMaterials/Substrate/GLints/dict_16_192_64_0p5_0p02_0043_0011" 4836
"/Engine/EngineMaterials/Substrate/GLints/dict_16_192_64_0p5_0p02_0044_0003" 4837
"../../../Engine/Content/EngineMaterials/Substrate/GLints/dict_16_192_64_0p5_0p02_0043_0000.uasset" 4838
"../../../Engine/Content/EngineMaterials/Substrate/GLints/dict_16_192_64_0p5_0p02_0043_0003.uasset" 4839
"../../../Engine/Content/EngineMaterials/Substrate/GLints/dict_16_192_64_0p5_0p02_0042_0011.uasset" 4840
"../../../Engine/Content/EngineMaterials/Substrate/GLints/dict_16_192_64_0p5_0p02_0042_0012.uasset" 4841
"../../../Engine/Content/EngineMaterials/Substrate/GLints/dict_16_192_64_0p5_0p02_0042_0014.uasset" 4842
"/Engine/EngineMaterials/Substrate/GLints/dict_16_192_64_0p5_0p02_0043_0013" 4843
"../../../Engine/Content/EngineMaterials/Substrate/GLints/dict_16_192_64_0p5_0p02_0043_0002.uasset" 4844
"/Engine/EngineMaterials/Substrate/GLints/dict_16_192_64_0p5_0p02_0044_0004" 4845
"/Engine/EngineMaterials/Substrate/GLints/dict_16_192_64_0p5_0p02_0042_0011" 4846
"/Engine/EngineMaterials/Substrate/GLints/dict_16_192_64_0p5_0p02_0042_0012" 4847
"/Engine/EngineMaterials/Substrate/GLints/dict_16_192_64_0p5_0p02_0042_0013" 4848
"/Engine/EngineMaterials/Substrate/GLints/dict_16_192_64_0p5_0p02_0042_0014" 4849
"../../../Engine/Content/EngineMaterials/Substrate/GLints/dict_16_192_64_0p5_0p02_0042_0006.uasset" 4850
"/Engine/EngineMaterials/Substrate/GLints/dict_16_192_64_0p5_0p02_0042_0015" 4851
"../../../Engine/Content/EngineMaterials/Substrate/GLints/dict_16_192_64_0p5_0p02_0042_0010.uasset" 4852
"../../../Engine/Content/EngineMaterials/Substrate/GLints/dict_16_192_64_0p5_0p02_0042_0008.uasset" 4853
"/Engine/EngineMaterials/Substrate/GLints/dict_16_192_64_0p5_0p02_0043_0000" 4854
"../../../Engine/Content/EngineMaterials/Substrate/GLints/dict_16_192_64_0p5_0p02_0042_0004.uasset" 4855
"/Engine/EngineMaterials/Substrate/GLints/dict_16_192_64_0p5_0p02_0043_0009" 4856
"../../../Engine/Content/EngineMaterials/Substrate/GLints/dict_16_192_64_0p5_0p02_0042_0005.uasset" 4857
"../../../Engine/Content/EngineMaterials/Substrate/GLints/dict_16_192_64_0p5_0p02_0042_0009.uasset" 4858
"../../../Engine/Content/EngineMaterials/Substrate/GLints/dict_16_192_64_0p5_0p02_0042_0007.uasset" 4859
"/Engine/EngineMaterials/Substrate/GLints/dict_16_192_64_0p5_0p02_0043_0001" 4860
"../../../Engine/Content/EngineMaterials/Substrate/GLints/dict_16_192_64_0p5_0p02_0042_0003.uasset" 4861
"/Engine/EngineMaterials/Substrate/GLints/dict_16_192_64_0p5_0p02_0043_0002" 4862
"/Engine/EngineMaterials/Substrate/GLints/dict_16_192_64_0p5_0p02_0043_0012" 4863
"/Engine/EngineMaterials/Substrate/GLints/dict_16_192_64_0p5_0p02_0043_0003" 4864
"../../../Engine/Content/EngineMaterials/Substrate/GLints/dict_16_192_64_0p5_0p02_0042_0002.uasset" 4865
"/Engine/EngineMaterials/Substrate/GLints/dict_16_192_64_0p5_0p02_0042_0003" 4866
"/Engine/EngineMaterials/Substrate/GLints/dict_16_192_64_0p5_0p02_0042_0004" 4867
"/Engine/EngineMaterials/Substrate/GLints/dict_16_192_64_0p5_0p02_0042_0005" 4868
"/Engine/EngineMaterials/Substrate/GLints/dict_16_192_64_0p5_0p02_0042_0006" 4869
"/Engine/EngineMaterials/Substrate/GLints/dict_16_192_64_0p5_0p02_0042_0007" 4870
"../../../Engine/Content/EngineMaterials/Substrate/GLints/dict_16_192_64_0p5_0p02_0042_0000.uasset" 4871
"/Engine/EngineMaterials/Substrate/GLints/dict_16_192_64_0p5_0p02_0042_0008" 4872
"/Engine/EngineMaterials/Substrate/GLints/dict_16_192_64_0p5_0p02_0042_0009" 4873
"../../../Engine/Content/EngineMaterials/Substrate/GLints/dict_16_192_64_0p5_0p02_0041_0011.uasset" 4874
"../../../Engine/Content/EngineMaterials/Substrate/GLints/dict_16_192_64_0p5_0p02_0042_0001.uasset" 4875
"../../../Engine/Content/EngineMaterials/Substrate/GLints/dict_16_192_64_0p5_0p02_0041_0014.uasset" 4876
"/Engine/EngineMaterials/Substrate/GLints/dict_16_192_64_0p5_0p02_0042_0010" 4877
"../../../Engine/Content/EngineMaterials/Substrate/GLints/dict_16_192_64_0p5_0p02_0041_0009.uasset" 4878
"../../../Engine/Content/EngineMaterials/Substrate/GLints/dict_16_192_64_0p5_0p02_0041_0007.uasset" 4879
"../../../Engine/Content/EngineMaterials/Substrate/GLints/dict_16_192_64_0p5_0p02_0041_0006.uasset" 4880
"../../../Engine/Content/EngineMaterials/Substrate/GLints/dict_16_192_64_0p5_0p02_0041_0008.uasset" 4881
"/Engine/EngineMaterials/Substrate/GLints/dict_16_192_64_0p5_0p02_0042_0002" 4882
"../../../Engine/Content/EngineMaterials/Substrate/GLints/dict_16_192_64_0p5_0p02_0041_0015.uasset" 4883
"/Engine/EngineMaterials/Substrate/GLints/dict_16_192_64_0p5_0p02_0041_0006" 4884
"/Engine/EngineMaterials/Substrate/GLints/dict_16_192_64_0p5_0p02_0041_0007" 4885
"/Engine/EngineMaterials/Substrate/GLints/dict_16_192_64_0p5_0p02_0041_0009" 4886
"../../../Engine/Content/EngineMaterials/Substrate/GLints/dict_16_192_64_0p5_0p02_0041_0010.uasset" 4887
"../../../Engine/Content/EngineMaterials/Substrate/GLints/dict_16_192_64_0p5_0p02_0041_0013.uasset" 4888
"/Engine/EngineMaterials/Substrate/GLints/dict_16_192_64_0p5_0p02_0041_0011" 4889
"/Engine/EngineMaterials/Substrate/GLints/dict_16_192_64_0p5_0p02_0041_0014" 4890
"/Engine/EngineMaterials/Substrate/GLints/dict_16_192_64_0p5_0p02_0042_0000" 4891
"/Engine/EngineMaterials/Substrate/GLints/dict_16_192_64_0p5_0p02_0042_0001" 4892
"../../../Engine/Content/EngineMaterials/Substrate/GLints/dict_16_192_64_0p5_0p02_0041_0012.uasset" 4893
"/Engine/EngineMaterials/Substrate/GLints/dict_16_192_64_0p5_0p02_0041_0008" 4894
"/Engine/EngineMaterials/Substrate/GLints/dict_16_192_64_0p5_0p02_0041_0010" 4895
"../../../Engine/Content/EngineMaterials/Substrate/GLints/dict_16_192_64_0p5_0p02_0041_0003.uasset" 4896
"/Engine/EngineMaterials/Substrate/GLints/dict_16_192_64_0p5_0p02_0041_0012" 4897
"../../../Engine/Content/EngineMaterials/Substrate/GLints/dict_16_192_64_0p5_0p02_0040_0015.uasset" 4898
"/Engine/EngineMaterials/Substrate/GLints/dict_16_192_64_0p5_0p02_0041_0013" 4899
"../../../Engine/Content/EngineMaterials/Substrate/GLints/dict_16_192_64_0p5_0p02_0041_0005.uasset" 4900
"/Engine/EngineMaterials/Substrate/GLints/dict_16_192_64_0p5_0p02_0041_0015" 4901
"../../../Engine/Content/EngineMaterials/Substrate/GLints/dict_16_192_64_0p5_0p02_0041_0001.uasset" 4902
"../../../Engine/Content/EngineMaterials/Substrate/GLints/dict_16_192_64_0p5_0p02_0040_0014.uasset" 4903
"../../../Engine/Content/EngineMaterials/Substrate/GLints/dict_16_192_64_0p5_0p02_0041_0004.uasset" 4904
"/Engine/EngineMaterials/Substrate/GLints/dict_16_192_64_0p5_0p02_0040_0014" 4905
"../../../Engine/Content/EngineMaterials/Substrate/GLints/dict_16_192_64_0p5_0p02_0040_0012.uasset" 4906
"../../../Engine/Content/EngineMaterials/Substrate/GLints/dict_16_192_64_0p5_0p02_0041_0000.uasset" 4907
"/Engine/EngineMaterials/Substrate/GLints/dict_16_192_64_0p5_0p02_0040_0015" 4908
"../../../Engine/Content/EngineMaterials/Substrate/GLints/dict_16_192_64_0p5_0p02_0041_0002.uasset" 4909
"../../../Engine/Content/EngineMaterials/Substrate/GLints/dict_16_192_64_0p5_0p02_0040_0013.uasset" 4910
"/Engine/EngineMaterials/Substrate/GLints/dict_16_192_64_0p5_0p02_0041_0001" 4911
"/Engine/EngineMaterials/Substrate/GLints/dict_16_192_64_0p5_0p02_0041_0003" 4912
"../../../Engine/Content/EngineMaterials/Substrate/GLints/dict_16_192_64_0p5_0p02_0040_0011.uasset" 4913
"../../../Engine/Content/EngineMaterials/Substrate/GLints/dict_16_192_64_0p5_0p02_0040_0006.uasset" 4914
"/Engine/EngineMaterials/Substrate/GLints/dict_16_192_64_0p5_0p02_0041_0004" 4915
"../../../Engine/Content/EngineMaterials/Substrate/GLints/dict_16_192_64_0p5_0p02_0040_0007.uasset" 4916
"../../../Engine/Content/EngineMaterials/Substrate/GLints/dict_16_192_64_0p5_0p02_0040_0004.uasset" 4917
"/Engine/EngineMaterials/Substrate/GLints/dict_16_192_64_0p5_0p02_0041_0005" 4918
"../../../Engine/Content/EngineMaterials/Substrate/GLints/dict_16_192_64_0p5_0p02_0040_0005.uasset" 4919
"/Engine/EngineMaterials/Substrate/GLints/dict_16_192_64_0p5_0p02_0040_0011" 4920
"/Engine/EngineMaterials/Substrate/GLints/dict_16_192_64_0p5_0p02_0040_0004" 4921
"../../../Engine/Content/EngineMaterials/Substrate/GLints/dict_16_192_64_0p5_0p02_0040_0003.uasset" 4922
"../../../Engine/Content/EngineMaterials/Substrate/GLints/dict_16_192_64_0p5_0p02_0040_0008.uasset" 4923
"../../../Engine/Content/EngineMaterials/Substrate/GLints/dict_16_192_64_0p5_0p02_0040_0009.uasset" 4924
"/Engine/EngineMaterials/Substrate/GLints/dict_16_192_64_0p5_0p02_0040_0012" 4925
"/Engine/EngineMaterials/Substrate/GLints/dict_16_192_64_0p5_0p02_0040_0005" 4926
"../../../Engine/Content/EngineMaterials/Substrate/GLints/dict_16_192_64_0p5_0p02_0040_0010.uasset" 4927
"/Engine/EngineMaterials/Substrate/GLints/dict_16_192_64_0p5_0p02_0040_0006" 4928
"/Engine/EngineMaterials/Substrate/GLints/dict_16_192_64_0p5_0p02_0040_0013" 4929
"../../../Engine/Content/EngineMaterials/Substrate/GLints/dict_16_192_64_0p5_0p02_0040_0002.uasset" 4930
"/Engine/EngineMaterials/Substrate/GLints/dict_16_192_64_0p5_0p02_0040_0007" 4931
"/Engine/EngineMaterials/Substrate/GLints/dict_16_192_64_0p5_0p02_0041_0000" 4932
"../../../Engine/Content/EngineMaterials/Substrate/GLints/dict_16_192_64_0p5_0p02_0039_0012.uasset" 4933
"/Engine/EngineMaterials/Substrate/GLints/dict_16_192_64_0p5_0p02_0041_0002" 4934
"../../../Engine/Content/EngineMaterials/Substrate/GLints/dict_16_192_64_0p5_0p02_0040_0001.uasset" 4935
"../../../Engine/Content/EngineMaterials/Substrate/GLints/dict_16_192_64_0p5_0p02_0039_0011.uasset" 4936
"../../../Engine/Content/EngineMaterials/Substrate/GLints/dict_16_192_64_0p5_0p02_0040_0000.uasset" 4937
"/Engine/EngineMaterials/Substrate/GLints/dict_16_192_64_0p5_0p02_0040_0003" 4938
"../../../Engine/Content/EngineMaterials/Substrate/GLints/dict_16_192_64_0p5_0p02_0039_0015.uasset" 4939
"/Engine/EngineMaterials/Substrate/GLints/dict_16_192_64_0p5_0p02_0039_0012" 4940
"../../../Engine/Content/EngineMaterials/Substrate/GLints/dict_16_192_64_0p5_0p02_0039_0009.uasset" 4941
"/Engine/EngineMaterials/Substrate/GLints/dict_16_192_64_0p5_0p02_0040_0008" 4942
"/Engine/EngineMaterials/Substrate/GLints/dict_16_192_64_0p5_0p02_0040_0009" 4943
"../../../Engine/Content/EngineMaterials/Substrate/GLints/dict_16_192_64_0p5_0p02_0039_0014.uasset" 4944
"../../../Engine/Content/EngineMaterials/Substrate/GLints/dict_16_192_64_0p5_0p02_0039_0006.uasset" 4945
"/Engine/EngineMaterials/Substrate/GLints/dict_16_192_64_0p5_0p02_0040_0001" 4946
"../../../Engine/Content/EngineMaterials/Substrate/GLints/dict_16_192_64_0p5_0p02_0039_0013.uasset" 4947
"/Engine/EngineMaterials/Substrate/GLints/dict_16_192_64_0p5_0p02_0040_0002" 4948
"../../../Engine/Content/EngineMaterials/Substrate/GLints/dict_16_192_64_0p5_0p02_0039_0007.uasset" 4949
"/Engine/EngineMaterials/Substrate/GLints/dict_16_192_64_0p5_0p02_0040_0010" 4950
"../../../Engine/Content/EngineMaterials/Substrate/GLints/dict_16_192_64_0p5_0p02_0039_0008.uasset" 4951
"/Engine/EngineMaterials/Substrate/GLints/dict_16_192_64_0p5_0p02_0039_0011" 4952
"../../../Engine/Content/EngineMaterials/Substrate/GLints/dict_16_192_64_0p5_0p02_0039_0004.uasset" 4953
"/Engine/EngineMaterials/Substrate/GLints/dict_16_192_64_0p5_0p02_0039_0013" 4954
"../../../Engine/Content/EngineMaterials/Substrate/GLints/dict_16_192_64_0p5_0p02_0039_0000.uasset" 4955
"/Engine/EngineMaterials/Substrate/GLints/dict_16_192_64_0p5_0p02_0039_0006" 4956
"../../../Engine/Content/EngineMaterials/Substrate/GLints/dict_16_192_64_0p5_0p02_0039_0010.uasset" 4957
"../../../Engine/Content/EngineMaterials/Substrate/GLints/dict_16_192_64_0p5_0p02_0039_0002.uasset" 4958
"/Engine/EngineMaterials/Substrate/GLints/dict_16_192_64_0p5_0p02_0039_0014" 4959
"/Engine/EngineMaterials/Substrate/GLints/dict_16_192_64_0p5_0p02_0039_0007" 4960
"../../../Engine/Content/EngineMaterials/Substrate/GLints/dict_16_192_64_0p5_0p02_0039_0003.uasset" 4961
"/Engine/EngineMaterials/Substrate/GLints/dict_16_192_64_0p5_0p02_0039_0015" 4962
"../../../Engine/Content/EngineMaterials/Substrate/GLints/dict_16_192_64_0p5_0p02_0039_0001.uasset" 4963
"/Engine/EngineMaterials/Substrate/GLints/dict_16_192_64_0p5_0p02_0039_0008" 4964
"../../../Engine/Content/EngineMaterials/Substrate/GLints/dict_16_192_64_0p5_0p02_0039_0005.uasset" 4965
"/Engine/EngineMaterials/Substrate/GLints/dict_16_192_64_0p5_0p02_0039_0009" 4966
"/Engine/EngineMaterials/Substrate/GLints/dict_16_192_64_0p5_0p02_0040_0000" 4967
"../../../Engine/Content/EngineMaterials/Substrate/GLints/dict_16_192_64_0p5_0p02_0038_0012.uasset" 4968
"/Engine/EngineMaterials/Substrate/GLints/dict_16_192_64_0p5_0p02_0039_0000" 4969
"../../../Engine/Content/EngineMaterials/Substrate/GLints/dict_16_192_64_0p5_0p02_0038_0008.uasset" 4970
"/Engine/EngineMaterials/Substrate/GLints/dict_16_192_64_0p5_0p02_0039_0001" 4971
"../../../Engine/Content/EngineMaterials/Substrate/GLints/dict_16_192_64_0p5_0p02_0038_0010.uasset" 4972
"/Engine/EngineMaterials/Substrate/GLints/dict_16_192_64_0p5_0p02_0039_0002" 4973
"/Engine/EngineMaterials/Substrate/GLints/dict_16_192_64_0p5_0p02_0039_0003" 4974
"../../../Engine/Content/EngineMaterials/Substrate/GLints/dict_16_192_64_0p5_0p02_0038_0014.uasset" 4975
"../../../Engine/Content/EngineMaterials/Substrate/GLints/dict_16_192_64_0p5_0p02_0038_0011.uasset" 4976
"../../../Engine/Content/EngineMaterials/Substrate/GLints/dict_16_192_64_0p5_0p02_0038_0007.uasset" 4977
"../../../Engine/Content/EngineMaterials/Substrate/GLints/dict_16_192_64_0p5_0p02_0038_0013.uasset" 4978
"/Engine/EngineMaterials/Substrate/GLints/dict_16_192_64_0p5_0p02_0039_0004" 4979
"/Engine/EngineMaterials/Substrate/GLints/dict_16_192_64_0p5_0p02_0039_0010" 4980
"../../../Engine/Content/EngineMaterials/Substrate/GLints/dict_16_192_64_0p5_0p02_0038_0015.uasset" 4981
"/Engine/EngineMaterials/Substrate/GLints/dict_16_192_64_0p5_0p02_0039_0005" 4982
"../../../Engine/Content/EngineMaterials/Substrate/GLints/dict_16_192_64_0p5_0p02_0038_0009.uasset" 4983
"../../../Engine/Content/EngineMaterials/Substrate/GLints/dict_16_192_64_0p5_0p02_0038_0005.uasset" 4984
"/Engine/EngineMaterials/Substrate/GLints/dict_16_192_64_0p5_0p02_0038_0007" 4985
"../../../Engine/Content/EngineMaterials/Substrate/GLints/dict_16_192_64_0p5_0p02_0038_0000.uasset" 4986
"/Engine/EngineMaterials/Substrate/GLints/dict_16_192_64_0p5_0p02_0038_0008" 4987
"../../../Engine/Content/EngineMaterials/Substrate/GLints/dict_16_192_64_0p5_0p02_0038_0004.uasset" 4988
"../../../Engine/Content/EngineMaterials/Substrate/GLints/dict_16_192_64_0p5_0p02_0038_0002.uasset" 4989
"/Engine/EngineMaterials/Substrate/GLints/dict_16_192_64_0p5_0p02_0038_0009" 4990
"/Engine/EngineMaterials/Substrate/GLints/dict_16_192_64_0p5_0p02_0038_0010" 4991
"../../../Engine/Content/EngineMaterials/Substrate/GLints/dict_16_192_64_0p5_0p02_0038_0001.uasset" 4992
"../../../Engine/Content/EngineMaterials/Substrate/GLints/dict_16_192_64_0p5_0p02_0038_0006.uasset" 4993
"/Engine/EngineMaterials/Substrate/GLints/dict_16_192_64_0p5_0p02_0038_0011" 4994
"/Engine/EngineMaterials/Substrate/GLints/dict_16_192_64_0p5_0p02_0038_0012" 4995
"/Engine/EngineMaterials/Substrate/GLints/dict_16_192_64_0p5_0p02_0038_0013" 4996
"/Engine/EngineMaterials/Substrate/GLints/dict_16_192_64_0p5_0p02_0038_0014" 4997
"/Engine/EngineMaterials/Substrate/GLints/dict_16_192_64_0p5_0p02_0038_0015" 4998
"../../../Engine/Content/EngineMaterials/Substrate/GLints/dict_16_192_64_0p5_0p02_0038_0003.uasset" 4999
"/Engine/EngineMaterials/Substrate/GLints/dict_16_192_64_0p5_0p02_0038_0000" 5000
"../../../Engine/Content/EngineMaterials/Substrate/GLints/dict_16_192_64_0p5_0p02_0037_0012.uasset" 5001
"/Engine/EngineMaterials/Substrate/GLints/dict_16_192_64_0p5_0p02_0038_0001" 5002
"../../../Engine/Content/EngineMaterials/Substrate/GLints/dict_16_192_64_0p5_0p02_0037_0014.uasset" 5003
"../../../Engine/Content/EngineMaterials/Substrate/GLints/dict_16_192_64_0p5_0p02_0037_0011.uasset" 5004
"/Engine/EngineMaterials/Substrate/GLints/dict_16_192_64_0p5_0p02_0038_0002" 5005
"/Engine/EngineMaterials/Substrate/GLints/dict_16_192_64_0p5_0p02_0038_0004" 5006
"../../../Engine/Content/EngineMaterials/Substrate/GLints/dict_16_192_64_0p5_0p02_0037_0008.uasset" 5007
"../../../Engine/Content/EngineMaterials/Substrate/GLints/dict_16_192_64_0p5_0p02_0037_0013.uasset" 5008
"/Engine/EngineMaterials/Substrate/GLints/dict_16_192_64_0p5_0p02_0038_0005" 5009
"../../../Engine/Content/EngineMaterials/Substrate/GLints/dict_16_192_64_0p5_0p02_0037_0009.uasset" 5010
"../../../Engine/Content/EngineMaterials/Substrate/GLints/dict_16_192_64_0p5_0p02_0037_0007.uasset" 5011
"../../../Engine/Content/EngineMaterials/Substrate/GLints/dict_16_192_64_0p5_0p02_0037_0015.uasset" 5012
"/Engine/EngineMaterials/Substrate/GLints/dict_16_192_64_0p5_0p02_0038_0006" 5013
"/Engine/EngineMaterials/Substrate/GLints/dict_16_192_64_0p5_0p02_0037_0007" 5014
"/Engine/EngineMaterials/Substrate/GLints/dict_16_192_64_0p5_0p02_0037_0008" 5015
"../../../Engine/Content/EngineMaterials/Substrate/GLints/dict_16_192_64_0p5_0p02_0037_0010.uasset" 5016
"/Engine/EngineMaterials/Substrate/GLints/dict_16_192_64_0p5_0p02_0037_0009" 5017
"../../../Engine/Content/EngineMaterials/Substrate/GLints/dict_16_192_64_0p5_0p02_0037_0002.uasset" 5018
"/Engine/EngineMaterials/Substrate/GLints/dict_16_192_64_0p5_0p02_0037_0011" 5019
"/Engine/EngineMaterials/Substrate/GLints/dict_16_192_64_0p5_0p02_0037_0012" 5020
"../../../Engine/Content/EngineMaterials/Substrate/GLints/dict_16_192_64_0p5_0p02_0037_0006.uasset" 5021
"../../../Engine/Content/EngineMaterials/Substrate/GLints/dict_16_192_64_0p5_0p02_0037_0005.uasset" 5022
"/Engine/EngineMaterials/Substrate/GLints/dict_16_192_64_0p5_0p02_0037_0013" 5023
"/Engine/EngineMaterials/Substrate/GLints/dict_16_192_64_0p5_0p02_0037_0014" 5024
"../../../Engine/Content/EngineMaterials/Substrate/GLints/dict_16_192_64_0p5_0p02_0037_0000.uasset" 5025
"../../../Engine/Content/EngineMaterials/Substrate/GLints/dict_16_192_64_0p5_0p02_0037_0003.uasset" 5026
"/Engine/EngineMaterials/Substrate/GLints/dict_16_192_64_0p5_0p02_0038_0003" 5027
"/Engine/EngineMaterials/Substrate/GLints/dict_16_192_64_0p5_0p02_0037_0015" 5028
"../../../Engine/Content/EngineMaterials/Substrate/GLints/dict_16_192_64_0p5_0p02_0037_0004.uasset" 5029
"/Engine/EngineMaterials/Substrate/GLints/dict_16_192_64_0p5_0p02_0037_0010" 5030
"../../../Engine/Content/EngineMaterials/Substrate/GLints/dict_16_192_64_0p5_0p02_0036_0011.uasset" 5031
"../../../Engine/Content/EngineMaterials/Substrate/GLints/dict_16_192_64_0p5_0p02_0037_0001.uasset" 5032
"/Engine/EngineMaterials/Substrate/GLints/dict_16_192_64_0p5_0p02_0037_0000" 5033
"/Engine/EngineMaterials/Substrate/GLints/dict_16_192_64_0p5_0p02_0037_0002" 5034
"/Engine/EngineMaterials/Substrate/GLints/dict_16_192_64_0p5_0p02_0037_0003" 5035
"../../../Engine/Content/EngineMaterials/Substrate/GLints/dict_16_192_64_0p5_0p02_0036_0008.uasset" 5036
"../../../Engine/Content/EngineMaterials/Substrate/GLints/dict_16_192_64_0p5_0p02_0036_0014.uasset" 5037
"/Engine/EngineMaterials/Substrate/GLints/dict_16_192_64_0p5_0p02_0037_0004" 5038
"../../../Engine/Content/EngineMaterials/Substrate/GLints/dict_16_192_64_0p5_0p02_0036_0015.uasset" 5039
"../../../Engine/Content/EngineMaterials/Substrate/GLints/dict_16_192_64_0p5_0p02_0036_0013.uasset" 5040
"../../../Engine/Content/EngineMaterials/Substrate/GLints/dict_16_192_64_0p5_0p02_0036_0012.uasset" 5041
"/Engine/EngineMaterials/Substrate/GLints/dict_16_192_64_0p5_0p02_0037_0005" 5042
"../../../Engine/Content/EngineMaterials/Substrate/GLints/dict_16_192_64_0p5_0p02_0036_0010.uasset" 5043
"/Engine/EngineMaterials/Substrate/GLints/dict_16_192_64_0p5_0p02_0037_0006" 5044
"../../../Engine/Content/EngineMaterials/Substrate/GLints/dict_16_192_64_0p5_0p02_0036_0005.uasset" 5045
"/Engine/EngineMaterials/Substrate/GLints/dict_16_192_64_0p5_0p02_0036_0008" 5046
"../../../Engine/Content/EngineMaterials/Substrate/GLints/dict_16_192_64_0p5_0p02_0036_0009.uasset" 5047
"/Engine/EngineMaterials/Substrate/GLints/dict_16_192_64_0p5_0p02_0036_0010" 5048
"/Engine/EngineMaterials/Substrate/GLints/dict_16_192_64_0p5_0p02_0036_0011" 5049
"../../../Engine/Content/EngineMaterials/Substrate/GLints/dict_16_192_64_0p5_0p02_0036_0004.uasset" 5050
"../../../Engine/Content/EngineMaterials/Substrate/GLints/dict_16_192_64_0p5_0p02_0036_0002.uasset" 5051
"../../../Engine/Content/EngineMaterials/Substrate/GLints/dict_16_192_64_0p5_0p02_0036_0007.uasset" 5052
"../../../Engine/Content/EngineMaterials/Substrate/GLints/dict_16_192_64_0p5_0p02_0036_0001.uasset" 5053
"/Engine/EngineMaterials/Substrate/GLints/dict_16_192_64_0p5_0p02_0036_0012" 5054
"/Engine/EngineMaterials/Substrate/GLints/dict_16_192_64_0p5_0p02_0037_0001" 5055
"/Engine/EngineMaterials/Substrate/GLints/dict_16_192_64_0p5_0p02_0036_0013" 5056
"/Engine/EngineMaterials/Substrate/GLints/dict_16_192_64_0p5_0p02_0036_0014" 5057
"../../../Engine/Content/EngineMaterials/Substrate/GLints/dict_16_192_64_0p5_0p02_0036_0006.uasset" 5058
"/Engine/EngineMaterials/Substrate/GLints/dict_16_192_64_0p5_0p02_0036_0015" 5059
"../../../Engine/Content/EngineMaterials/Substrate/GLints/dict_16_192_64_0p5_0p02_0036_0003.uasset" 5060
"/Engine/EngineMaterials/Substrate/GLints/dict_16_192_64_0p5_0p02_0036_0007" 5061
"/Engine/EngineMaterials/Substrate/GLints/dict_16_192_64_0p5_0p02_0036_0001" 5062
"/Engine/EngineMaterials/Substrate/GLints/dict_16_192_64_0p5_0p02_0036_0009" 5063
"/Engine/EngineMaterials/Substrate/GLints/dict_16_192_64_0p5_0p02_0036_0002" 5064
"../../../Engine/Content/EngineMaterials/Substrate/GLints/dict_16_192_64_0p5_0p02_0035_0008.uasset" 5065
"../../../Engine/Content/EngineMaterials/Substrate/GLints/dict_16_192_64_0p5_0p02_0035_0011.uasset" 5066
"../../../Engine/Content/EngineMaterials/Substrate/GLints/dict_16_192_64_0p5_0p02_0035_0015.uasset" 5067
"../../../Engine/Content/EngineMaterials/Substrate/GLints/dict_16_192_64_0p5_0p02_0035_0012.uasset" 5068
"/Engine/EngineMaterials/Substrate/GLints/dict_16_192_64_0p5_0p02_0036_0003" 5069
"../../../Engine/Content/EngineMaterials/Substrate/GLints/dict_16_192_64_0p5_0p02_0036_0000.uasset" 5070
"../../../Engine/Content/EngineMaterials/Substrate/GLints/dict_16_192_64_0p5_0p02_0035_0013.uasset" 5071
"../../../Engine/Content/EngineMaterials/Substrate/GLints/dict_16_192_64_0p5_0p02_0035_0010.uasset" 5072
"/Engine/EngineMaterials/Substrate/GLints/dict_16_192_64_0p5_0p02_0036_0004" 5073
"../../../Engine/Content/EngineMaterials/Substrate/GLints/dict_16_192_64_0p5_0p02_0035_0014.uasset" 5074
"/Engine/EngineMaterials/Substrate/GLints/dict_16_192_64_0p5_0p02_0036_0005" 5075
"../../../Engine/Content/EngineMaterials/Substrate/GLints/dict_16_192_64_0p5_0p02_0035_0006.uasset" 5076
"/Engine/EngineMaterials/Substrate/GLints/dict_16_192_64_0p5_0p02_0036_0006" 5077
"../../../Engine/Content/EngineMaterials/Substrate/GLints/dict_16_192_64_0p5_0p02_0035_0009.uasset" 5078
"../../../Engine/Content/EngineMaterials/Substrate/GLints/dict_16_192_64_0p5_0p02_0035_0003.uasset" 5079
"../../../Engine/Content/EngineMaterials/Substrate/GLints/dict_16_192_64_0p5_0p02_0035_0001.uasset" 5080
"../../../Engine/Content/EngineMaterials/Substrate/GLints/dict_16_192_64_0p5_0p02_0035_0007.uasset" 5081
"/Engine/EngineMaterials/Substrate/GLints/dict_16_192_64_0p5_0p02_0035_0008" 5082
"/Engine/EngineMaterials/Substrate/GLints/dict_16_192_64_0p5_0p02_0035_0009" 5083
"../../../Engine/Content/EngineMaterials/Substrate/GLints/dict_16_192_64_0p5_0p02_0035_0004.uasset" 5084
"/Engine/EngineMaterials/Substrate/GLints/dict_16_192_64_0p5_0p02_0035_0010" 5085
"/Engine/EngineMaterials/Substrate/GLints/dict_16_192_64_0p5_0p02_0035_0001" 5086
"/Engine/EngineMaterials/Substrate/GLints/dict_16_192_64_0p5_0p02_0035_0011" 5087
"../../../Engine/Content/EngineMaterials/Substrate/GLints/dict_16_192_64_0p5_0p02_0035_0005.uasset" 5088
"/Engine/EngineMaterials/Substrate/GLints/dict_16_192_64_0p5_0p02_0035_0012" 5089
"/Engine/EngineMaterials/Substrate/GLints/dict_16_192_64_0p5_0p02_0035_0013" 5090
"/Engine/EngineMaterials/Substrate/GLints/dict_16_192_64_0p5_0p02_0035_0003" 5091
"/Engine/EngineMaterials/Substrate/GLints/dict_16_192_64_0p5_0p02_0035_0014" 5092
"../../../Engine/Content/EngineMaterials/Substrate/GLints/dict_16_192_64_0p5_0p02_0035_0000.uasset" 5093
"../../../Engine/Content/EngineMaterials/Substrate/GLints/dict_16_192_64_0p5_0p02_0034_0015.uasset" 5094
"../../../Engine/Content/EngineMaterials/Substrate/GLints/dict_16_192_64_0p5_0p02_0035_0002.uasset" 5095
"/Engine/EngineMaterials/Substrate/GLints/dict_16_192_64_0p5_0p02_0035_0015" 5096
"/Engine/EngineMaterials/Substrate/GLints/dict_16_192_64_0p5_0p02_0036_0000" 5097
"../../../Engine/Content/EngineMaterials/Substrate/GLints/dict_16_192_64_0p5_0p02_0034_0012.uasset" 5098
"../../../Engine/Content/EngineMaterials/Substrate/GLints/dict_16_192_64_0p5_0p02_0034_0010.uasset" 5099
"/Engine/EngineMaterials/Substrate/GLints/dict_16_192_64_0p5_0p02_0035_0006" 5100
"/Engine/EngineMaterials/Substrate/GLints/dict_16_192_64_0p5_0p02_0035_0007" 5101
"../../../Engine/Content/EngineMaterials/Substrate/GLints/dict_16_192_64_0p5_0p02_0034_0011.uasset" 5102
"/Engine/EngineMaterials/Substrate/GLints/dict_16_192_64_0p5_0p02_0034_0010" 5103
"../../../Engine/Content/EngineMaterials/Substrate/GLints/dict_16_192_64_0p5_0p02_0034_0013.uasset" 5104
"/Engine/EngineMaterials/Substrate/GLints/dict_16_192_64_0p5_0p02_0034_0012" 5105
"/Engine/EngineMaterials/Substrate/GLints/dict_16_192_64_0p5_0p02_0035_0002" 5106
"../../../Engine/Content/EngineMaterials/Substrate/GLints/dict_16_192_64_0p5_0p02_0034_0008.uasset" 5107
"../../../Engine/Content/EngineMaterials/Substrate/GLints/dict_16_192_64_0p5_0p02_0034_0009.uasset" 5108
"/Engine/EngineMaterials/Substrate/GLints/dict_16_192_64_0p5_0p02_0034_0015" 5109
"/Engine/EngineMaterials/Substrate/GLints/dict_16_192_64_0p5_0p02_0035_0000" 5110
"../../../Engine/Content/EngineMaterials/Substrate/GLints/dict_16_192_64_0p5_0p02_0034_0014.uasset" 5111
"../../../Engine/Content/EngineMaterials/Substrate/GLints/dict_16_192_64_0p5_0p02_0034_0001.uasset" 5112
"../../../Engine/Content/EngineMaterials/Substrate/GLints/dict_16_192_64_0p5_0p02_0034_0005.uasset" 5113
"/Engine/EngineMaterials/Substrate/GLints/dict_16_192_64_0p5_0p02_0035_0004" 5114
"../../../Engine/Content/EngineMaterials/Substrate/GLints/dict_16_192_64_0p5_0p02_0034_0003.uasset" 5115
"/Engine/EngineMaterials/Substrate/GLints/dict_16_192_64_0p5_0p02_0035_0005" 5116
"../../../Engine/Content/EngineMaterials/Substrate/GLints/dict_16_192_64_0p5_0p02_0034_0002.uasset" 5117
"../../../Engine/Content/EngineMaterials/Substrate/GLints/dict_16_192_64_0p5_0p02_0034_0004.uasset" 5118
"/Engine/EngineMaterials/Substrate/GLints/dict_16_192_64_0p5_0p02_0034_0001" 5119
"/Engine/EngineMaterials/Substrate/GLints/dict_16_192_64_0p5_0p02_0034_0009" 5120
"../../../Engine/Content/EngineMaterials/Substrate/GLints/dict_16_192_64_0p5_0p02_0034_0006.uasset" 5121
"/Engine/EngineMaterials/Substrate/GLints/dict_16_192_64_0p5_0p02_0034_0003" 5122
"/Engine/EngineMaterials/Substrate/GLints/dict_16_192_64_0p5_0p02_0034_0011" 5123
"/Engine/EngineMaterials/Substrate/GLints/dict_16_192_64_0p5_0p02_0034_0013" 5124
"/Engine/EngineMaterials/Substrate/GLints/dict_16_192_64_0p5_0p02_0034_0014" 5125
"../../../Engine/Content/EngineMaterials/Substrate/GLints/dict_16_192_64_0p5_0p02_0034_0007.uasset" 5126
"/Engine/EngineMaterials/Substrate/GLints/dict_16_192_64_0p5_0p02_0034_0005" 5127
"/Engine/EngineMaterials/Substrate/GLints/dict_16_192_64_0p5_0p02_0034_0008" 5128
"/Engine/EngineMaterials/Substrate/GLints/dict_16_192_64_0p5_0p02_0034_0002" 5129
"/Engine/EngineMaterials/Substrate/GLints/dict_16_192_64_0p5_0p02_0034_0004" 5130
"../../../Engine/Content/EngineMaterials/Substrate/GLints/dict_16_192_64_0p5_0p02_0034_0000.uasset" 5131
"../../../Engine/Content/EngineMaterials/Substrate/GLints/dict_16_192_64_0p5_0p02_0033_0015.uasset" 5132
"/Engine/EngineMaterials/Substrate/GLints/dict_16_192_64_0p5_0p02_0034_0006" 5133
"/Engine/EngineMaterials/Substrate/GLints/dict_16_192_64_0p5_0p02_0034_0007" 5134
"/Engine/EngineMaterials/Substrate/GLints/dict_16_192_64_0p5_0p02_0033_0015" 5135
"../../../Engine/Content/EngineMaterials/Substrate/GLints/dict_16_192_64_0p5_0p02_0033_0008.uasset" 5136
"../../../Engine/Content/EngineMaterials/Substrate/GLints/dict_16_192_64_0p5_0p02_0033_0011.uasset" 5137
"../../../Engine/Content/EngineMaterials/Substrate/GLints/dict_16_192_64_0p5_0p02_0033_0012.uasset" 5138
"/Engine/EngineMaterials/Substrate/GLints/dict_16_192_64_0p5_0p02_0034_0000" 5139
"../../../Engine/Content/EngineMaterials/Substrate/GLints/dict_16_192_64_0p5_0p02_0033_0013.uasset" 5140
"../../../Engine/Content/EngineMaterials/Substrate/GLints/dict_16_192_64_0p5_0p02_0033_0004.uasset" 5141
"/Engine/EngineMaterials/Substrate/GLints/dict_16_192_64_0p5_0p02_0033_0008" 5142
"../../../Engine/Content/EngineMaterials/Substrate/GLints/dict_16_192_64_0p5_0p02_0033_0014.uasset" 5143
"../../../Engine/Content/EngineMaterials/Substrate/GLints/dict_16_192_64_0p5_0p02_0033_0006.uasset" 5144
"../../../Engine/Content/EngineMaterials/Substrate/GLints/dict_16_192_64_0p5_0p02_0033_0009.uasset" 5145
"/Engine/EngineMaterials/Substrate/GLints/dict_16_192_64_0p5_0p02_0033_0011" 5146
"../../../Engine/Content/EngineMaterials/Substrate/GLints/dict_16_192_64_0p5_0p02_0033_0010.uasset" 5147
"/Engine/EngineMaterials/Substrate/GLints/dict_16_192_64_0p5_0p02_0033_0012" 5148
"../../../Engine/Content/EngineMaterials/Substrate/GLints/dict_16_192_64_0p5_0p02_0033_0007.uasset" 5149
"../../../Engine/Content/EngineMaterials/Substrate/GLints/dict_16_192_64_0p5_0p02_0033_0001.uasset" 5150
"/Engine/EngineMaterials/Substrate/GLints/dict_16_192_64_0p5_0p02_0033_0013" 5151
"../../../Engine/Content/EngineMaterials/Substrate/GLints/dict_16_192_64_0p5_0p02_0033_0000.uasset" 5152
"../../../Engine/Content/EngineMaterials/Substrate/GLints/dict_16_192_64_0p5_0p02_0033_0005.uasset" 5153
"/Engine/EngineMaterials/Substrate/GLints/dict_16_192_64_0p5_0p02_0033_0004" 5154
"../../../Engine/Content/EngineMaterials/Substrate/GLints/dict_16_192_64_0p5_0p02_0033_0003.uasset" 5155
"../../../Engine/Content/EngineMaterials/Substrate/GLints/dict_16_192_64_0p5_0p02_0032_0014.uasset" 5156
"/Engine/EngineMaterials/Substrate/GLints/dict_16_192_64_0p5_0p02_0033_0005" 5157
"../../../Engine/Content/EngineMaterials/Substrate/GLints/dict_16_192_64_0p5_0p02_0032_0013.uasset" 5158
"/Engine/EngineMaterials/Substrate/GLints/dict_16_192_64_0p5_0p02_0033_0006" 5159
"/Engine/EngineMaterials/Substrate/GLints/dict_16_192_64_0p5_0p02_0033_0007" 5160
"../../../Engine/Content/EngineMaterials/Substrate/GLints/dict_16_192_64_0p5_0p02_0033_0002.uasset" 5161
"/Engine/EngineMaterials/Substrate/GLints/dict_16_192_64_0p5_0p02_0033_0009" 5162
"/Engine/EngineMaterials/Substrate/GLints/dict_16_192_64_0p5_0p02_0033_0000" 5163
"../../../Engine/Content/EngineMaterials/Substrate/GLints/dict_16_192_64_0p5_0p02_0032_0015.uasset" 5164
"/Engine/EngineMaterials/Substrate/GLints/dict_16_192_64_0p5_0p02_0033_0010" 5165
"/Engine/EngineMaterials/Substrate/GLints/dict_16_192_64_0p5_0p02_0033_0001" 5166
"../../../Engine/Content/EngineMaterials/Substrate/GLints/dict_16_192_64_0p5_0p02_0032_0012.uasset" 5167
"/Engine/EngineMaterials/Substrate/GLints/dict_16_192_64_0p5_0p02_0033_0014" 5168
"../../../Engine/Content/EngineMaterials/Substrate/GLints/dict_16_192_64_0p5_0p02_0032_0006.uasset" 5169
"/Engine/EngineMaterials/Substrate/GLints/dict_16_192_64_0p5_0p02_0032_0006" 5170
"../../../Engine/Content/EngineMaterials/Substrate/GLints/dict_16_192_64_0p5_0p02_0032_0007.uasset" 5171
"../../../Engine/Content/EngineMaterials/Substrate/GLints/dict_16_192_64_0p5_0p02_0032_0010.uasset" 5172
"/Engine/EngineMaterials/Substrate/GLints/dict_16_192_64_0p5_0p02_0032_0013" 5173
"../../../Engine/Content/EngineMaterials/Substrate/GLints/dict_16_192_64_0p5_0p02_0032_0011.uasset" 5174
"../../../Engine/Content/EngineMaterials/Substrate/GLints/dict_16_192_64_0p5_0p02_0032_0004.uasset" 5175
"/Engine/EngineMaterials/Substrate/GLints/dict_16_192_64_0p5_0p02_0032_0014" 5176
"../../../Engine/Content/EngineMaterials/Substrate/GLints/dict_16_192_64_0p5_0p02_0032_0001.uasset" 5177
"../../../Engine/Content/EngineMaterials/Substrate/GLints/dict_16_192_64_0p5_0p02_0032_0003.uasset" 5178
"../../../Engine/Content/EngineMaterials/Substrate/GLints/dict_16_192_64_0p5_0p02_0032_0008.uasset" 5179
"../../../Engine/Content/EngineMaterials/Substrate/GLints/dict_16_192_64_0p5_0p02_0032_0005.uasset" 5180
"/Engine/EngineMaterials/Substrate/GLints/dict_16_192_64_0p5_0p02_0032_0015" 5181
"../../../Engine/Content/EngineMaterials/Substrate/GLints/dict_16_192_64_0p5_0p02_0031_0015.uasset" 5182
"../../../Engine/Content/EngineMaterials/Substrate/GLints/dict_16_192_64_0p5_0p02_0032_0002.uasset" 5183
"/Engine/EngineMaterials/Substrate/GLints/dict_16_192_64_0p5_0p02_0033_0002" 5184
"../../../Engine/Content/EngineMaterials/Substrate/GLints/dict_16_192_64_0p5_0p02_0032_0000.uasset" 5185
"../../../Engine/Content/EngineMaterials/Substrate/GLints/dict_16_192_64_0p5_0p02_0032_0009.uasset" 5186
"/Engine/EngineMaterials/Substrate/GLints/dict_16_192_64_0p5_0p02_0033_0003" 5187
"/Engine/EngineMaterials/Substrate/GLints/dict_16_192_64_0p5_0p02_0032_0012" 5188
"../../../Engine/Content/EngineMaterials/Substrate/GLints/dict_16_192_64_0p5_0p02_0031_0013.uasset" 5189
"/Engine/EngineMaterials/Substrate/GLints/dict_16_192_64_0p5_0p02_0032_0005" 5190
"../../../Engine/Content/EngineMaterials/Substrate/GLints/dict_16_192_64_0p5_0p02_0031_0012.uasset" 5191
"/Engine/EngineMaterials/Substrate/GLints/dict_16_192_64_0p5_0p02_0032_0001" 5192
"/Engine/EngineMaterials/Substrate/GLints/dict_16_192_64_0p5_0p02_0032_0007" 5193
"/Engine/EngineMaterials/Substrate/GLints/dict_16_192_64_0p5_0p02_0032_0002" 5194
"../../../Engine/Content/EngineMaterials/Substrate/GLints/dict_16_192_64_0p5_0p02_0031_0011.uasset" 5195
"/Engine/EngineMaterials/Substrate/GLints/dict_16_192_64_0p5_0p02_0032_0008" 5196
"/Engine/EngineMaterials/Substrate/GLints/dict_16_192_64_0p5_0p02_0032_0009" 5197
"../../../Engine/Content/EngineMaterials/Substrate/GLints/dict_16_192_64_0p5_0p02_0031_0014.uasset" 5198
"/Engine/EngineMaterials/Substrate/GLints/dict_16_192_64_0p5_0p02_0032_0010" 5199
"/Engine/EngineMaterials/Substrate/GLints/dict_16_192_64_0p5_0p02_0031_0013" 5200
"/Engine/EngineMaterials/Substrate/GLints/dict_16_192_64_0p5_0p02_0032_0011" 5201
"/Engine/EngineMaterials/Substrate/GLints/dict_16_192_64_0p5_0p02_0031_0015" 5202
"../../../Engine/Content/EngineMaterials/Substrate/GLints/dict_16_192_64_0p5_0p02_0031_0003.uasset" 5203
"../../../Engine/Content/EngineMaterials/Substrate/GLints/dict_16_192_64_0p5_0p02_0031_0004.uasset" 5204
"/Engine/EngineMaterials/Substrate/GLints/dict_16_192_64_0p5_0p02_0032_0003" 5205
"../../../Engine/Content/EngineMaterials/Substrate/GLints/dict_16_192_64_0p5_0p02_0031_0008.uasset" 5206
"../../../Engine/Content/EngineMaterials/Substrate/GLints/dict_16_192_64_0p5_0p02_0031_0005.uasset" 5207
"/Engine/EngineMaterials/Substrate/GLints/dict_16_192_64_0p5_0p02_0032_0000" 5208
"../../../Engine/Content/EngineMaterials/Substrate/GLints/dict_16_192_64_0p5_0p02_0031_0002.uasset" 5209
"/Engine/EngineMaterials/Substrate/GLints/dict_16_192_64_0p5_0p02_0032_0004" 5210
"../../../Engine/Content/EngineMaterials/Substrate/GLints/dict_16_192_64_0p5_0p02_0031_0007.uasset" 5211
"../../../Engine/Content/EngineMaterials/Substrate/GLints/dict_16_192_64_0p5_0p02_0031_0009.uasset" 5212
"/Engine/EngineMaterials/Substrate/GLints/dict_16_192_64_0p5_0p02_0031_0002" 5213
"/Engine/EngineMaterials/Substrate/GLints/dict_16_192_64_0p5_0p02_0031_0003" 5214
"../../../Engine/Content/EngineMaterials/Substrate/GLints/dict_16_192_64_0p5_0p02_0031_0006.uasset" 5215
"/Engine/EngineMaterials/Substrate/GLints/dict_16_192_64_0p5_0p02_0031_0004" 5216
"/Engine/EngineMaterials/Substrate/GLints/dict_16_192_64_0p5_0p02_0031_0005" 5217
"../../../Engine/Content/EngineMaterials/Substrate/GLints/dict_16_192_64_0p5_0p02_0031_0000.uasset" 5218
"../../../Engine/Content/EngineMaterials/Substrate/GLints/dict_16_192_64_0p5_0p02_0030_0015.uasset" 5219
"../../../Engine/Content/EngineMaterials/Substrate/GLints/dict_16_192_64_0p5_0p02_0031_0010.uasset" 5220
"/Engine/EngineMaterials/Substrate/GLints/dict_16_192_64_0p5_0p02_0031_0011" 5221
"/Engine/EngineMaterials/Substrate/GLints/dict_16_192_64_0p5_0p02_0031_0007" 5222
"../../../Engine/Content/EngineMaterials/Substrate/GLints/dict_16_192_64_0p5_0p02_0030_0014.uasset" 5223
"/Engine/EngineMaterials/Substrate/GLints/dict_16_192_64_0p5_0p02_0031_0008" 5224
"../../../Engine/Content/EngineMaterials/Substrate/GLints/dict_16_192_64_0p5_0p02_0030_0011.uasset" 5225
"/Engine/EngineMaterials/Substrate/GLints/dict_16_192_64_0p5_0p02_0031_0012" 5226
"../../../Engine/Content/EngineMaterials/Substrate/GLints/dict_16_192_64_0p5_0p02_0030_0013.uasset" 5227
"/Engine/EngineMaterials/Substrate/GLints/dict_16_192_64_0p5_0p02_0031_0009" 5228
"/Engine/EngineMaterials/Substrate/GLints/dict_16_192_64_0p5_0p02_0031_0014" 5229
"../../../Engine/Content/EngineMaterials/Substrate/GLints/dict_16_192_64_0p5_0p02_0031_0001.uasset" 5230
"../../../Engine/Content/EngineMaterials/Substrate/GLints/dict_16_192_64_0p5_0p02_0030_0012.uasset" 5231
"/Engine/EngineMaterials/Substrate/GLints/dict_16_192_64_0p5_0p02_0030_0011" 5232
"/Engine/EngineMaterials/Substrate/GLints/dict_16_192_64_0p5_0p02_0030_0013" 5233
"/Engine/EngineMaterials/Substrate/GLints/dict_16_192_64_0p5_0p02_0031_0006" 5234
"/Engine/EngineMaterials/Substrate/GLints/dict_16_192_64_0p5_0p02_0030_0014" 5235
"/Engine/EngineMaterials/Substrate/GLints/dict_16_192_64_0p5_0p02_0030_0015" 5236
"../../../Engine/Content/EngineMaterials/Substrate/GLints/dict_16_192_64_0p5_0p02_0030_0010.uasset" 5237
"/Engine/EngineMaterials/Substrate/GLints/dict_16_192_64_0p5_0p02_0031_0010" 5238
"/Engine/EngineMaterials/Substrate/GLints/dict_16_192_64_0p5_0p02_0031_0000" 5239
"/Engine/EngineMaterials/Substrate/GLints/dict_16_192_64_0p5_0p02_0031_0001" 5240
"/Engine/EngineMaterials/Substrate/GLints/dict_16_192_64_0p5_0p02_0030_0012" 5241
"/Engine/EngineMaterials/Substrate/GLints/dict_16_192_64_0p5_0p02_0030_0010" 5242
"../../../Engine/Content/EngineMaterials/Substrate/GLints/dict_16_192_64_0p5_0p02_0030_0008.uasset" 5243
"../../../Engine/Content/EngineMaterials/Substrate/GLints/dict_16_192_64_0p5_0p02_0030_0009.uasset" 5244
"../../../Engine/Content/EngineMaterials/Substrate/GLints/dict_16_192_64_0p5_0p02_0030_0000.uasset" 5245
"/Engine/EngineMaterials/Substrate/GLints/dict_16_192_64_0p5_0p02_0030_0000" 5246
"/Engine/EngineMaterials/Substrate/GLints/dict_16_192_64_0p5_0p02_0030_0008" 5247
"../../../Engine/Content/EngineMaterials/Substrate/GLints/dict_16_192_64_0p5_0p02_0030_0006.uasset" 5248
"../../../Engine/Content/EngineMaterials/Substrate/GLints/dict_16_192_64_0p5_0p02_0029_0015.uasset" 5249
"../../../Engine/Content/EngineMaterials/Substrate/GLints/dict_16_192_64_0p5_0p02_0030_0007.uasset" 5250
"../../../Engine/Content/EngineMaterials/Substrate/GLints/dict_16_192_64_0p5_0p02_0030_0004.uasset" 5251
"../../../Engine/Content/EngineMaterials/Substrate/GLints/dict_16_192_64_0p5_0p02_0030_0002.uasset" 5252
"../../../Engine/Content/EngineMaterials/Substrate/GLints/dict_16_192_64_0p5_0p02_0029_0014.uasset" 5253
"/Engine/EngineMaterials/Substrate/GLints/dict_16_192_64_0p5_0p02_0030_0009" 5254
"/Engine/EngineMaterials/Substrate/GLints/dict_16_192_64_0p5_0p02_0029_0014" 5255
"../../../Engine/Content/EngineMaterials/Substrate/GLints/dict_16_192_64_0p5_0p02_0030_0003.uasset" 5256
"../../../Engine/Content/EngineMaterials/Substrate/GLints/dict_16_192_64_0p5_0p02_0030_0005.uasset" 5257
"/Engine/EngineMaterials/Substrate/GLints/dict_16_192_64_0p5_0p02_0029_0015" 5258
"../../../Engine/Content/EngineMaterials/Substrate/GLints/dict_16_192_64_0p5_0p02_0030_0001.uasset" 5259
"/Engine/EngineMaterials/Substrate/GLints/dict_16_192_64_0p5_0p02_0030_0002" 5260
"/Engine/EngineMaterials/Substrate/GLints/dict_16_192_64_0p5_0p02_0030_0004" 5261
"/Engine/EngineMaterials/Substrate/GLints/dict_16_192_64_0p5_0p02_0030_0006" 5262
"../../../Engine/Content/EngineMaterials/Substrate/GLints/dict_16_192_64_0p5_0p02_0029_0013.uasset" 5263
"/Engine/EngineMaterials/Substrate/GLints/dict_16_192_64_0p5_0p02_0030_0007" 5264
"../../../Engine/Content/EngineMaterials/Substrate/GLints/dict_16_192_64_0p5_0p02_0029_0009.uasset" 5265
"../../../Engine/Content/EngineMaterials/Substrate/GLints/dict_16_192_64_0p5_0p02_0029_0008.uasset" 5266
"/Engine/EngineMaterials/Substrate/GLints/dict_16_192_64_0p5_0p02_0030_0001" 5267
"../../../Engine/Content/EngineMaterials/Substrate/GLints/dict_16_192_64_0p5_0p02_0029_0005.uasset" 5268
"../../../Engine/Content/EngineMaterials/Substrate/GLints/dict_16_192_64_0p5_0p02_0029_0010.uasset" 5269
"/Engine/EngineMaterials/Substrate/GLints/dict_16_192_64_0p5_0p02_0030_0003" 5270
"../../../Engine/Content/EngineMaterials/Substrate/GLints/dict_16_192_64_0p5_0p02_0029_0004.uasset" 5271
"/Engine/EngineMaterials/Substrate/GLints/dict_16_192_64_0p5_0p02_0030_0005" 5272
"../../../Engine/Content/EngineMaterials/Substrate/GLints/dict_16_192_64_0p5_0p02_0029_0007.uasset" 5273
"/Engine/EngineMaterials/Substrate/GLints/dict_16_192_64_0p5_0p02_0029_0013" 5274
"../../../Engine/Content/EngineMaterials/Substrate/GLints/dict_16_192_64_0p5_0p02_0029_0006.uasset" 5275
"../../../Engine/Content/EngineMaterials/Substrate/GLints/dict_16_192_64_0p5_0p02_0029_0012.uasset" 5276
"/Engine/EngineMaterials/Substrate/GLints/dict_16_192_64_0p5_0p02_0029_0004" 5277
"../../../Engine/Content/EngineMaterials/Substrate/GLints/dict_16_192_64_0p5_0p02_0029_0011.uasset" 5278
"/Engine/EngineMaterials/Substrate/GLints/dict_16_192_64_0p5_0p02_0029_0005" 5279
"/Engine/EngineMaterials/Substrate/GLints/dict_16_192_64_0p5_0p02_0029_0006" 5280
"../../../Engine/Content/EngineMaterials/Substrate/GLints/dict_16_192_64_0p5_0p02_0029_0002.uasset" 5281
"../../../Engine/Content/EngineMaterials/Substrate/GLints/dict_16_192_64_0p5_0p02_0029_0001.uasset" 5282
"/Engine/EngineMaterials/Substrate/GLints/dict_16_192_64_0p5_0p02_0029_0007" 5283
"../../../Engine/Content/EngineMaterials/Substrate/GLints/dict_16_192_64_0p5_0p02_0028_0014.uasset" 5284
"../../../Engine/Content/EngineMaterials/Substrate/GLints/dict_16_192_64_0p5_0p02_0029_0003.uasset" 5285
"../../../Engine/Content/EngineMaterials/Substrate/GLints/dict_16_192_64_0p5_0p02_0028_0011.uasset" 5286
"../../../Engine/Content/EngineMaterials/Substrate/GLints/dict_16_192_64_0p5_0p02_0029_0000.uasset" 5287
"../../../Engine/Content/EngineMaterials/Substrate/GLints/dict_16_192_64_0p5_0p02_0028_0010.uasset" 5288
"../../../Engine/Content/EngineMaterials/Substrate/GLints/dict_16_192_64_0p5_0p02_0028_0007.uasset" 5289
"/Engine/EngineMaterials/Substrate/GLints/dict_16_192_64_0p5_0p02_0029_0008" 5290
"../../../Engine/Content/EngineMaterials/Substrate/GLints/dict_16_192_64_0p5_0p02_0028_0013.uasset" 5291
"/Engine/EngineMaterials/Substrate/GLints/dict_16_192_64_0p5_0p02_0029_0009" 5292
"../../../Engine/Content/EngineMaterials/Substrate/GLints/dict_16_192_64_0p5_0p02_0028_0012.uasset" 5293
"/Engine/EngineMaterials/Substrate/GLints/dict_16_192_64_0p5_0p02_0029_0010" 5294
"../../../Engine/Content/EngineMaterials/Substrate/GLints/dict_16_192_64_0p5_0p02_0028_0015.uasset" 5295
"../../../Engine/Content/EngineMaterials/Substrate/GLints/dict_16_192_64_0p5_0p02_0028_0009.uasset" 5296
"../../../Engine/Content/EngineMaterials/Substrate/GLints/dict_16_192_64_0p5_0p02_0028_0008.uasset" 5297
"/Engine/EngineMaterials/Substrate/GLints/dict_16_192_64_0p5_0p02_0028_0012" 5298
"/Engine/EngineMaterials/Substrate/GLints/dict_16_192_64_0p5_0p02_0028_0007" 5299
"/Engine/EngineMaterials/Substrate/GLints/dict_16_192_64_0p5_0p02_0028_0010" 5300
"/Engine/EngineMaterials/Substrate/GLints/dict_16_192_64_0p5_0p02_0028_0013" 5301
"../../../Engine/Content/EngineMaterials/Substrate/GLints/dict_16_192_64_0p5_0p02_0028_0003.uasset" 5302
"/Engine/EngineMaterials/Substrate/GLints/dict_16_192_64_0p5_0p02_0028_0014" 5303
"/Engine/EngineMaterials/Substrate/GLints/dict_16_192_64_0p5_0p02_0028_0015" 5304
"../../../Engine/Content/EngineMaterials/Substrate/GLints/dict_16_192_64_0p5_0p02_0028_0005.uasset" 5305
"../../../Engine/Content/EngineMaterials/Substrate/GLints/dict_16_192_64_0p5_0p02_0028_0000.uasset" 5306
"/Engine/EngineMaterials/Substrate/GLints/dict_16_192_64_0p5_0p02_0029_0011" 5307
"../../../Engine/Content/EngineMaterials/Substrate/GLints/dict_16_192_64_0p5_0p02_0027_0015.uasset" 5308
"../../../Engine/Content/EngineMaterials/Substrate/GLints/dict_16_192_64_0p5_0p02_0028_0002.uasset" 5309
"../../../Engine/Content/EngineMaterials/Substrate/GLints/dict_16_192_64_0p5_0p02_0028_0004.uasset" 5310
"/Engine/EngineMaterials/Substrate/GLints/dict_16_192_64_0p5_0p02_0029_0012" 5311
"../../../Engine/Content/EngineMaterials/Substrate/GLints/dict_16_192_64_0p5_0p02_0027_0014.uasset" 5312
"../../../Engine/Content/EngineMaterials/Substrate/GLints/dict_16_192_64_0p5_0p02_0028_0001.uasset" 5313
"/Engine/EngineMaterials/Substrate/GLints/dict_16_192_64_0p5_0p02_0029_0000" 5314
"../../../Engine/Content/EngineMaterials/Substrate/GLints/dict_16_192_64_0p5_0p02_0027_0013.uasset" 5315
"/Engine/EngineMaterials/Substrate/GLints/dict_16_192_64_0p5_0p02_0029_0001" 5316
"../../../Engine/Content/EngineMaterials/Substrate/GLints/dict_16_192_64_0p5_0p02_0028_0006.uasset" 5317
"/Engine/EngineMaterials/Substrate/GLints/dict_16_192_64_0p5_0p02_0029_0002" 5318
"/Engine/EngineMaterials/Substrate/GLints/dict_16_192_64_0p5_0p02_0028_0008" 5319
"/Engine/EngineMaterials/Substrate/GLints/dict_16_192_64_0p5_0p02_0028_0009" 5320
"/Engine/EngineMaterials/Substrate/GLints/dict_16_192_64_0p5_0p02_0028_0011" 5321
"/Engine/EngineMaterials/Substrate/GLints/dict_16_192_64_0p5_0p02_0029_0003" 5322
"/Engine/EngineMaterials/Substrate/GLints/dict_16_192_64_0p5_0p02_0028_0001" 5323
"../../../Engine/Content/EngineMaterials/Substrate/GLints/dict_16_192_64_0p5_0p02_0027_0011.uasset" 5324
"/Engine/EngineMaterials/Substrate/GLints/dict_16_192_64_0p5_0p02_0028_0002" 5325
"../../../Engine/Content/EngineMaterials/Substrate/GLints/dict_16_192_64_0p5_0p02_0027_0012.uasset" 5326
"/Engine/EngineMaterials/Substrate/GLints/dict_16_192_64_0p5_0p02_0027_0013" 5327
"../../../Engine/Content/EngineMaterials/Substrate/GLints/dict_16_192_64_0p5_0p02_0027_0008.uasset" 5328
"/Engine/EngineMaterials/Substrate/GLints/dict_16_192_64_0p5_0p02_0028_0003" 5329
"../../../Engine/Content/EngineMaterials/Substrate/GLints/dict_16_192_64_0p5_0p02_0027_0009.uasset" 5330
"../../../Engine/Content/EngineMaterials/Substrate/GLints/dict_16_192_64_0p5_0p02_0027_0006.uasset" 5331
"/Engine/EngineMaterials/Substrate/GLints/dict_16_192_64_0p5_0p02_0027_0014" 5332
"/Engine/EngineMaterials/Substrate/GLints/dict_16_192_64_0p5_0p02_0028_0004" 5333
"../../../Engine/Content/EngineMaterials/Substrate/GLints/dict_16_192_64_0p5_0p02_0027_0007.uasset" 5334
"../../../Engine/Content/EngineMaterials/Substrate/GLints/dict_16_192_64_0p5_0p02_0027_0010.uasset" 5335
"/Engine/EngineMaterials/Substrate/GLints/dict_16_192_64_0p5_0p02_0027_0015" 5336
"/Engine/EngineMaterials/Substrate/GLints/dict_16_192_64_0p5_0p02_0028_0005" 5337
"/Engine/EngineMaterials/Substrate/GLints/dict_16_192_64_0p5_0p02_0028_0000" 5338
"/Engine/EngineMaterials/Substrate/GLints/dict_16_192_64_0p5_0p02_0028_0006" 5339
"/Engine/EngineMaterials/Substrate/GLints/dict_16_192_64_0p5_0p02_0027_0006" 5340
"/Engine/EngineMaterials/Substrate/GLints/dict_16_192_64_0p5_0p02_0027_0007" 5341
"/Engine/EngineMaterials/Substrate/GLints/dict_16_192_64_0p5_0p02_0027_0008" 5342
"/Engine/EngineMaterials/Substrate/GLints/dict_16_192_64_0p5_0p02_0027_0009" 5343
"/Engine/EngineMaterials/Substrate/GLints/dict_16_192_64_0p5_0p02_0027_0010" 5344
"/Engine/EngineMaterials/Substrate/GLints/dict_16_192_64_0p5_0p02_0027_0011" 5345
"../../../Engine/Content/EngineMaterials/Substrate/GLints/dict_16_192_64_0p5_0p02_0027_0002.uasset" 5346
"/Engine/EngineMaterials/Substrate/GLints/dict_16_192_64_0p5_0p02_0027_0012" 5347
"../../../Engine/Content/EngineMaterials/Substrate/GLints/dict_16_192_64_0p5_0p02_0027_0005.uasset" 5348
"/Engine/EngineMaterials/Substrate/GLints/dict_16_192_64_0p5_0p02_0027_0002" 5349
"/Engine/EngineMaterials/Substrate/GLints/dict_16_192_64_0p5_0p02_0027_0005" 5350
"../../../Engine/Content/EngineMaterials/Substrate/GLints/dict_16_192_64_0p5_0p02_0027_0000.uasset" 5351
"../../../Engine/Content/EngineMaterials/Substrate/GLints/dict_16_192_64_0p5_0p02_0027_0003.uasset" 5352
"../../../Engine/Content/EngineMaterials/Substrate/GLints/dict_16_192_64_0p5_0p02_0026_0012.uasset" 5353
"../../../Engine/Content/EngineMaterials/Substrate/GLints/dict_16_192_64_0p5_0p02_0026_0015.uasset" 5354
"../../../Engine/Content/EngineMaterials/Substrate/GLints/dict_16_192_64_0p5_0p02_0026_0014.uasset" 5355
"../../../Engine/Content/EngineMaterials/Substrate/GLints/dict_16_192_64_0p5_0p02_0026_0008.uasset" 5356
"../../../Engine/Content/EngineMaterials/Substrate/GLints/dict_16_192_64_0p5_0p02_0026_0011.uasset" 5357
"../../../Engine/Content/EngineMaterials/Substrate/GLints/dict_16_192_64_0p5_0p02_0026_0007.uasset" 5358
"../../../Engine/Content/EngineMaterials/Substrate/GLints/dict_16_192_64_0p5_0p02_0026_0013.uasset" 5359
"../../../Engine/Content/EngineMaterials/Substrate/GLints/dict_16_192_64_0p5_0p02_0027_0001.uasset" 5360
"../../../Engine/Content/EngineMaterials/Substrate/GLints/dict_16_192_64_0p5_0p02_0026_0010.uasset" 5361
"../../../Engine/Content/EngineMaterials/Substrate/GLints/dict_16_192_64_0p5_0p02_0026_0009.uasset" 5362
"../../../Engine/Content/EngineMaterials/Substrate/GLints/dict_16_192_64_0p5_0p02_0027_0004.uasset" 5363
"../../../Engine/Content/EngineMaterials/Substrate/GLints/dict_16_192_64_0p5_0p02_0026_0002.uasset" 5364
"../../../Engine/Content/EngineMaterials/Substrate/GLints/dict_16_192_64_0p5_0p02_0026_0000.uasset" 5365
"../../../Engine/Content/EngineMaterials/Substrate/GLints/dict_16_192_64_0p5_0p02_0026_0006.uasset" 5366
"../../../Engine/Content/EngineMaterials/Substrate/GLints/dict_16_192_64_0p5_0p02_0026_0005.uasset" 5367
"../../../Engine/Content/EngineMaterials/Substrate/GLints/dict_16_192_64_0p5_0p02_0025_0013.uasset" 5368
"../../../Engine/Content/EngineMaterials/Substrate/GLints/dict_16_192_64_0p5_0p02_0026_0004.uasset" 5369
"../../../Engine/Content/EngineMaterials/Substrate/GLints/dict_16_192_64_0p5_0p02_0026_0003.uasset" 5370
"../../../Engine/Content/EngineMaterials/Substrate/GLints/dict_16_192_64_0p5_0p02_0025_0009.uasset" 5371
"../../../Engine/Content/EngineMaterials/Substrate/GLints/dict_16_192_64_0p5_0p02_0025_0007.uasset" 5372
"../../../Engine/Content/EngineMaterials/Substrate/GLints/dict_16_192_64_0p5_0p02_0025_0015.uasset" 5373
"../../../Engine/Content/EngineMaterials/Substrate/GLints/dict_16_192_64_0p5_0p02_0026_0001.uasset" 5374
"../../../Engine/Content/EngineMaterials/Substrate/GLints/dict_16_192_64_0p5_0p02_0025_0014.uasset" 5375
"../../../Engine/Content/EngineMaterials/Substrate/GLints/dict_16_192_64_0p5_0p02_0025_0010.uasset" 5376
"../../../Engine/Content/EngineMaterials/Substrate/GLints/dict_16_192_64_0p5_0p02_0025_0012.uasset" 5377
"../../../Engine/Content/EngineMaterials/Substrate/GLints/dict_16_192_64_0p5_0p02_0025_0008.uasset" 5378
"../../../Engine/Content/EngineMaterials/Substrate/GLints/dict_16_192_64_0p5_0p02_0025_0005.uasset" 5379
"../../../Engine/Content/EngineMaterials/Substrate/GLints/dict_16_192_64_0p5_0p02_0025_0011.uasset" 5380
"../../../Engine/Content/EngineMaterials/Substrate/GLints/dict_16_192_64_0p5_0p02_0025_0004.uasset" 5381
"../../../Engine/Content/EngineMaterials/Substrate/GLints/dict_16_192_64_0p5_0p02_0025_0006.uasset" 5382
"/Engine/EngineMaterials/Substrate/GLints/dict_16_192_64_0p5_0p02_0025_0013" 5383
"/Engine/EngineMaterials/Substrate/GLints/dict_16_192_64_0p5_0p02_0025_0006" 5384
"/Engine/EngineMaterials/Substrate/GLints/dict_16_192_64_0p5_0p02_0025_0014" 5385
"/Engine/EngineMaterials/Substrate/GLints/dict_16_192_64_0p5_0p02_0026_0007" 5386
"/Engine/EngineMaterials/Substrate/GLints/dict_16_192_64_0p5_0p02_0026_0008" 5387
"/Engine/EngineMaterials/Substrate/GLints/dict_16_192_64_0p5_0p02_0025_0015" 5388
"/Engine/EngineMaterials/Substrate/GLints/dict_16_192_64_0p5_0p02_0025_0007" 5389
"/Engine/EngineMaterials/Substrate/GLints/dict_16_192_64_0p5_0p02_0025_0008" 5390
"/Engine/EngineMaterials/Substrate/GLints/dict_16_192_64_0p5_0p02_0025_0009" 5391
"/Engine/EngineMaterials/Substrate/GLints/dict_16_192_64_0p5_0p02_0026_0009" 5392
"/Engine/EngineMaterials/Substrate/GLints/dict_16_192_64_0p5_0p02_0026_0000" 5393
"/Engine/EngineMaterials/Substrate/GLints/dict_16_192_64_0p5_0p02_0026_0010" 5394
"/Engine/EngineMaterials/Substrate/GLints/dict_16_192_64_0p5_0p02_0025_0010" 5395
"/Engine/EngineMaterials/Substrate/GLints/dict_16_192_64_0p5_0p02_0026_0011" 5396
"/Engine/EngineMaterials/Substrate/GLints/dict_16_192_64_0p5_0p02_0026_0012" 5397
"/Engine/EngineMaterials/Substrate/GLints/dict_16_192_64_0p5_0p02_0026_0001" 5398
"/Engine/EngineMaterials/Substrate/GLints/dict_16_192_64_0p5_0p02_0026_0002" 5399
"/Engine/EngineMaterials/Substrate/GLints/dict_16_192_64_0p5_0p02_0025_0011" 5400
"/Engine/EngineMaterials/Substrate/GLints/dict_16_192_64_0p5_0p02_0025_0012" 5401
"/Engine/EngineMaterials/Substrate/GLints/dict_16_192_64_0p5_0p02_0026_0013" 5402
"/Engine/EngineMaterials/Substrate/GLints/dict_16_192_64_0p5_0p02_0026_0003" 5403
"/Engine/EngineMaterials/Substrate/GLints/dict_16_192_64_0p5_0p02_0026_0014" 5404
"/Engine/EngineMaterials/Substrate/GLints/dict_16_192_64_0p5_0p02_0026_0015" 5405
"/Engine/EngineMaterials/Substrate/GLints/dict_16_192_64_0p5_0p02_0026_0004" 5406
"/Engine/EngineMaterials/Substrate/GLints/dict_16_192_64_0p5_0p02_0026_0005" 5407
"/Engine/EngineMaterials/Substrate/GLints/dict_16_192_64_0p5_0p02_0027_0000" 5408
"/Engine/EngineMaterials/Substrate/GLints/dict_16_192_64_0p5_0p02_0027_0001" 5409
"/Engine/EngineMaterials/Substrate/GLints/dict_16_192_64_0p5_0p02_0026_0006" 5410
"/Engine/EngineMaterials/Substrate/GLints/dict_16_192_64_0p5_0p02_0025_0004" 5411
"/Engine/EngineMaterials/Substrate/GLints/dict_16_192_64_0p5_0p02_0027_0003" 5412
"/Engine/EngineMaterials/Substrate/GLints/dict_16_192_64_0p5_0p02_0027_0004" 5413
"/Engine/EngineMaterials/Substrate/GLints/dict_16_192_64_0p5_0p02_0025_0005" 5414
"../../../Engine/Content/EngineMaterials/Substrate/GLints/dict_16_192_64_0p5_0p02_0025_0000.uasset" 5415
"../../../Engine/Content/EngineMaterials/Substrate/GLints/dict_16_192_64_0p5_0p02_0024_0008.uasset" 5416
"../../../Engine/Content/EngineMaterials/Substrate/GLints/dict_16_192_64_0p5_0p02_0024_0009.uasset" 5417
"../../../Engine/Content/EngineMaterials/Substrate/GLints/dict_16_192_64_0p5_0p02_0024_0013.uasset" 5418
"../../../Engine/Content/EngineMaterials/Substrate/GLints/dict_16_192_64_0p5_0p02_0024_0011.uasset" 5419
"../../../Engine/Content/EngineMaterials/Substrate/GLints/dict_16_192_64_0p5_0p02_0024_0014.uasset" 5420
"../../../Engine/Content/EngineMaterials/Substrate/GLints/dict_16_192_64_0p5_0p02_0025_0001.uasset" 5421
"../../../Engine/Content/EngineMaterials/Substrate/GLints/dict_16_192_64_0p5_0p02_0024_0005.uasset" 5422
"../../../Engine/Content/EngineMaterials/Substrate/GLints/dict_16_192_64_0p5_0p02_0025_0003.uasset" 5423
"../../../Engine/Content/EngineMaterials/Substrate/GLints/dict_16_192_64_0p5_0p02_0024_0002.uasset" 5424
"../../../Engine/Content/EngineMaterials/Substrate/GLints/dict_16_192_64_0p5_0p02_0024_0006.uasset" 5425
"../../../Engine/Content/EngineMaterials/Substrate/GLints/dict_16_192_64_0p5_0p02_0024_0001.uasset" 5426
"../../../Engine/Content/EngineMaterials/Substrate/GLints/dict_16_192_64_0p5_0p02_0024_0012.uasset" 5427
"../../../Engine/Content/EngineMaterials/Substrate/GLints/dict_16_192_64_0p5_0p02_0024_0010.uasset" 5428
"../../../Engine/Content/EngineMaterials/Substrate/GLints/dict_16_192_64_0p5_0p02_0023_0011.uasset" 5429
"../../../Engine/Content/EngineMaterials/Substrate/GLints/dict_16_192_64_0p5_0p02_0024_0007.uasset" 5430
"../../../Engine/Content/EngineMaterials/Substrate/GLints/dict_16_192_64_0p5_0p02_0025_0002.uasset" 5431
"../../../Engine/Content/EngineMaterials/Substrate/GLints/dict_16_192_64_0p5_0p02_0023_0014.uasset" 5432
"../../../Engine/Content/EngineMaterials/Substrate/GLints/dict_16_192_64_0p5_0p02_0023_0015.uasset" 5433
"../../../Engine/Content/EngineMaterials/Substrate/GLints/dict_16_192_64_0p5_0p02_0024_0004.uasset" 5434
"../../../Engine/Content/EngineMaterials/Substrate/GLints/dict_16_192_64_0p5_0p02_0023_0013.uasset" 5435
"../../../Engine/Content/EngineMaterials/Substrate/GLints/dict_16_192_64_0p5_0p02_0024_0003.uasset" 5436
"../../../Engine/Content/EngineMaterials/Substrate/GLints/dict_16_192_64_0p5_0p02_0023_0009.uasset" 5437
"../../../Engine/Content/EngineMaterials/Substrate/GLints/dict_16_192_64_0p5_0p02_0023_0012.uasset" 5438
"../../../Engine/Content/EngineMaterials/Substrate/GLints/dict_16_192_64_0p5_0p02_0024_0000.uasset" 5439
"../../../Engine/Content/EngineMaterials/Substrate/GLints/dict_16_192_64_0p5_0p02_0024_0015.uasset" 5440
"../../../Engine/Content/EngineMaterials/Substrate/GLints/dict_16_192_64_0p5_0p02_0023_0010.uasset" 5441
"../../../Engine/Content/EngineMaterials/Substrate/GLints/dict_16_192_64_0p5_0p02_0023_0008.uasset" 5442
"../../../Engine/Content/EngineMaterials/Substrate/GLints/dict_16_192_64_0p5_0p02_0023_0007.uasset" 5443
"../../../Engine/Content/EngineMaterials/Substrate/GLints/dict_16_192_64_0p5_0p02_0023_0006.uasset" 5444
"../../../Engine/Content/EngineMaterials/Substrate/GLints/dict_16_192_64_0p5_0p02_0023_0005.uasset" 5445
"/Engine/EngineMaterials/Substrate/GLints/dict_16_192_64_0p5_0p02_0023_0005" 5446
"../../../Engine/Content/EngineMaterials/Substrate/GLints/dict_16_192_64_0p5_0p02_0023_0004.uasset" 5447
"/Engine/EngineMaterials/Substrate/GLints/dict_16_192_64_0p5_0p02_0023_0006" 5448
"/Engine/EngineMaterials/Substrate/GLints/dict_16_192_64_0p5_0p02_0023_0007" 5449
"/Engine/EngineMaterials/Substrate/GLints/dict_16_192_64_0p5_0p02_0023_0008" 5450
"/Engine/EngineMaterials/Substrate/GLints/dict_16_192_64_0p5_0p02_0023_0009" 5451
"/Engine/EngineMaterials/Substrate/GLints/dict_16_192_64_0p5_0p02_0023_0010" 5452
"/Engine/EngineMaterials/Substrate/GLints/dict_16_192_64_0p5_0p02_0023_0011" 5453
"/Engine/EngineMaterials/Substrate/GLints/dict_16_192_64_0p5_0p02_0023_0012" 5454
"/Engine/EngineMaterials/Substrate/GLints/dict_16_192_64_0p5_0p02_0023_0013" 5455
"/Engine/EngineMaterials/Substrate/GLints/dict_16_192_64_0p5_0p02_0023_0014" 5456
"/Engine/EngineMaterials/Substrate/GLints/dict_16_192_64_0p5_0p02_0023_0015" 5457
"/Engine/EngineMaterials/Substrate/GLints/dict_16_192_64_0p5_0p02_0024_0000" 5458
"/Engine/EngineMaterials/Substrate/GLints/dict_16_192_64_0p5_0p02_0024_0001" 5459
"/Engine/EngineMaterials/Substrate/GLints/dict_16_192_64_0p5_0p02_0024_0002" 5460
"/Engine/EngineMaterials/Substrate/GLints/dict_16_192_64_0p5_0p02_0024_0003" 5461
"/Engine/EngineMaterials/Substrate/GLints/dict_16_192_64_0p5_0p02_0024_0004" 5462
"/Engine/EngineMaterials/Substrate/GLints/dict_16_192_64_0p5_0p02_0024_0005" 5463
"/Engine/EngineMaterials/Substrate/GLints/dict_16_192_64_0p5_0p02_0024_0006" 5464
"/Engine/EngineMaterials/Substrate/GLints/dict_16_192_64_0p5_0p02_0024_0007" 5465
"/Engine/EngineMaterials/Substrate/GLints/dict_16_192_64_0p5_0p02_0024_0008" 5466
"/Engine/EngineMaterials/Substrate/GLints/dict_16_192_64_0p5_0p02_0024_0009" 5467
"/Engine/EngineMaterials/Substrate/GLints/dict_16_192_64_0p5_0p02_0024_0010" 5468
"/Engine/EngineMaterials/Substrate/GLints/dict_16_192_64_0p5_0p02_0024_0011" 5469
"/Engine/EngineMaterials/Substrate/GLints/dict_16_192_64_0p5_0p02_0024_0012" 5470
"/Engine/EngineMaterials/Substrate/GLints/dict_16_192_64_0p5_0p02_0024_0013" 5471
"/Engine/EngineMaterials/Substrate/GLints/dict_16_192_64_0p5_0p02_0024_0014" 5472
"/Engine/EngineMaterials/Substrate/GLints/dict_16_192_64_0p5_0p02_0024_0015" 5473
"/Engine/EngineMaterials/Substrate/GLints/dict_16_192_64_0p5_0p02_0025_0000" 5474
"/Engine/EngineMaterials/Substrate/GLints/dict_16_192_64_0p5_0p02_0025_0001" 5475
"/Engine/EngineMaterials/Substrate/GLints/dict_16_192_64_0p5_0p02_0025_0002" 5476
"/Engine/EngineMaterials/Substrate/GLints/dict_16_192_64_0p5_0p02_0025_0003" 5477
"/Engine/EngineMaterials/Substrate/GLints/dict_16_192_64_0p5_0p02_0023_0004" 5478
"../../../Engine/Content/EngineMaterials/Substrate/GLints/dict_16_192_64_0p5_0p02_0022_0014.uasset" 5479
"../../../Engine/Content/EngineMaterials/Substrate/GLints/dict_16_192_64_0p5_0p02_0022_0012.uasset" 5480
"../../../Engine/Content/EngineMaterials/Substrate/GLints/dict_16_192_64_0p5_0p02_0023_0002.uasset" 5481
"../../../Engine/Content/EngineMaterials/Substrate/GLints/dict_16_192_64_0p5_0p02_0022_0015.uasset" 5482
"../../../Engine/Content/EngineMaterials/Substrate/GLints/dict_16_192_64_0p5_0p02_0022_0009.uasset" 5483
"../../../Engine/Content/EngineMaterials/Substrate/GLints/dict_16_192_64_0p5_0p02_0022_0010.uasset" 5484
"../../../Engine/Content/EngineMaterials/Substrate/GLints/dict_16_192_64_0p5_0p02_0021_0015.uasset" 5485
"../../../Engine/Content/EngineMaterials/Substrate/GLints/dict_16_192_64_0p5_0p02_0021_0009.uasset" 5486
"../../../Engine/Content/EngineMaterials/Substrate/GLints/dict_16_192_64_0p5_0p02_0022_0011.uasset" 5487
"../../../Engine/Content/EngineMaterials/Substrate/GLints/dict_16_192_64_0p5_0p02_0022_0000.uasset" 5488
"../../../Engine/Content/EngineMaterials/Substrate/GLints/dict_16_192_64_0p5_0p02_0023_0003.uasset" 5489
"../../../Engine/Content/EngineMaterials/Substrate/GLints/dict_16_192_64_0p5_0p02_0023_0001.uasset" 5490
"../../../Engine/Content/EngineMaterials/Substrate/GLints/dict_16_192_64_0p5_0p02_0022_0008.uasset" 5491
"../../../Engine/Content/EngineMaterials/Substrate/GLints/dict_16_192_64_0p5_0p02_0022_0004.uasset" 5492
"../../../Engine/Content/EngineMaterials/Substrate/GLints/dict_16_192_64_0p5_0p02_0021_0008.uasset" 5493
"../../../Engine/Content/EngineMaterials/Substrate/GLints/dict_16_192_64_0p5_0p02_0022_0001.uasset" 5494
"../../../Engine/Content/EngineMaterials/Substrate/GLints/dict_16_192_64_0p5_0p02_0021_0014.uasset" 5495
"../../../Engine/Content/EngineMaterials/Substrate/GLints/dict_16_192_64_0p5_0p02_0021_0012.uasset" 5496
"../../../Engine/Content/EngineMaterials/Substrate/GLints/dict_16_192_64_0p5_0p02_0023_0000.uasset" 5497
"../../../Engine/Content/EngineMaterials/Substrate/GLints/dict_16_192_64_0p5_0p02_0022_0005.uasset" 5498
"../../../Engine/Content/EngineMaterials/Substrate/GLints/dict_16_192_64_0p5_0p02_0022_0013.uasset" 5499
"../../../Engine/Content/EngineMaterials/Substrate/GLints/dict_16_192_64_0p5_0p02_0021_0013.uasset" 5500
"../../../Engine/Content/EngineMaterials/Substrate/GLints/dict_16_192_64_0p5_0p02_0022_0006.uasset" 5501
"../../../Engine/Content/EngineMaterials/Substrate/GLints/dict_16_192_64_0p5_0p02_0022_0007.uasset" 5502
"../../../Engine/Content/EngineMaterials/Substrate/GLints/dict_16_192_64_0p5_0p02_0021_0007.uasset" 5503
"../../../Engine/Content/EngineMaterials/Substrate/GLints/dict_16_192_64_0p5_0p02_0022_0003.uasset" 5504
"../../../Engine/Content/EngineMaterials/Substrate/GLints/dict_16_192_64_0p5_0p02_0022_0002.uasset" 5505
"../../../Engine/Content/EngineMaterials/Substrate/GLints/dict_16_192_64_0p5_0p02_0021_0011.uasset" 5506
"../../../Engine/Content/EngineMaterials/Substrate/GLints/dict_16_192_64_0p5_0p02_0021_0010.uasset" 5507
"../../../Engine/Content/EngineMaterials/Substrate/GLints/dict_16_192_64_0p5_0p02_0021_0006.uasset" 5508
"../../../Engine/Content/EngineMaterials/Substrate/GLints/dict_16_192_64_0p5_0p02_0021_0004.uasset" 5509
"/Engine/EngineMaterials/Substrate/GLints/dict_16_192_64_0p5_0p02_0021_0004" 5510
"/Engine/EngineMaterials/Substrate/GLints/dict_16_192_64_0p5_0p02_0021_0006" 5511
"../../../Engine/Content/EngineMaterials/Substrate/GLints/dict_16_192_64_0p5_0p02_0021_0005.uasset" 5512
"/Engine/EngineMaterials/Substrate/GLints/dict_16_192_64_0p5_0p02_0021_0007" 5513
"/Engine/EngineMaterials/Substrate/GLints/dict_16_192_64_0p5_0p02_0021_0008" 5514
"/Engine/EngineMaterials/Substrate/GLints/dict_16_192_64_0p5_0p02_0021_0009" 5515
"/Engine/EngineMaterials/Substrate/GLints/dict_16_192_64_0p5_0p02_0021_0010" 5516
"/Engine/EngineMaterials/Substrate/GLints/dict_16_192_64_0p5_0p02_0021_0011" 5517
"/Engine/EngineMaterials/Substrate/GLints/dict_16_192_64_0p5_0p02_0021_0012" 5518
"/Engine/EngineMaterials/Substrate/GLints/dict_16_192_64_0p5_0p02_0021_0013" 5519
"/Engine/EngineMaterials/Substrate/GLints/dict_16_192_64_0p5_0p02_0021_0014" 5520
"/Engine/EngineMaterials/Substrate/GLints/dict_16_192_64_0p5_0p02_0021_0015" 5521
"/Engine/EngineMaterials/Substrate/GLints/dict_16_192_64_0p5_0p02_0022_0000" 5522
"/Engine/EngineMaterials/Substrate/GLints/dict_16_192_64_0p5_0p02_0022_0001" 5523
"/Engine/EngineMaterials/Substrate/GLints/dict_16_192_64_0p5_0p02_0022_0002" 5524
"/Engine/EngineMaterials/Substrate/GLints/dict_16_192_64_0p5_0p02_0022_0003" 5525
"/Engine/EngineMaterials/Substrate/GLints/dict_16_192_64_0p5_0p02_0022_0004" 5526
"/Engine/EngineMaterials/Substrate/GLints/dict_16_192_64_0p5_0p02_0022_0005" 5527
"/Engine/EngineMaterials/Substrate/GLints/dict_16_192_64_0p5_0p02_0022_0006" 5528
"/Engine/EngineMaterials/Substrate/GLints/dict_16_192_64_0p5_0p02_0022_0007" 5529
"/Engine/EngineMaterials/Substrate/GLints/dict_16_192_64_0p5_0p02_0022_0008" 5530
"/Engine/EngineMaterials/Substrate/GLints/dict_16_192_64_0p5_0p02_0022_0009" 5531
"/Engine/EngineMaterials/Substrate/GLints/dict_16_192_64_0p5_0p02_0022_0010" 5532
"/Engine/EngineMaterials/Substrate/GLints/dict_16_192_64_0p5_0p02_0022_0011" 5533
"/Engine/EngineMaterials/Substrate/GLints/dict_16_192_64_0p5_0p02_0022_0012" 5534
"/Engine/EngineMaterials/Substrate/GLints/dict_16_192_64_0p5_0p02_0022_0013" 5535
"/Engine/EngineMaterials/Substrate/GLints/dict_16_192_64_0p5_0p02_0022_0014" 5536
"/Engine/EngineMaterials/Substrate/GLints/dict_16_192_64_0p5_0p02_0022_0015" 5537
"/Engine/EngineMaterials/Substrate/GLints/dict_16_192_64_0p5_0p02_0023_0000" 5538
"/Engine/EngineMaterials/Substrate/GLints/dict_16_192_64_0p5_0p02_0023_0001" 5539
"/Engine/EngineMaterials/Substrate/GLints/dict_16_192_64_0p5_0p02_0023_0002" 5540
"/Engine/EngineMaterials/Substrate/GLints/dict_16_192_64_0p5_0p02_0023_0003" 5541
"/Engine/EngineMaterials/Substrate/GLints/dict_16_192_64_0p5_0p02_0021_0005" 5542
"../../../Engine/Content/EngineMaterials/Substrate/GLints/dict_16_192_64_0p5_0p02_0021_0002.uasset" 5543
"../../../Engine/Content/EngineMaterials/Substrate/GLints/dict_16_192_64_0p5_0p02_0020_0011.uasset" 5544
"../../../Engine/Content/EngineMaterials/Substrate/GLints/dict_16_192_64_0p5_0p02_0021_0001.uasset" 5545
"../../../Engine/Content/EngineMaterials/Substrate/GLints/dict_16_192_64_0p5_0p02_0020_0013.uasset" 5546
"../../../Engine/Content/EngineMaterials/Substrate/GLints/dict_16_192_64_0p5_0p02_0020_0004.uasset" 5547
"../../../Engine/Content/EngineMaterials/Substrate/GLints/dict_16_192_64_0p5_0p02_0021_0000.uasset" 5548
"../../../Engine/Content/EngineMaterials/Substrate/GLints/dict_16_192_64_0p5_0p02_0020_0014.uasset" 5549
"../../../Engine/Content/EngineMaterials/Substrate/GLints/dict_16_192_64_0p5_0p02_0020_0001.uasset" 5550
"../../../Engine/Content/EngineMaterials/Substrate/GLints/dict_16_192_64_0p5_0p02_0021_0003.uasset" 5551
"../../../Engine/Content/EngineMaterials/Substrate/GLints/dict_16_192_64_0p5_0p02_0020_0002.uasset" 5552
"../../../Engine/Content/EngineMaterials/Substrate/GLints/dict_16_192_64_0p5_0p02_0020_0015.uasset" 5553
"../../../Engine/Content/EngineMaterials/Substrate/GLints/dict_16_192_64_0p5_0p02_0020_0007.uasset" 5554
"../../../Engine/Content/EngineMaterials/Substrate/GLints/dict_16_192_64_0p5_0p02_0020_0009.uasset" 5555
"../../../Engine/Content/EngineMaterials/Substrate/GLints/dict_16_192_64_0p5_0p02_0019_0012.uasset" 5556
"../../../Engine/Content/EngineMaterials/Substrate/GLints/dict_16_192_64_0p5_0p02_0019_0011.uasset" 5557
"../../../Engine/Content/EngineMaterials/Substrate/GLints/dict_16_192_64_0p5_0p02_0019_0007.uasset" 5558
"../../../Engine/Content/EngineMaterials/Substrate/GLints/dict_16_192_64_0p5_0p02_0020_0006.uasset" 5559
"../../../Engine/Content/EngineMaterials/Substrate/GLints/dict_16_192_64_0p5_0p02_0019_0014.uasset" 5560
"../../../Engine/Content/EngineMaterials/Substrate/GLints/dict_16_192_64_0p5_0p02_0020_0012.uasset" 5561
"../../../Engine/Content/EngineMaterials/Substrate/GLints/dict_16_192_64_0p5_0p02_0019_0013.uasset" 5562
"../../../Engine/Content/EngineMaterials/Substrate/GLints/dict_16_192_64_0p5_0p02_0019_0010.uasset" 5563
"../../../Engine/Content/EngineMaterials/Substrate/GLints/dict_16_192_64_0p5_0p02_0020_0008.uasset" 5564
"../../../Engine/Content/EngineMaterials/Substrate/GLints/dict_16_192_64_0p5_0p02_0020_0000.uasset" 5565
"../../../Engine/Content/EngineMaterials/Substrate/GLints/dict_16_192_64_0p5_0p02_0020_0003.uasset" 5566
"../../../Engine/Content/EngineMaterials/Substrate/GLints/dict_16_192_64_0p5_0p02_0019_0009.uasset" 5567
"../../../Engine/Content/EngineMaterials/Substrate/GLints/dict_16_192_64_0p5_0p02_0020_0005.uasset" 5568
"../../../Engine/Content/EngineMaterials/Substrate/GLints/dict_16_192_64_0p5_0p02_0019_0015.uasset" 5569
"../../../Engine/Content/EngineMaterials/Substrate/GLints/dict_16_192_64_0p5_0p02_0020_0010.uasset" 5570
"../../../Engine/Content/EngineMaterials/Substrate/GLints/dict_16_192_64_0p5_0p02_0019_0008.uasset" 5571
"../../../Engine/Content/EngineMaterials/Substrate/GLints/dict_16_192_64_0p5_0p02_0019_0005.uasset" 5572
"../../../Engine/Content/EngineMaterials/Substrate/GLints/dict_16_192_64_0p5_0p02_0019_0006.uasset" 5573
"../../../Engine/Content/EngineMaterials/Substrate/GLints/dict_16_192_64_0p5_0p02_0019_0004.uasset" 5574
"/Engine/EngineMaterials/Substrate/GLints/dict_16_192_64_0p5_0p02_0019_0005" 5575
"/Engine/EngineMaterials/Substrate/GLints/dict_16_192_64_0p5_0p02_0019_0004" 5576
"/Engine/EngineMaterials/Substrate/GLints/dict_16_192_64_0p5_0p02_0019_0006" 5577
"/Engine/EngineMaterials/Substrate/GLints/dict_16_192_64_0p5_0p02_0019_0007" 5578
"/Engine/EngineMaterials/Substrate/GLints/dict_16_192_64_0p5_0p02_0019_0008" 5579
"/Engine/EngineMaterials/Substrate/GLints/dict_16_192_64_0p5_0p02_0019_0009" 5580
"/Engine/EngineMaterials/Substrate/GLints/dict_16_192_64_0p5_0p02_0019_0010" 5581
"/Engine/EngineMaterials/Substrate/GLints/dict_16_192_64_0p5_0p02_0019_0011" 5582
"/Engine/EngineMaterials/Substrate/GLints/dict_16_192_64_0p5_0p02_0019_0012" 5583
"/Engine/EngineMaterials/Substrate/GLints/dict_16_192_64_0p5_0p02_0019_0013" 5584
"/Engine/EngineMaterials/Substrate/GLints/dict_16_192_64_0p5_0p02_0019_0014" 5585
"/Engine/EngineMaterials/Substrate/GLints/dict_16_192_64_0p5_0p02_0019_0015" 5586
"/Engine/EngineMaterials/Substrate/GLints/dict_16_192_64_0p5_0p02_0020_0000" 5587
"/Engine/EngineMaterials/Substrate/GLints/dict_16_192_64_0p5_0p02_0020_0001" 5588
"/Engine/EngineMaterials/Substrate/GLints/dict_16_192_64_0p5_0p02_0020_0002" 5589
"/Engine/EngineMaterials/Substrate/GLints/dict_16_192_64_0p5_0p02_0020_0003" 5590
"/Engine/EngineMaterials/Substrate/GLints/dict_16_192_64_0p5_0p02_0020_0004" 5591
"/Engine/EngineMaterials/Substrate/GLints/dict_16_192_64_0p5_0p02_0020_0005" 5592
"/Engine/EngineMaterials/Substrate/GLints/dict_16_192_64_0p5_0p02_0020_0006" 5593
"/Engine/EngineMaterials/Substrate/GLints/dict_16_192_64_0p5_0p02_0020_0007" 5594
"/Engine/EngineMaterials/Substrate/GLints/dict_16_192_64_0p5_0p02_0020_0008" 5595
"/Engine/EngineMaterials/Substrate/GLints/dict_16_192_64_0p5_0p02_0020_0009" 5596
"/Engine/EngineMaterials/Substrate/GLints/dict_16_192_64_0p5_0p02_0020_0010" 5597
"/Engine/EngineMaterials/Substrate/GLints/dict_16_192_64_0p5_0p02_0020_0011" 5598
"/Engine/EngineMaterials/Substrate/GLints/dict_16_192_64_0p5_0p02_0020_0012" 5599
"/Engine/EngineMaterials/Substrate/GLints/dict_16_192_64_0p5_0p02_0020_0013" 5600
"/Engine/EngineMaterials/Substrate/GLints/dict_16_192_64_0p5_0p02_0020_0014" 5601
"/Engine/EngineMaterials/Substrate/GLints/dict_16_192_64_0p5_0p02_0020_0015" 5602
"/Engine/EngineMaterials/Substrate/GLints/dict_16_192_64_0p5_0p02_0021_0000" 5603
"/Engine/EngineMaterials/Substrate/GLints/dict_16_192_64_0p5_0p02_0021_0001" 5604
"/Engine/EngineMaterials/Substrate/GLints/dict_16_192_64_0p5_0p02_0021_0002" 5605
"/Engine/EngineMaterials/Substrate/GLints/dict_16_192_64_0p5_0p02_0021_0003" 5606
"../../../Engine/Content/EngineMaterials/Substrate/GLints/dict_16_192_64_0p5_0p02_0019_0000.uasset" 5607
"../../../Engine/Content/EngineMaterials/Substrate/GLints/dict_16_192_64_0p5_0p02_0019_0002.uasset" 5608
"../../../Engine/Content/EngineMaterials/Substrate/GLints/dict_16_192_64_0p5_0p02_0018_0015.uasset" 5609
"../../../Engine/Content/EngineMaterials/Substrate/GLints/dict_16_192_64_0p5_0p02_0018_0014.uasset" 5610
"../../../Engine/Content/EngineMaterials/Substrate/GLints/dict_16_192_64_0p5_0p02_0018_0011.uasset" 5611
"../../../Engine/Content/EngineMaterials/Substrate/GLints/dict_16_192_64_0p5_0p02_0019_0003.uasset" 5612
"../../../Engine/Content/EngineMaterials/Substrate/GLints/dict_16_192_64_0p5_0p02_0018_0002.uasset" 5613
"../../../Engine/Content/EngineMaterials/Substrate/GLints/dict_16_192_64_0p5_0p02_0017_0011.uasset" 5614
"../../../Engine/Content/EngineMaterials/Substrate/GLints/dict_16_192_64_0p5_0p02_0017_0015.uasset" 5615
"../../../Engine/Content/EngineMaterials/Substrate/GLints/dict_16_192_64_0p5_0p02_0018_0005.uasset" 5616
"../../../Engine/Content/EngineMaterials/Substrate/GLints/dict_16_192_64_0p5_0p02_0019_0001.uasset" 5617
"../../../Engine/Content/EngineMaterials/Substrate/GLints/dict_16_192_64_0p5_0p02_0017_0012.uasset" 5618
"../../../Engine/Content/EngineMaterials/Substrate/GLints/dict_16_192_64_0p5_0p02_0018_0004.uasset" 5619
"../../../Engine/Content/EngineMaterials/Substrate/GLints/dict_16_192_64_0p5_0p02_0018_0009.uasset" 5620
"../../../Engine/Content/EngineMaterials/Substrate/GLints/dict_16_192_64_0p5_0p02_0017_0014.uasset" 5621
"../../../Engine/Content/EngineMaterials/Substrate/GLints/dict_16_192_64_0p5_0p02_0018_0007.uasset" 5622
"../../../Engine/Content/EngineMaterials/Substrate/GLints/dict_16_192_64_0p5_0p02_0017_0008.uasset" 5623
"../../../Engine/Content/EngineMaterials/Substrate/GLints/dict_16_192_64_0p5_0p02_0018_0006.uasset" 5624
"../../../Engine/Content/EngineMaterials/Substrate/GLints/dict_16_192_64_0p5_0p02_0018_0000.uasset" 5625
"../../../Engine/Content/EngineMaterials/Substrate/GLints/dict_16_192_64_0p5_0p02_0018_0012.uasset" 5626
"../../../Engine/Content/EngineMaterials/Substrate/GLints/dict_16_192_64_0p5_0p02_0018_0010.uasset" 5627
"../../../Engine/Content/EngineMaterials/Substrate/GLints/dict_16_192_64_0p5_0p02_0017_0007.uasset" 5628
"../../../Engine/Content/EngineMaterials/Substrate/GLints/dict_16_192_64_0p5_0p02_0018_0001.uasset" 5629
"../../../Engine/Content/EngineMaterials/Substrate/GLints/dict_16_192_64_0p5_0p02_0017_0009.uasset" 5630
"../../../Engine/Content/EngineMaterials/Substrate/GLints/dict_16_192_64_0p5_0p02_0017_0013.uasset" 5631
"../../../Engine/Content/EngineMaterials/Substrate/GLints/dict_16_192_64_0p5_0p02_0018_0003.uasset" 5632
"../../../Engine/Content/EngineMaterials/Substrate/GLints/dict_16_192_64_0p5_0p02_0018_0008.uasset" 5633
"../../../Engine/Content/EngineMaterials/Substrate/GLints/dict_16_192_64_0p5_0p02_0018_0013.uasset" 5634
"../../../Engine/Content/EngineMaterials/Substrate/GLints/dict_16_192_64_0p5_0p02_0017_0010.uasset" 5635
"../../../Engine/Content/EngineMaterials/Substrate/GLints/dict_16_192_64_0p5_0p02_0017_0006.uasset" 5636
"../../../Engine/Content/EngineMaterials/Substrate/GLints/dict_16_192_64_0p5_0p02_0017_0004.uasset" 5637
"../../../Engine/Content/EngineMaterials/Substrate/GLints/dict_16_192_64_0p5_0p02_0017_0005.uasset" 5638
"/Engine/EngineMaterials/Substrate/GLints/dict_16_192_64_0p5_0p02_0017_0004" 5639
"/Engine/EngineMaterials/Substrate/GLints/dict_16_192_64_0p5_0p02_0017_0005" 5640
"/Engine/EngineMaterials/Substrate/GLints/dict_16_192_64_0p5_0p02_0017_0006" 5641
"/Engine/EngineMaterials/Substrate/GLints/dict_16_192_64_0p5_0p02_0017_0007" 5642
"/Engine/EngineMaterials/Substrate/GLints/dict_16_192_64_0p5_0p02_0017_0008" 5643
"/Engine/EngineMaterials/Substrate/GLints/dict_16_192_64_0p5_0p02_0017_0009" 5644
"/Engine/EngineMaterials/Substrate/GLints/dict_16_192_64_0p5_0p02_0017_0010" 5645
"/Engine/EngineMaterials/Substrate/GLints/dict_16_192_64_0p5_0p02_0017_0011" 5646
"/Engine/EngineMaterials/Substrate/GLints/dict_16_192_64_0p5_0p02_0017_0012" 5647
"/Engine/EngineMaterials/Substrate/GLints/dict_16_192_64_0p5_0p02_0017_0013" 5648
"/Engine/EngineMaterials/Substrate/GLints/dict_16_192_64_0p5_0p02_0017_0014" 5649
"/Engine/EngineMaterials/Substrate/GLints/dict_16_192_64_0p5_0p02_0017_0015" 5650
"/Engine/EngineMaterials/Substrate/GLints/dict_16_192_64_0p5_0p02_0018_0000" 5651
"/Engine/EngineMaterials/Substrate/GLints/dict_16_192_64_0p5_0p02_0018_0001" 5652
"/Engine/EngineMaterials/Substrate/GLints/dict_16_192_64_0p5_0p02_0018_0002" 5653
"/Engine/EngineMaterials/Substrate/GLints/dict_16_192_64_0p5_0p02_0018_0003" 5654
"/Engine/EngineMaterials/Substrate/GLints/dict_16_192_64_0p5_0p02_0018_0004" 5655
"/Engine/EngineMaterials/Substrate/GLints/dict_16_192_64_0p5_0p02_0018_0005" 5656
"/Engine/EngineMaterials/Substrate/GLints/dict_16_192_64_0p5_0p02_0018_0006" 5657
"/Engine/EngineMaterials/Substrate/GLints/dict_16_192_64_0p5_0p02_0018_0007" 5658
"/Engine/EngineMaterials/Substrate/GLints/dict_16_192_64_0p5_0p02_0018_0008" 5659
"/Engine/EngineMaterials/Substrate/GLints/dict_16_192_64_0p5_0p02_0018_0009" 5660
"/Engine/EngineMaterials/Substrate/GLints/dict_16_192_64_0p5_0p02_0018_0010" 5661
"/Engine/EngineMaterials/Substrate/GLints/dict_16_192_64_0p5_0p02_0018_0011" 5662
"/Engine/EngineMaterials/Substrate/GLints/dict_16_192_64_0p5_0p02_0018_0012" 5663
"/Engine/EngineMaterials/Substrate/GLints/dict_16_192_64_0p5_0p02_0018_0013" 5664
"/Engine/EngineMaterials/Substrate/GLints/dict_16_192_64_0p5_0p02_0018_0014" 5665
"/Engine/EngineMaterials/Substrate/GLints/dict_16_192_64_0p5_0p02_0018_0015" 5666
"/Engine/EngineMaterials/Substrate/GLints/dict_16_192_64_0p5_0p02_0019_0000" 5667
"/Engine/EngineMaterials/Substrate/GLints/dict_16_192_64_0p5_0p02_0019_0001" 5668
"/Engine/EngineMaterials/Substrate/GLints/dict_16_192_64_0p5_0p02_0019_0002" 5669
"/Engine/EngineMaterials/Substrate/GLints/dict_16_192_64_0p5_0p02_0019_0003" 5670
"../../../Engine/Content/EngineMaterials/Substrate/GLints/dict_16_192_64_0p5_0p02_0016_0009.uasset" 5671
"../../../Engine/Content/EngineMaterials/Substrate/GLints/dict_16_192_64_0p5_0p02_0016_0004.uasset" 5672
"../../../Engine/Content/EngineMaterials/Substrate/GLints/dict_16_192_64_0p5_0p02_0017_0002.uasset" 5673
"../../../Engine/Content/EngineMaterials/Substrate/GLints/dict_16_192_64_0p5_0p02_0017_0001.uasset" 5674
"../../../Engine/Content/EngineMaterials/Substrate/GLints/dict_16_192_64_0p5_0p02_0016_0008.uasset" 5675
"../../../Engine/Content/EngineMaterials/Substrate/GLints/dict_16_192_64_0p5_0p02_0017_0003.uasset" 5676
"../../../Engine/Content/EngineMaterials/Substrate/GLints/dict_16_192_64_0p5_0p02_0016_0006.uasset" 5677
"../../../Engine/Content/EngineMaterials/Substrate/GLints/dict_16_192_64_0p5_0p02_0016_0012.uasset" 5678
"../../../Engine/Content/EngineMaterials/Substrate/GLints/dict_16_192_64_0p5_0p02_0016_0001.uasset" 5679
"../../../Engine/Content/EngineMaterials/Substrate/GLints/dict_16_192_64_0p5_0p02_0016_0015.uasset" 5680
"../../../Engine/Content/EngineMaterials/Substrate/GLints/dict_16_192_64_0p5_0p02_0015_0012.uasset" 5681
"../../../Engine/Content/EngineMaterials/Substrate/GLints/dict_16_192_64_0p5_0p02_0015_0013.uasset" 5682
"../../../Engine/Content/EngineMaterials/Substrate/GLints/dict_16_192_64_0p5_0p02_0016_0002.uasset" 5683
"../../../Engine/Content/EngineMaterials/Substrate/GLints/dict_16_192_64_0p5_0p02_0017_0000.uasset" 5684
"../../../Engine/Content/EngineMaterials/Substrate/GLints/dict_16_192_64_0p5_0p02_0016_0005.uasset" 5685
"../../../Engine/Content/EngineMaterials/Substrate/GLints/dict_16_192_64_0p5_0p02_0015_0015.uasset" 5686
"../../../Engine/Content/EngineMaterials/Substrate/GLints/dict_16_192_64_0p5_0p02_0016_0003.uasset" 5687
"../../../Engine/Content/EngineMaterials/Substrate/GLints/dict_16_192_64_0p5_0p02_0016_0011.uasset" 5688
"../../../Engine/Content/EngineMaterials/Substrate/GLints/dict_16_192_64_0p5_0p02_0016_0013.uasset" 5689
"../../../Engine/Content/EngineMaterials/Substrate/GLints/dict_16_192_64_0p5_0p02_0015_0008.uasset" 5690
"../../../Engine/Content/EngineMaterials/Substrate/GLints/dict_16_192_64_0p5_0p02_0016_0007.uasset" 5691
"../../../Engine/Content/EngineMaterials/Substrate/GLints/dict_16_192_64_0p5_0p02_0015_0007.uasset" 5692
"../../../Engine/Content/EngineMaterials/Substrate/GLints/dict_16_192_64_0p5_0p02_0015_0011.uasset" 5693
"../../../Engine/Content/EngineMaterials/Substrate/GLints/dict_16_192_64_0p5_0p02_0015_0010.uasset" 5694
"../../../Engine/Content/EngineMaterials/Substrate/GLints/dict_16_192_64_0p5_0p02_0016_0000.uasset" 5695
"../../../Engine/Content/EngineMaterials/Substrate/GLints/dict_16_192_64_0p5_0p02_0015_0009.uasset" 5696
"../../../Engine/Content/EngineMaterials/Substrate/GLints/dict_16_192_64_0p5_0p02_0015_0014.uasset" 5697
"../../../Engine/Content/EngineMaterials/Substrate/GLints/dict_16_192_64_0p5_0p02_0016_0010.uasset" 5698
"../../../Engine/Content/EngineMaterials/Substrate/GLints/dict_16_192_64_0p5_0p02_0016_0014.uasset" 5699
"../../../Engine/Content/EngineMaterials/Substrate/GLints/dict_16_192_64_0p5_0p02_0015_0006.uasset" 5700
"../../../Engine/Content/EngineMaterials/Substrate/GLints/dict_16_192_64_0p5_0p02_0015_0005.uasset" 5701
"../../../Engine/Content/EngineMaterials/Substrate/GLints/dict_16_192_64_0p5_0p02_0015_0004.uasset" 5702
"D:/Vacui Projects/SeaHorse/SeaHorse/DerivedDataCache/VT/TEXTURE_7C16439390E24F1F9468894FB4D4BC55_VTCHUNKD2DAB16BFF152507817E734DBB935160EA97A322" 5703
"D:/Vacui Projects/SeaHorse/SeaHorse/DerivedDataCache/VT/TEXTURE_7C16439390E24F1F9468894FB4D4BC55_VTCHUNK84C05FFC339C0CEFE446DED1628C0AFB5362331E" 5704
"D:/Vacui Projects/SeaHorse/SeaHorse/DerivedDataCache/VT/TEXTURE_7C16439390E24F1F9468894FB4D4BC55_VTCHUNK38740DBD4108040D6985AA56705D97D46F27920C" 5705
"D:/Vacui Projects/SeaHorse/SeaHorse/DerivedDataCache/VT/TEXTURE_7C16439390E24F1F9468894FB4D4BC55_VTCHUNKC0393DE8C5B4673D99D1BECB92AA8C1F72FEB491" 5706
"D:/Vacui Projects/SeaHorse/SeaHorse/DerivedDataCache/VT/TEXTURE_7C16439390E24F1F9468894FB4D4BC55_VTCHUNK02D4C3BCAD7DFA48AB32B8281FB06B8B83DB6275" 5707
"/Engine/EngineMaterials/Substrate/GLints/dict_16_192_64_0p5_0p02_0015_0004" 5708
"/Engine/EngineMaterials/Substrate/GLints/dict_16_192_64_0p5_0p02_0015_0005" 5709
"/Engine/EngineMaterials/Substrate/GLints/dict_16_192_64_0p5_0p02_0015_0006" 5710
"/Engine/EngineMaterials/Substrate/GLints/dict_16_192_64_0p5_0p02_0015_0007" 5711
"/Engine/EngineMaterials/Substrate/GLints/dict_16_192_64_0p5_0p02_0015_0008" 5712
"/Engine/EngineMaterials/Substrate/GLints/dict_16_192_64_0p5_0p02_0015_0009" 5713
"/Engine/EngineMaterials/Substrate/GLints/dict_16_192_64_0p5_0p02_0015_0010" 5714
"/Engine/EngineMaterials/Substrate/GLints/dict_16_192_64_0p5_0p02_0015_0011" 5715
"/Engine/EngineMaterials/Substrate/GLints/dict_16_192_64_0p5_0p02_0015_0012" 5716
"/Engine/EngineMaterials/Substrate/GLints/dict_16_192_64_0p5_0p02_0015_0013" 5717
"/Engine/EngineMaterials/Substrate/GLints/dict_16_192_64_0p5_0p02_0015_0014" 5718
"/Engine/EngineMaterials/Substrate/GLints/dict_16_192_64_0p5_0p02_0015_0015" 5719
"/Engine/EngineMaterials/Substrate/GLints/dict_16_192_64_0p5_0p02_0016_0000" 5720
"/Engine/EngineMaterials/Substrate/GLints/dict_16_192_64_0p5_0p02_0016_0001" 5721
"/Engine/EngineMaterials/Substrate/GLints/dict_16_192_64_0p5_0p02_0016_0002" 5722
"/Engine/EngineMaterials/Substrate/GLints/dict_16_192_64_0p5_0p02_0016_0003" 5723
"/Engine/EngineMaterials/Substrate/GLints/dict_16_192_64_0p5_0p02_0016_0004" 5724
"/Engine/EngineMaterials/Substrate/GLints/dict_16_192_64_0p5_0p02_0016_0005" 5725
"/Engine/EngineMaterials/Substrate/GLints/dict_16_192_64_0p5_0p02_0016_0006" 5726
"/Engine/EngineMaterials/Substrate/GLints/dict_16_192_64_0p5_0p02_0016_0007" 5727
"/Engine/EngineMaterials/Substrate/GLints/dict_16_192_64_0p5_0p02_0016_0008" 5728
"/Engine/EngineMaterials/Substrate/GLints/dict_16_192_64_0p5_0p02_0016_0009" 5729
"/Engine/EngineMaterials/Substrate/GLints/dict_16_192_64_0p5_0p02_0016_0010" 5730
"/Engine/EngineMaterials/Substrate/GLints/dict_16_192_64_0p5_0p02_0016_0011" 5731
"/Engine/EngineMaterials/Substrate/GLints/dict_16_192_64_0p5_0p02_0016_0012" 5732
"/Engine/EngineMaterials/Substrate/GLints/dict_16_192_64_0p5_0p02_0016_0013" 5733
"/Engine/EngineMaterials/Substrate/GLints/dict_16_192_64_0p5_0p02_0016_0014" 5734
"/Engine/EngineMaterials/Substrate/GLints/dict_16_192_64_0p5_0p02_0016_0015" 5735
"/Engine/EngineMaterials/Substrate/GLints/dict_16_192_64_0p5_0p02_0017_0000" 5736
"/Engine/EngineMaterials/Substrate/GLints/dict_16_192_64_0p5_0p02_0017_0001" 5737
"/Engine/EngineMaterials/Substrate/GLints/dict_16_192_64_0p5_0p02_0017_0002" 5738
"/Engine/EngineMaterials/Substrate/GLints/dict_16_192_64_0p5_0p02_0017_0003" 5739
"../../../Engine/Content/EngineMaterials/Substrate/GLints/dict_16_192_64_0p5_0p02_0015_0001.uasset" 5740
"../../../Engine/Content/EngineMaterials/Substrate/GLints/dict_16_192_64_0p5_0p02_0015_0002.uasset" 5741
"../../../Engine/Content/EngineMaterials/Substrate/GLints/dict_16_192_64_0p5_0p02_0014_0013.uasset" 5742
"../../../Engine/Content/EngineMaterials/Substrate/GLints/dict_16_192_64_0p5_0p02_0014_0007.uasset" 5743
"../../../Engine/Content/EngineMaterials/Substrate/GLints/dict_16_192_64_0p5_0p02_0013_0007.uasset" 5744
"../../../Engine/Content/EngineMaterials/Substrate/GLints/dict_16_192_64_0p5_0p02_0014_0003.uasset" 5745
"../../../Engine/Content/EngineMaterials/Substrate/GLints/dict_16_192_64_0p5_0p02_0014_0015.uasset" 5746
"../../../Engine/Content/EngineMaterials/Substrate/GLints/dict_16_192_64_0p5_0p02_0014_0000.uasset" 5747
"../../../Engine/Content/EngineMaterials/Substrate/GLints/dict_16_192_64_0p5_0p02_0013_0011.uasset" 5748
"../../../Engine/Content/EngineMaterials/Substrate/GLints/dict_16_192_64_0p5_0p02_0013_0009.uasset" 5749
"../../../Engine/Content/EngineMaterials/Substrate/GLints/dict_16_192_64_0p5_0p02_0015_0000.uasset" 5750
"../../../Engine/Content/EngineMaterials/Substrate/GLints/dict_16_192_64_0p5_0p02_0014_0005.uasset" 5751
"../../../Engine/Content/EngineMaterials/Substrate/GLints/dict_16_192_64_0p5_0p02_0013_0010.uasset" 5752
"../../../Engine/Content/EngineMaterials/Substrate/GLints/dict_16_192_64_0p5_0p02_0014_0008.uasset" 5753
"../../../Engine/Content/EngineMaterials/Substrate/GLints/dict_16_192_64_0p5_0p02_0014_0009.uasset" 5754
"../../../Engine/Content/EngineMaterials/Substrate/GLints/dict_16_192_64_0p5_0p02_0014_0012.uasset" 5755
"../../../Engine/Content/EngineMaterials/Substrate/GLints/dict_16_192_64_0p5_0p02_0014_0014.uasset" 5756
"../../../Engine/Content/EngineMaterials/Substrate/GLints/dict_16_192_64_0p5_0p02_0014_0010.uasset" 5757
"../../../Engine/Content/EngineMaterials/Substrate/GLints/dict_16_192_64_0p5_0p02_0014_0006.uasset" 5758
"../../../Engine/Content/EngineMaterials/Substrate/GLints/dict_16_192_64_0p5_0p02_0014_0004.uasset" 5759
"../../../Engine/Content/EngineMaterials/Substrate/GLints/dict_16_192_64_0p5_0p02_0013_0006.uasset" 5760
"../../../Engine/Content/EngineMaterials/Substrate/GLints/dict_16_192_64_0p5_0p02_0013_0012.uasset" 5761
"../../../Engine/Content/EngineMaterials/Substrate/GLints/dict_16_192_64_0p5_0p02_0013_0013.uasset" 5762
"../../../Engine/Content/EngineMaterials/Substrate/GLints/dict_16_192_64_0p5_0p02_0013_0015.uasset" 5763
"../../../Engine/Content/EngineMaterials/Substrate/GLints/dict_16_192_64_0p5_0p02_0013_0014.uasset" 5764
"../../../Engine/Content/EngineMaterials/Substrate/GLints/dict_16_192_64_0p5_0p02_0014_0001.uasset" 5765
"../../../Engine/Content/EngineMaterials/Substrate/GLints/dict_16_192_64_0p5_0p02_0014_0002.uasset" 5766
"../../../Engine/Content/EngineMaterials/Substrate/GLints/dict_16_192_64_0p5_0p02_0013_0008.uasset" 5767
"../../../Engine/Content/EngineMaterials/Substrate/GLints/dict_16_192_64_0p5_0p02_0014_0011.uasset" 5768
"../../../Engine/Content/EngineMaterials/Substrate/GLints/dict_16_192_64_0p5_0p02_0015_0003.uasset" 5769
"/Engine/EngineMaterials/Substrate/GLints/dict_16_192_64_0p5_0p02_0013_0006" 5770
"/Engine/EngineMaterials/Substrate/GLints/dict_16_192_64_0p5_0p02_0013_0007" 5771
"/Engine/EngineMaterials/Substrate/GLints/dict_16_192_64_0p5_0p02_0013_0008" 5772
"../../../Engine/Content/EngineMaterials/Substrate/GLints/dict_16_192_64_0p5_0p02_0013_0005.uasset" 5773
"/Engine/EngineMaterials/Substrate/GLints/dict_16_192_64_0p5_0p02_0013_0009" 5774
"/Engine/EngineMaterials/Substrate/GLints/dict_16_192_64_0p5_0p02_0013_0010" 5775
"../../../Engine/Content/EngineMaterials/Substrate/GLints/dict_16_192_64_0p5_0p02_0013_0004.uasset" 5776
"/Engine/EngineMaterials/Substrate/GLints/dict_16_192_64_0p5_0p02_0013_0011" 5777
"/Engine/EngineMaterials/Substrate/GLints/dict_16_192_64_0p5_0p02_0013_0012" 5778
"/Engine/EngineMaterials/Substrate/GLints/dict_16_192_64_0p5_0p02_0013_0013" 5779
"/Engine/EngineMaterials/Substrate/GLints/dict_16_192_64_0p5_0p02_0013_0014" 5780
"/Engine/EngineMaterials/Substrate/GLints/dict_16_192_64_0p5_0p02_0013_0015" 5781
"/Engine/EngineMaterials/Substrate/GLints/dict_16_192_64_0p5_0p02_0014_0000" 5782
"/Engine/EngineMaterials/Substrate/GLints/dict_16_192_64_0p5_0p02_0014_0001" 5783
"/Engine/EngineMaterials/Substrate/GLints/dict_16_192_64_0p5_0p02_0014_0002" 5784
"/Engine/EngineMaterials/Substrate/GLints/dict_16_192_64_0p5_0p02_0014_0003" 5785
"/Engine/EngineMaterials/Substrate/GLints/dict_16_192_64_0p5_0p02_0014_0004" 5786
"/Engine/EngineMaterials/Substrate/GLints/dict_16_192_64_0p5_0p02_0014_0005" 5787
"/Engine/EngineMaterials/Substrate/GLints/dict_16_192_64_0p5_0p02_0014_0006" 5788
"/Engine/EngineMaterials/Substrate/GLints/dict_16_192_64_0p5_0p02_0014_0007" 5789
"/Engine/EngineMaterials/Substrate/GLints/dict_16_192_64_0p5_0p02_0014_0008" 5790
"/Engine/EngineMaterials/Substrate/GLints/dict_16_192_64_0p5_0p02_0014_0009" 5791
"/Engine/EngineMaterials/Substrate/GLints/dict_16_192_64_0p5_0p02_0014_0010" 5792
"/Engine/EngineMaterials/Substrate/GLints/dict_16_192_64_0p5_0p02_0014_0011" 5793
"/Engine/EngineMaterials/Substrate/GLints/dict_16_192_64_0p5_0p02_0014_0012" 5794
"/Engine/EngineMaterials/Substrate/GLints/dict_16_192_64_0p5_0p02_0014_0013" 5795
"/Engine/EngineMaterials/Substrate/GLints/dict_16_192_64_0p5_0p02_0014_0014" 5796
"/Engine/EngineMaterials/Substrate/GLints/dict_16_192_64_0p5_0p02_0014_0015" 5797
"/Engine/EngineMaterials/Substrate/GLints/dict_16_192_64_0p5_0p02_0015_0000" 5798
"/Engine/EngineMaterials/Substrate/GLints/dict_16_192_64_0p5_0p02_0015_0001" 5799
"/Engine/EngineMaterials/Substrate/GLints/dict_16_192_64_0p5_0p02_0015_0002" 5800
"/Engine/EngineMaterials/Substrate/GLints/dict_16_192_64_0p5_0p02_0015_0003" 5801
"/Engine/EngineMaterials/Substrate/GLints/dict_16_192_64_0p5_0p02_0013_0004" 5802
"/Engine/EngineMaterials/Substrate/GLints/dict_16_192_64_0p5_0p02_0013_0005" 5803
"../../../Engine/Content/EngineMaterials/Substrate/GLints/dict_16_192_64_0p5_0p02_0013_0001.uasset" 5804
"../../../Engine/Content/EngineMaterials/Substrate/GLints/dict_16_192_64_0p5_0p02_0013_0000.uasset" 5805
"../../../Engine/Content/EngineMaterials/Substrate/GLints/dict_16_192_64_0p5_0p02_0012_0013.uasset" 5806
"../../../Engine/Content/EngineMaterials/Substrate/GLints/dict_16_192_64_0p5_0p02_0013_0003.uasset" 5807
"../../../Engine/Content/EngineMaterials/Substrate/GLints/dict_16_192_64_0p5_0p02_0012_0014.uasset" 5808
"../../../Engine/Content/EngineMaterials/Substrate/GLints/dict_16_192_64_0p5_0p02_0012_0009.uasset" 5809
"../../../Engine/Content/EngineMaterials/Substrate/GLints/dict_16_192_64_0p5_0p02_0012_0011.uasset" 5810
"../../../Engine/Content/EngineMaterials/Substrate/GLints/dict_16_192_64_0p5_0p02_0012_0008.uasset" 5811
"../../../Engine/Content/EngineMaterials/Substrate/GLints/dict_16_192_64_0p5_0p02_0012_0007.uasset" 5812
"../../../Engine/Content/EngineMaterials/Substrate/GLints/dict_16_192_64_0p5_0p02_0012_0010.uasset" 5813
"../../../Engine/Content/EngineMaterials/Substrate/GLints/dict_16_192_64_0p5_0p02_0012_0006.uasset" 5814
"../../../Engine/Content/EngineMaterials/Substrate/GLints/dict_16_192_64_0p5_0p02_0011_0013.uasset" 5815
"../../../Engine/Content/EngineMaterials/Substrate/GLints/dict_16_192_64_0p5_0p02_0011_0009.uasset" 5816
"../../../Engine/Content/EngineMaterials/Substrate/GLints/dict_16_192_64_0p5_0p02_0011_0014.uasset" 5817
"../../../Engine/Content/EngineMaterials/Substrate/GLints/dict_16_192_64_0p5_0p02_0012_0005.uasset" 5818
"../../../Engine/Content/EngineMaterials/Substrate/GLints/dict_16_192_64_0p5_0p02_0012_0015.uasset" 5819
"../../../Engine/Content/EngineMaterials/Substrate/GLints/dict_16_192_64_0p5_0p02_0012_0004.uasset" 5820
"../../../Engine/Content/EngineMaterials/Substrate/GLints/dict_16_192_64_0p5_0p02_0012_0002.uasset" 5821
"../../../Engine/Content/EngineMaterials/Substrate/GLints/dict_16_192_64_0p5_0p02_0011_0008.uasset" 5822
"../../../Engine/Content/EngineMaterials/Substrate/GLints/dict_16_192_64_0p5_0p02_0011_0010.uasset" 5823
"../../../Engine/Content/EngineMaterials/Substrate/GLints/dict_16_192_64_0p5_0p02_0011_0007.uasset" 5824
"../../../Engine/Content/EngineMaterials/Substrate/GLints/dict_16_192_64_0p5_0p02_0011_0011.uasset" 5825
"../../../Engine/Content/EngineMaterials/Substrate/GLints/dict_16_192_64_0p5_0p02_0013_0002.uasset" 5826
"../../../Engine/Content/EngineMaterials/Substrate/GLints/dict_16_192_64_0p5_0p02_0012_0012.uasset" 5827
"../../../Engine/Content/EngineMaterials/Substrate/GLints/dict_16_192_64_0p5_0p02_0011_0015.uasset" 5828
"../../../Engine/Content/EngineMaterials/Substrate/GLints/dict_16_192_64_0p5_0p02_0011_0006.uasset" 5829
"../../../Engine/Content/EngineMaterials/Substrate/GLints/dict_16_192_64_0p5_0p02_0011_0012.uasset" 5830
"../../../Engine/Content/EngineMaterials/Substrate/GLints/dict_16_192_64_0p5_0p02_0012_0000.uasset" 5831
"../../../Engine/Content/EngineMaterials/Substrate/GLints/dict_16_192_64_0p5_0p02_0012_0001.uasset" 5832
"../../../Engine/Content/EngineMaterials/Substrate/GLints/dict_16_192_64_0p5_0p02_0012_0003.uasset" 5833
"../../../Engine/Content/EngineMaterials/Substrate/GLints/dict_16_192_64_0p5_0p02_0011_0004.uasset" 5834
"../../../Engine/Content/EngineMaterials/Substrate/GLints/dict_16_192_64_0p5_0p02_0011_0005.uasset" 5835
"/Engine/EngineMaterials/Substrate/GLints/dict_16_192_64_0p5_0p02_0011_0004" 5836
"/Engine/EngineMaterials/Substrate/GLints/dict_16_192_64_0p5_0p02_0011_0005" 5837
"/Engine/EngineMaterials/Substrate/GLints/dict_16_192_64_0p5_0p02_0011_0006" 5838
"/Engine/EngineMaterials/Substrate/GLints/dict_16_192_64_0p5_0p02_0011_0007" 5839
"/Engine/EngineMaterials/Substrate/GLints/dict_16_192_64_0p5_0p02_0011_0008" 5840
"/Engine/EngineMaterials/Substrate/GLints/dict_16_192_64_0p5_0p02_0011_0009" 5841
"/Engine/EngineMaterials/Substrate/GLints/dict_16_192_64_0p5_0p02_0011_0010" 5842
"/Engine/EngineMaterials/Substrate/GLints/dict_16_192_64_0p5_0p02_0011_0011" 5843
"/Engine/EngineMaterials/Substrate/GLints/dict_16_192_64_0p5_0p02_0011_0012" 5844
"/Engine/EngineMaterials/Substrate/GLints/dict_16_192_64_0p5_0p02_0011_0013" 5845
"/Engine/EngineMaterials/Substrate/GLints/dict_16_192_64_0p5_0p02_0011_0014" 5846
"/Engine/EngineMaterials/Substrate/GLints/dict_16_192_64_0p5_0p02_0011_0015" 5847
"/Engine/EngineMaterials/Substrate/GLints/dict_16_192_64_0p5_0p02_0012_0000" 5848
"/Engine/EngineMaterials/Substrate/GLints/dict_16_192_64_0p5_0p02_0012_0001" 5849
"/Engine/EngineMaterials/Substrate/GLints/dict_16_192_64_0p5_0p02_0012_0002" 5850
"/Engine/EngineMaterials/Substrate/GLints/dict_16_192_64_0p5_0p02_0012_0003" 5851
"/Engine/EngineMaterials/Substrate/GLints/dict_16_192_64_0p5_0p02_0012_0004" 5852
"/Engine/EngineMaterials/Substrate/GLints/dict_16_192_64_0p5_0p02_0012_0005" 5853
"/Engine/EngineMaterials/Substrate/GLints/dict_16_192_64_0p5_0p02_0012_0006" 5854
"/Engine/EngineMaterials/Substrate/GLints/dict_16_192_64_0p5_0p02_0012_0007" 5855
"/Engine/EngineMaterials/Substrate/GLints/dict_16_192_64_0p5_0p02_0012_0008" 5856
"/Engine/EngineMaterials/Substrate/GLints/dict_16_192_64_0p5_0p02_0012_0009" 5857
"/Engine/EngineMaterials/Substrate/GLints/dict_16_192_64_0p5_0p02_0012_0010" 5858
"/Engine/EngineMaterials/Substrate/GLints/dict_16_192_64_0p5_0p02_0012_0011" 5859
"/Engine/EngineMaterials/Substrate/GLints/dict_16_192_64_0p5_0p02_0012_0012" 5860
"/Engine/EngineMaterials/Substrate/GLints/dict_16_192_64_0p5_0p02_0012_0013" 5861
"/Engine/EngineMaterials/Substrate/GLints/dict_16_192_64_0p5_0p02_0012_0014" 5862
"/Engine/EngineMaterials/Substrate/GLints/dict_16_192_64_0p5_0p02_0012_0015" 5863
"/Engine/EngineMaterials/Substrate/GLints/dict_16_192_64_0p5_0p02_0013_0000" 5864
"/Engine/EngineMaterials/Substrate/GLints/dict_16_192_64_0p5_0p02_0013_0001" 5865
"/Engine/EngineMaterials/Substrate/GLints/dict_16_192_64_0p5_0p02_0013_0002" 5866
"/Engine/EngineMaterials/Substrate/GLints/dict_16_192_64_0p5_0p02_0013_0003" 5867
"../../../Engine/Content/EngineMaterials/Substrate/GLints/dict_16_192_64_0p5_0p02_0011_0002.uasset" 5868
"../../../Engine/Content/EngineMaterials/Substrate/GLints/dict_16_192_64_0p5_0p02_0011_0001.uasset" 5869
"../../../Engine/Content/EngineMaterials/Substrate/GLints/dict_16_192_64_0p5_0p02_0010_0015.uasset" 5870
"../../../Engine/Content/EngineMaterials/Substrate/GLints/dict_16_192_64_0p5_0p02_0011_0003.uasset" 5871
"../../../Engine/Content/EngineMaterials/Substrate/GLints/dict_16_192_64_0p5_0p02_0011_0000.uasset" 5872
"../../../Engine/Content/EngineMaterials/Substrate/GLints/dict_16_192_64_0p5_0p02_0010_0010.uasset" 5873
"../../../Engine/Content/EngineMaterials/Substrate/GLints/dict_16_192_64_0p5_0p02_0010_0005.uasset" 5874
"../../../Engine/Content/EngineMaterials/Substrate/GLints/dict_16_192_64_0p5_0p02_0010_0014.uasset" 5875
"../../../Engine/Content/EngineMaterials/Substrate/GLints/dict_16_192_64_0p5_0p02_0009_0015.uasset" 5876
"../../../Engine/Content/EngineMaterials/Substrate/GLints/dict_16_192_64_0p5_0p02_0010_0009.uasset" 5877
"../../../Engine/Content/EngineMaterials/Substrate/GLints/dict_16_192_64_0p5_0p02_0010_0008.uasset" 5878
"../../../Engine/Content/EngineMaterials/Substrate/GLints/dict_16_192_64_0p5_0p02_0009_0011.uasset" 5879
"../../../Engine/Content/EngineMaterials/Substrate/GLints/dict_16_192_64_0p5_0p02_0009_0014.uasset" 5880
"../../../Engine/Content/EngineMaterials/Substrate/GLints/dict_16_192_64_0p5_0p02_0009_0007.uasset" 5881
"../../../Engine/Content/EngineMaterials/Substrate/GLints/dict_16_192_64_0p5_0p02_0009_0012.uasset" 5882
"../../../Engine/Content/EngineMaterials/Substrate/GLints/dict_16_192_64_0p5_0p02_0010_0006.uasset" 5883
"../../../Engine/Content/EngineMaterials/Substrate/GLints/dict_16_192_64_0p5_0p02_0009_0008.uasset" 5884
"../../../Engine/Content/EngineMaterials/Substrate/GLints/dict_16_192_64_0p5_0p02_0010_0001.uasset" 5885
"../../../Engine/Content/EngineMaterials/Substrate/GLints/dict_16_192_64_0p5_0p02_0009_0013.uasset" 5886
"../../../Engine/Content/EngineMaterials/Substrate/GLints/dict_16_192_64_0p5_0p02_0009_0006.uasset" 5887
"../../../Engine/Content/EngineMaterials/Substrate/GLints/dict_16_192_64_0p5_0p02_0010_0013.uasset" 5888
"../../../Engine/Content/EngineMaterials/Substrate/GLints/dict_16_192_64_0p5_0p02_0010_0003.uasset" 5889
"../../../Engine/Content/EngineMaterials/Substrate/GLints/dict_16_192_64_0p5_0p02_0010_0007.uasset" 5890
"../../../Engine/Content/EngineMaterials/Substrate/GLints/dict_16_192_64_0p5_0p02_0010_0002.uasset" 5891
"../../../Engine/Content/EngineMaterials/Substrate/GLints/dict_16_192_64_0p5_0p02_0010_0012.uasset" 5892
"../../../Engine/Content/EngineMaterials/Substrate/GLints/dict_16_192_64_0p5_0p02_0010_0000.uasset" 5893
"../../../Engine/Content/EngineMaterials/Substrate/GLints/dict_16_192_64_0p5_0p02_0009_0009.uasset" 5894
"../../../Engine/Content/EngineMaterials/Substrate/GLints/dict_16_192_64_0p5_0p02_0010_0004.uasset" 5895
"../../../Engine/Content/EngineMaterials/Substrate/GLints/dict_16_192_64_0p5_0p02_0010_0011.uasset" 5896
"../../../Engine/Content/EngineMaterials/Substrate/GLints/dict_16_192_64_0p5_0p02_0009_0010.uasset" 5897
"../../../Engine/Content/EngineMaterials/Substrate/GLints/dict_16_192_64_0p5_0p02_0009_0004.uasset" 5898
"/Engine/EngineMaterials/Substrate/GLints/dict_16_192_64_0p5_0p02_0009_0004" 5899
"../../../Engine/Content/EngineMaterials/Substrate/GLints/dict_16_192_64_0p5_0p02_0009_0005.uasset" 5900
"/Engine/EngineMaterials/Substrate/GLints/dict_16_192_64_0p5_0p02_0009_0006" 5901
"/Engine/EngineMaterials/Substrate/GLints/dict_16_192_64_0p5_0p02_0009_0007" 5902
"/Engine/EngineMaterials/Substrate/GLints/dict_16_192_64_0p5_0p02_0009_0008" 5903
"/Engine/EngineMaterials/Substrate/GLints/dict_16_192_64_0p5_0p02_0009_0009" 5904
"/Engine/EngineMaterials/Substrate/GLints/dict_16_192_64_0p5_0p02_0009_0010" 5905
"/Engine/EngineMaterials/Substrate/GLints/dict_16_192_64_0p5_0p02_0009_0011" 5906
"/Engine/EngineMaterials/Substrate/GLints/dict_16_192_64_0p5_0p02_0009_0012" 5907
"/Engine/EngineMaterials/Substrate/GLints/dict_16_192_64_0p5_0p02_0009_0013" 5908
"/Engine/EngineMaterials/Substrate/GLints/dict_16_192_64_0p5_0p02_0009_0014" 5909
"/Engine/EngineMaterials/Substrate/GLints/dict_16_192_64_0p5_0p02_0009_0015" 5910
"/Engine/EngineMaterials/Substrate/GLints/dict_16_192_64_0p5_0p02_0010_0000" 5911
"/Engine/EngineMaterials/Substrate/GLints/dict_16_192_64_0p5_0p02_0010_0001" 5912
"/Engine/EngineMaterials/Substrate/GLints/dict_16_192_64_0p5_0p02_0010_0002" 5913
"/Engine/EngineMaterials/Substrate/GLints/dict_16_192_64_0p5_0p02_0010_0003" 5914
"/Engine/EngineMaterials/Substrate/GLints/dict_16_192_64_0p5_0p02_0010_0004" 5915
"/Engine/EngineMaterials/Substrate/GLints/dict_16_192_64_0p5_0p02_0010_0005" 5916
"/Engine/EngineMaterials/Substrate/GLints/dict_16_192_64_0p5_0p02_0010_0006" 5917
"/Engine/EngineMaterials/Substrate/GLints/dict_16_192_64_0p5_0p02_0010_0007" 5918
"/Engine/EngineMaterials/Substrate/GLints/dict_16_192_64_0p5_0p02_0010_0008" 5919
"/Engine/EngineMaterials/Substrate/GLints/dict_16_192_64_0p5_0p02_0010_0009" 5920
"/Engine/EngineMaterials/Substrate/GLints/dict_16_192_64_0p5_0p02_0010_0010" 5921
"/Engine/EngineMaterials/Substrate/GLints/dict_16_192_64_0p5_0p02_0010_0011" 5922
"/Engine/EngineMaterials/Substrate/GLints/dict_16_192_64_0p5_0p02_0010_0012" 5923
"/Engine/EngineMaterials/Substrate/GLints/dict_16_192_64_0p5_0p02_0010_0013" 5924
"/Engine/EngineMaterials/Substrate/GLints/dict_16_192_64_0p5_0p02_0010_0014" 5925
"/Engine/EngineMaterials/Substrate/GLints/dict_16_192_64_0p5_0p02_0010_0015" 5926
"/Engine/EngineMaterials/Substrate/GLints/dict_16_192_64_0p5_0p02_0011_0000" 5927
"/Engine/EngineMaterials/Substrate/GLints/dict_16_192_64_0p5_0p02_0011_0001" 5928
"/Engine/EngineMaterials/Substrate/GLints/dict_16_192_64_0p5_0p02_0011_0002" 5929
"/Engine/EngineMaterials/Substrate/GLints/dict_16_192_64_0p5_0p02_0011_0003" 5930
"/Engine/EngineMaterials/Substrate/GLints/dict_16_192_64_0p5_0p02_0009_0005" 5931
"../../../Engine/Content/EngineMaterials/Substrate/GLints/dict_16_192_64_0p5_0p02_0008_0015.uasset" 5932
"../../../Engine/Content/EngineMaterials/Substrate/GLints/dict_16_192_64_0p5_0p02_0009_0000.uasset" 5933
"../../../Engine/Content/EngineMaterials/Substrate/GLints/dict_16_192_64_0p5_0p02_0009_0002.uasset" 5934
"../../../Engine/Content/EngineMaterials/Substrate/GLints/dict_16_192_64_0p5_0p02_0008_0011.uasset" 5935
"../../../Engine/Content/EngineMaterials/Substrate/GLints/dict_16_192_64_0p5_0p02_0008_0010.uasset" 5936
"../../../Engine/Content/EngineMaterials/Substrate/GLints/dict_16_192_64_0p5_0p02_0008_0014.uasset" 5937
"../../../Engine/Content/EngineMaterials/Substrate/GLints/dict_16_192_64_0p5_0p02_0008_0002.uasset" 5938
"../../../Engine/Content/EngineMaterials/Substrate/GLints/dict_16_192_64_0p5_0p02_0008_0012.uasset" 5939
"../../../Engine/Content/EngineMaterials/Substrate/GLints/dict_16_192_64_0p5_0p02_0007_0013.uasset" 5940
"../../../Engine/Content/EngineMaterials/Substrate/GLints/dict_16_192_64_0p5_0p02_0007_0015.uasset" 5941
"../../../Engine/Content/EngineMaterials/Substrate/GLints/dict_16_192_64_0p5_0p02_0008_0007.uasset" 5942
"../../../Engine/Content/EngineMaterials/Substrate/GLints/dict_16_192_64_0p5_0p02_0008_0000.uasset" 5943
"../../../Engine/Content/EngineMaterials/Substrate/GLints/dict_16_192_64_0p5_0p02_0008_0008.uasset" 5944
"../../../Engine/Content/EngineMaterials/Substrate/GLints/dict_16_192_64_0p5_0p02_0007_0007.uasset" 5945
"../../../Engine/Content/EngineMaterials/Substrate/GLints/dict_16_192_64_0p5_0p02_0008_0005.uasset" 5946
"../../../Engine/Content/EngineMaterials/Substrate/GLints/dict_16_192_64_0p5_0p02_0009_0001.uasset" 5947
"../../../Engine/Content/EngineMaterials/Substrate/GLints/dict_16_192_64_0p5_0p02_0007_0008.uasset" 5948
"../../../Engine/Content/EngineMaterials/Substrate/GLints/dict_16_192_64_0p5_0p02_0007_0009.uasset" 5949
"../../../Engine/Content/EngineMaterials/Substrate/GLints/dict_16_192_64_0p5_0p02_0007_0012.uasset" 5950
"../../../Engine/Content/EngineMaterials/Substrate/GLints/dict_16_192_64_0p5_0p02_0009_0003.uasset" 5951
"../../../Engine/Content/EngineMaterials/Substrate/GLints/dict_16_192_64_0p5_0p02_0008_0001.uasset" 5952
"../../../Engine/Content/EngineMaterials/Substrate/GLints/dict_16_192_64_0p5_0p02_0008_0003.uasset" 5953
"../../../Engine/Content/EngineMaterials/Substrate/GLints/dict_16_192_64_0p5_0p02_0008_0006.uasset" 5954
"../../../Engine/Content/EngineMaterials/Substrate/GLints/dict_16_192_64_0p5_0p02_0008_0009.uasset" 5955
"../../../Engine/Content/EngineMaterials/Substrate/GLints/dict_16_192_64_0p5_0p02_0008_0013.uasset" 5956
"../../../Engine/Content/EngineMaterials/Substrate/GLints/dict_16_192_64_0p5_0p02_0007_0010.uasset" 5957
"../../../Engine/Content/EngineMaterials/Substrate/GLints/dict_16_192_64_0p5_0p02_0007_0014.uasset" 5958
"../../../Engine/Content/EngineMaterials/Substrate/GLints/dict_16_192_64_0p5_0p02_0007_0011.uasset" 5959
"../../../Engine/Content/EngineMaterials/Substrate/GLints/dict_16_192_64_0p5_0p02_0008_0004.uasset" 5960
"../../../Engine/Content/EngineMaterials/Substrate/GLints/dict_16_192_64_0p5_0p02_0007_0006.uasset" 5961
"../../../Engine/Content/EngineMaterials/Substrate/GLints/dict_16_192_64_0p5_0p02_0007_0005.uasset" 5962
"../../../Engine/Content/EngineMaterials/Substrate/GLints/dict_16_192_64_0p5_0p02_0007_0004.uasset" 5963
"/Engine/EngineMaterials/Substrate/GLints/dict_16_192_64_0p5_0p02_0007_0005" 5964
"/Engine/EngineMaterials/Substrate/GLints/dict_16_192_64_0p5_0p02_0007_0006" 5965
"/Engine/EngineMaterials/Substrate/GLints/dict_16_192_64_0p5_0p02_0007_0007" 5966
"/Engine/EngineMaterials/Substrate/GLints/dict_16_192_64_0p5_0p02_0007_0008" 5967
"/Engine/EngineMaterials/Substrate/GLints/dict_16_192_64_0p5_0p02_0007_0009" 5968
"/Engine/EngineMaterials/Substrate/GLints/dict_16_192_64_0p5_0p02_0007_0010" 5969
"/Engine/EngineMaterials/Substrate/GLints/dict_16_192_64_0p5_0p02_0007_0011" 5970
"/Engine/EngineMaterials/Substrate/GLints/dict_16_192_64_0p5_0p02_0007_0012" 5971
"/Engine/EngineMaterials/Substrate/GLints/dict_16_192_64_0p5_0p02_0007_0013" 5972
"/Engine/EngineMaterials/Substrate/GLints/dict_16_192_64_0p5_0p02_0007_0014" 5973
"/Engine/EngineMaterials/Substrate/GLints/dict_16_192_64_0p5_0p02_0007_0015" 5974
"/Engine/EngineMaterials/Substrate/GLints/dict_16_192_64_0p5_0p02_0008_0000" 5975
"/Engine/EngineMaterials/Substrate/GLints/dict_16_192_64_0p5_0p02_0008_0001" 5976
"/Engine/EngineMaterials/Substrate/GLints/dict_16_192_64_0p5_0p02_0008_0002" 5977
"/Engine/EngineMaterials/Substrate/GLints/dict_16_192_64_0p5_0p02_0008_0003" 5978
"/Engine/EngineMaterials/Substrate/GLints/dict_16_192_64_0p5_0p02_0008_0004" 5979
"/Engine/EngineMaterials/Substrate/GLints/dict_16_192_64_0p5_0p02_0008_0005" 5980
"/Engine/EngineMaterials/Substrate/GLints/dict_16_192_64_0p5_0p02_0008_0006" 5981
"/Engine/EngineMaterials/Substrate/GLints/dict_16_192_64_0p5_0p02_0008_0007" 5982
"/Engine/EngineMaterials/Substrate/GLints/dict_16_192_64_0p5_0p02_0008_0008" 5983
"/Engine/EngineMaterials/Substrate/GLints/dict_16_192_64_0p5_0p02_0008_0009" 5984
"/Engine/EngineMaterials/Substrate/GLints/dict_16_192_64_0p5_0p02_0008_0010" 5985
"/Engine/EngineMaterials/Substrate/GLints/dict_16_192_64_0p5_0p02_0008_0011" 5986
"/Engine/EngineMaterials/Substrate/GLints/dict_16_192_64_0p5_0p02_0008_0012" 5987
"/Engine/EngineMaterials/Substrate/GLints/dict_16_192_64_0p5_0p02_0008_0013" 5988
"/Engine/EngineMaterials/Substrate/GLints/dict_16_192_64_0p5_0p02_0008_0014" 5989
"/Engine/EngineMaterials/Substrate/GLints/dict_16_192_64_0p5_0p02_0008_0015" 5990
"/Engine/EngineMaterials/Substrate/GLints/dict_16_192_64_0p5_0p02_0009_0000" 5991
"/Engine/EngineMaterials/Substrate/GLints/dict_16_192_64_0p5_0p02_0009_0001" 5992
"/Engine/EngineMaterials/Substrate/GLints/dict_16_192_64_0p5_0p02_0009_0002" 5993
"/Engine/EngineMaterials/Substrate/GLints/dict_16_192_64_0p5_0p02_0009_0003" 5994
"/Engine/EngineMaterials/Substrate/GLints/dict_16_192_64_0p5_0p02_0007_0004" 5995
"../../../Engine/Content/EngineMaterials/Substrate/GLints/dict_16_192_64_0p5_0p02_0006_0014.uasset" 5996
"../../../Engine/Content/EngineMaterials/Substrate/GLints/dict_16_192_64_0p5_0p02_0005_0011.uasset" 5997
"../../../Engine/Content/EngineMaterials/Substrate/GLints/dict_16_192_64_0p5_0p02_0006_0015.uasset" 5998
"../../../Engine/Content/EngineMaterials/Substrate/GLints/dict_16_192_64_0p5_0p02_0006_0001.uasset" 5999
"../../../Engine/Content/EngineMaterials/Substrate/GLints/dict_16_192_64_0p5_0p02_0005_0015.uasset" 6000
"../../../Engine/Content/EngineMaterials/Substrate/GLints/dict_16_192_64_0p5_0p02_0006_0004.uasset" 6001
"../../../Engine/Content/EngineMaterials/Substrate/GLints/dict_16_192_64_0p5_0p02_0006_0000.uasset" 6002
"../../../Engine/Content/EngineMaterials/Substrate/GLints/dict_16_192_64_0p5_0p02_0006_0011.uasset" 6003
"../../../Engine/Content/EngineMaterials/Substrate/GLints/dict_16_192_64_0p5_0p02_0005_0012.uasset" 6004
"../../../Engine/Content/EngineMaterials/Substrate/GLints/dict_16_192_64_0p5_0p02_0006_0003.uasset" 6005
"../../../Engine/Content/EngineMaterials/Substrate/GLints/dict_16_192_64_0p5_0p02_0006_0006.uasset" 6006
"../../../Engine/Content/EngineMaterials/Substrate/GLints/dict_16_192_64_0p5_0p02_0006_0013.uasset" 6007
"../../../Engine/Content/EngineMaterials/Substrate/GLints/dict_16_192_64_0p5_0p02_0005_0006.uasset" 6008
"../../../Engine/Content/EngineMaterials/Substrate/GLints/dict_16_192_64_0p5_0p02_0006_0012.uasset" 6009
"../../../Engine/Content/EngineMaterials/Substrate/GLints/dict_16_192_64_0p5_0p02_0005_0010.uasset" 6010
"../../../Engine/Content/EngineMaterials/Substrate/GLints/dict_16_192_64_0p5_0p02_0005_0008.uasset" 6011
"../../../Engine/Content/EngineMaterials/Substrate/GLints/dict_16_192_64_0p5_0p02_0005_0014.uasset" 6012
"../../../Engine/Content/EngineMaterials/Substrate/GLints/dict_16_192_64_0p5_0p02_0005_0013.uasset" 6013
"../../../Engine/Content/EngineMaterials/Substrate/GLints/dict_16_192_64_0p5_0p02_0007_0002.uasset" 6014
"../../../Engine/Content/EngineMaterials/Substrate/GLints/dict_16_192_64_0p5_0p02_0005_0007.uasset" 6015
"../../../Engine/Content/EngineMaterials/Substrate/GLints/dict_16_192_64_0p5_0p02_0007_0000.uasset" 6016
"../../../Engine/Content/EngineMaterials/Substrate/GLints/dict_16_192_64_0p5_0p02_0006_0010.uasset" 6017
"../../../Engine/Content/EngineMaterials/Substrate/GLints/dict_16_192_64_0p5_0p02_0007_0001.uasset" 6018
"../../../Engine/Content/EngineMaterials/Substrate/GLints/dict_16_192_64_0p5_0p02_0006_0009.uasset" 6019
"../../../Engine/Content/EngineMaterials/Substrate/GLints/dict_16_192_64_0p5_0p02_0006_0002.uasset" 6020
"../../../Engine/Content/EngineMaterials/Substrate/GLints/dict_16_192_64_0p5_0p02_0005_0009.uasset" 6021
"../../../Engine/Content/EngineMaterials/Substrate/GLints/dict_16_192_64_0p5_0p02_0006_0007.uasset" 6022
"../../../Engine/Content/EngineMaterials/Substrate/GLints/dict_16_192_64_0p5_0p02_0007_0003.uasset" 6023
"../../../Engine/Content/EngineMaterials/Substrate/GLints/dict_16_192_64_0p5_0p02_0006_0005.uasset" 6024
"../../../Engine/Content/EngineMaterials/Substrate/GLints/dict_16_192_64_0p5_0p02_0006_0008.uasset" 6025
"../../../Engine/Content/EngineMaterials/Substrate/GLints/dict_16_192_64_0p5_0p02_0005_0005.uasset" 6026
"../../../Engine/Content/EngineMaterials/Substrate/GLints/dict_16_192_64_0p5_0p02_0005_0004.uasset" 6027
"/Engine/EngineMaterials/Substrate/GLints/dict_16_192_64_0p5_0p02_0005_0005" 6028
"/Engine/EngineMaterials/Substrate/GLints/dict_16_192_64_0p5_0p02_0005_0004" 6029
"/Engine/EngineMaterials/Substrate/GLints/dict_16_192_64_0p5_0p02_0005_0006" 6030
"/Engine/EngineMaterials/Substrate/GLints/dict_16_192_64_0p5_0p02_0005_0007" 6031
"/Engine/EngineMaterials/Substrate/GLints/dict_16_192_64_0p5_0p02_0005_0008" 6032
"/Engine/EngineMaterials/Substrate/GLints/dict_16_192_64_0p5_0p02_0005_0009" 6033
"/Engine/EngineMaterials/Substrate/GLints/dict_16_192_64_0p5_0p02_0005_0010" 6034
"/Engine/EngineMaterials/Substrate/GLints/dict_16_192_64_0p5_0p02_0005_0011" 6035
"/Engine/EngineMaterials/Substrate/GLints/dict_16_192_64_0p5_0p02_0005_0012" 6036
"/Engine/EngineMaterials/Substrate/GLints/dict_16_192_64_0p5_0p02_0005_0013" 6037
"/Engine/EngineMaterials/Substrate/GLints/dict_16_192_64_0p5_0p02_0005_0014" 6038
"/Engine/EngineMaterials/Substrate/GLints/dict_16_192_64_0p5_0p02_0005_0015" 6039
"/Engine/EngineMaterials/Substrate/GLints/dict_16_192_64_0p5_0p02_0006_0000" 6040
"/Engine/EngineMaterials/Substrate/GLints/dict_16_192_64_0p5_0p02_0006_0001" 6041
"/Engine/EngineMaterials/Substrate/GLints/dict_16_192_64_0p5_0p02_0006_0002" 6042
"/Engine/EngineMaterials/Substrate/GLints/dict_16_192_64_0p5_0p02_0006_0003" 6043
"/Engine/EngineMaterials/Substrate/GLints/dict_16_192_64_0p5_0p02_0006_0004" 6044
"/Engine/EngineMaterials/Substrate/GLints/dict_16_192_64_0p5_0p02_0006_0005" 6045
"/Engine/EngineMaterials/Substrate/GLints/dict_16_192_64_0p5_0p02_0006_0006" 6046
"/Engine/EngineMaterials/Substrate/GLints/dict_16_192_64_0p5_0p02_0006_0007" 6047
"/Engine/EngineMaterials/Substrate/GLints/dict_16_192_64_0p5_0p02_0006_0008" 6048
"/Engine/EngineMaterials/Substrate/GLints/dict_16_192_64_0p5_0p02_0006_0009" 6049
"/Engine/EngineMaterials/Substrate/GLints/dict_16_192_64_0p5_0p02_0006_0010" 6050
"/Engine/EngineMaterials/Substrate/GLints/dict_16_192_64_0p5_0p02_0006_0011" 6051
"/Engine/EngineMaterials/Substrate/GLints/dict_16_192_64_0p5_0p02_0006_0012" 6052
"/Engine/EngineMaterials/Substrate/GLints/dict_16_192_64_0p5_0p02_0006_0013" 6053
"/Engine/EngineMaterials/Substrate/GLints/dict_16_192_64_0p5_0p02_0006_0014" 6054
"/Engine/EngineMaterials/Substrate/GLints/dict_16_192_64_0p5_0p02_0006_0015" 6055
"/Engine/EngineMaterials/Substrate/GLints/dict_16_192_64_0p5_0p02_0007_0000" 6056
"/Engine/EngineMaterials/Substrate/GLints/dict_16_192_64_0p5_0p02_0007_0001" 6057
"/Engine/EngineMaterials/Substrate/GLints/dict_16_192_64_0p5_0p02_0007_0002" 6058
"/Engine/EngineMaterials/Substrate/GLints/dict_16_192_64_0p5_0p02_0007_0003" 6059
"../../../Engine/Content/EngineMaterials/Substrate/GLints/dict_16_192_64_0p5_0p02_0005_0000.uasset" 6060
"../../../Engine/Content/EngineMaterials/Substrate/GLints/dict_16_192_64_0p5_0p02_0005_0001.uasset" 6061
"../../../Engine/Content/EngineMaterials/Substrate/GLints/dict_16_192_64_0p5_0p02_0005_0002.uasset" 6062
"../../../Engine/Content/EngineMaterials/Substrate/GLints/dict_16_192_64_0p5_0p02_0004_0014.uasset" 6063
"../../../Engine/Content/EngineMaterials/Substrate/GLints/dict_16_192_64_0p5_0p02_0004_0011.uasset" 6064
"../../../Engine/Content/EngineMaterials/Substrate/GLints/dict_16_192_64_0p5_0p02_0005_0003.uasset" 6065
"../../../Engine/Content/EngineMaterials/Substrate/GLints/dict_16_192_64_0p5_0p02_0004_0006.uasset" 6066
"../../../Engine/Content/EngineMaterials/Substrate/GLints/dict_16_192_64_0p5_0p02_0003_0014.uasset" 6067
"../../../Engine/Content/EngineMaterials/Substrate/GLints/dict_16_192_64_0p5_0p02_0004_0007.uasset" 6068
"../../../Engine/Content/EngineMaterials/Substrate/GLints/dict_16_192_64_0p5_0p02_0004_0004.uasset" 6069
"../../../Engine/Content/EngineMaterials/Substrate/GLints/dict_16_192_64_0p5_0p02_0003_0008.uasset" 6070
"../../../Engine/Content/EngineMaterials/Substrate/GLints/dict_16_192_64_0p5_0p02_0003_0012.uasset" 6071
"../../../Engine/Content/EngineMaterials/Substrate/GLints/dict_16_192_64_0p5_0p02_0003_0013.uasset" 6072
"../../../Engine/Content/EngineMaterials/Substrate/GLints/dict_16_192_64_0p5_0p02_0004_0013.uasset" 6073
"../../../Engine/Content/EngineMaterials/Substrate/GLints/dict_16_192_64_0p5_0p02_0003_0015.uasset" 6074
"../../../Engine/Content/EngineMaterials/Substrate/GLints/dict_16_192_64_0p5_0p02_0004_0010.uasset" 6075
"../../../Engine/Content/EngineMaterials/Substrate/GLints/dict_16_192_64_0p5_0p02_0003_0009.uasset" 6076
"../../../Engine/Content/EngineMaterials/Substrate/GLints/dict_16_192_64_0p5_0p02_0004_0005.uasset" 6077
"../../../Engine/Content/EngineMaterials/Substrate/GLints/dict_16_192_64_0p5_0p02_0003_0006.uasset" 6078
"../../../Engine/Content/EngineMaterials/Substrate/GLints/dict_16_192_64_0p5_0p02_0004_0003.uasset" 6079
"../../../Engine/Content/EngineMaterials/Substrate/GLints/dict_16_192_64_0p5_0p02_0003_0007.uasset" 6080
"../../../Engine/Content/EngineMaterials/Substrate/GLints/dict_16_192_64_0p5_0p02_0004_0008.uasset" 6081
"../../../Engine/Content/EngineMaterials/Substrate/GLints/dict_16_192_64_0p5_0p02_0004_0001.uasset" 6082
"../../../Engine/Content/EngineMaterials/Substrate/GLints/dict_16_192_64_0p5_0p02_0004_0000.uasset" 6083
"../../../Engine/Content/EngineMaterials/Substrate/GLints/dict_16_192_64_0p5_0p02_0003_0011.uasset" 6084
"../../../Engine/Content/EngineMaterials/Substrate/GLints/dict_16_192_64_0p5_0p02_0004_0009.uasset" 6085
"../../../Engine/Content/EngineMaterials/Substrate/GLints/dict_16_192_64_0p5_0p02_0004_0015.uasset" 6086
"/Engine/EngineMaterials/Substrate/GLints/dict_16_192_64_0p5_0p02_0003_0006" 6087
"/Engine/EngineMaterials/Substrate/GLints/dict_16_192_64_0p5_0p02_0003_0007" 6088
"../../../Engine/Content/EngineMaterials/Substrate/GLints/dict_16_192_64_0p5_0p02_0003_0004.uasset" 6089
"../../../Engine/Content/EngineMaterials/Substrate/GLints/dict_16_192_64_0p5_0p02_0003_0010.uasset" 6090
"/Engine/EngineMaterials/Substrate/GLints/dict_16_192_64_0p5_0p02_0003_0008" 6091
"../../../Engine/Content/EngineMaterials/Substrate/GLints/dict_16_192_64_0p5_0p02_0003_0005.uasset" 6092
"/Engine/EngineMaterials/Substrate/GLints/dict_16_192_64_0p5_0p02_0003_0009" 6093
"../../../Engine/Content/EngineMaterials/Substrate/GLints/dict_16_192_64_0p5_0p02_0004_0012.uasset" 6094
"../../../Engine/Content/EngineMaterials/Substrate/GLints/dict_16_192_64_0p5_0p02_0004_0002.uasset" 6095
"/Engine/EngineMaterials/Substrate/GLints/dict_16_192_64_0p5_0p02_0003_0011" 6096
"/Engine/EngineMaterials/Substrate/GLints/dict_16_192_64_0p5_0p02_0003_0012" 6097
"/Engine/EngineMaterials/Substrate/GLints/dict_16_192_64_0p5_0p02_0003_0013" 6098
"/Engine/EngineMaterials/Substrate/GLints/dict_16_192_64_0p5_0p02_0003_0014" 6099
"/Engine/EngineMaterials/Substrate/GLints/dict_16_192_64_0p5_0p02_0003_0015" 6100
"/Engine/EngineMaterials/Substrate/GLints/dict_16_192_64_0p5_0p02_0004_0000" 6101
"/Engine/EngineMaterials/Substrate/GLints/dict_16_192_64_0p5_0p02_0004_0001" 6102
"/Engine/EngineMaterials/Substrate/GLints/dict_16_192_64_0p5_0p02_0004_0003" 6103
"/Engine/EngineMaterials/Substrate/GLints/dict_16_192_64_0p5_0p02_0004_0004" 6104
"/Engine/EngineMaterials/Substrate/GLints/dict_16_192_64_0p5_0p02_0004_0005" 6105
"/Engine/EngineMaterials/Substrate/GLints/dict_16_192_64_0p5_0p02_0004_0006" 6106
"/Engine/EngineMaterials/Substrate/GLints/dict_16_192_64_0p5_0p02_0004_0007" 6107
"/Engine/EngineMaterials/Substrate/GLints/dict_16_192_64_0p5_0p02_0004_0008" 6108
"/Engine/EngineMaterials/Substrate/GLints/dict_16_192_64_0p5_0p02_0004_0009" 6109
"/Engine/EngineMaterials/Substrate/GLints/dict_16_192_64_0p5_0p02_0004_0010" 6110
"/Engine/EngineMaterials/Substrate/GLints/dict_16_192_64_0p5_0p02_0004_0011" 6111
"/Engine/EngineMaterials/Substrate/GLints/dict_16_192_64_0p5_0p02_0004_0013" 6112
"/Engine/EngineMaterials/Substrate/GLints/dict_16_192_64_0p5_0p02_0004_0014" 6113
"/Engine/EngineMaterials/Substrate/GLints/dict_16_192_64_0p5_0p02_0004_0015" 6114
"/Engine/EngineMaterials/Substrate/GLints/dict_16_192_64_0p5_0p02_0005_0000" 6115
"/Engine/EngineMaterials/Substrate/GLints/dict_16_192_64_0p5_0p02_0005_0001" 6116
"/Engine/EngineMaterials/Substrate/GLints/dict_16_192_64_0p5_0p02_0005_0002" 6117
"/Engine/EngineMaterials/Substrate/GLints/dict_16_192_64_0p5_0p02_0005_0003" 6118
"/Engine/EngineMaterials/Substrate/GLints/dict_16_192_64_0p5_0p02_0003_0004" 6119
"/Engine/EngineMaterials/Substrate/GLints/dict_16_192_64_0p5_0p02_0003_0005" 6120
"/Engine/EngineMaterials/Substrate/GLints/dict_16_192_64_0p5_0p02_0003_0010" 6121
"/Engine/EngineMaterials/Substrate/GLints/dict_16_192_64_0p5_0p02_0004_0002" 6122
"/Engine/EngineMaterials/Substrate/GLints/dict_16_192_64_0p5_0p02_0004_0012" 6123
"../../../Engine/Content/EngineMaterials/Substrate/GLints/dict_16_192_64_0p5_0p02_0002_0012.uasset" 6124
"../../../Engine/Content/EngineMaterials/Substrate/GLints/dict_16_192_64_0p5_0p02_0002_0014.uasset" 6125
"../../../Engine/Content/EngineMaterials/Substrate/GLints/dict_16_192_64_0p5_0p02_0002_0015.uasset" 6126
"../../../Engine/Content/EngineMaterials/Substrate/GLints/dict_16_192_64_0p5_0p02_0003_0001.uasset" 6127
"../../../Engine/Content/EngineMaterials/Substrate/GLints/dict_16_192_64_0p5_0p02_0003_0002.uasset" 6128
"../../../Engine/Content/EngineMaterials/Substrate/GLints/dict_16_192_64_0p5_0p02_0003_0003.uasset" 6129
"../../../Engine/Content/EngineMaterials/Substrate/GLints/dict_16_192_64_0p5_0p02_0003_0000.uasset" 6130
"../../../Engine/Content/EngineMaterials/Substrate/GLints/dict_16_192_64_0p5_0p02_0002_0005.uasset" 6131
"../../../Engine/Content/EngineMaterials/Substrate/GLints/dict_16_192_64_0p5_0p02_0002_0013.uasset" 6132
"../../../Engine/Content/EngineMaterials/Substrate/GLints/dict_16_192_64_0p5_0p02_0002_0010.uasset" 6133
"../../../Engine/Content/EngineMaterials/Substrate/GLints/dict_16_192_64_0p5_0p02_0001_0012.uasset" 6134
"../../../Engine/Content/EngineMaterials/Substrate/GLints/dict_16_192_64_0p5_0p02_0002_0008.uasset" 6135
"../../../Engine/Content/EngineMaterials/Substrate/GLints/dict_16_192_64_0p5_0p02_0001_0014.uasset" 6136
"../../../Engine/Content/EngineMaterials/Substrate/GLints/dict_16_192_64_0p5_0p02_0002_0009.uasset" 6137
"../../../Engine/Content/EngineMaterials/Substrate/GLints/dict_16_192_64_0p5_0p02_0001_0010.uasset" 6138
"../../../Engine/Content/EngineMaterials/Substrate/GLints/dict_16_192_64_0p5_0p02_0001_0008.uasset" 6139
"../../../Engine/Content/EngineMaterials/Substrate/GLints/dict_16_192_64_0p5_0p02_0001_0009.uasset" 6140
"../../../Engine/Content/EngineMaterials/Substrate/GLints/dict_16_192_64_0p5_0p02_0002_0007.uasset" 6141
"../../../Engine/Content/EngineMaterials/Substrate/GLints/dict_16_192_64_0p5_0p02_0001_0011.uasset" 6142
"../../../Engine/Content/EngineMaterials/Substrate/GLints/dict_16_192_64_0p5_0p02_0002_0006.uasset" 6143
"../../../Engine/Content/EngineMaterials/Substrate/GLints/dict_16_192_64_0p5_0p02_0002_0003.uasset" 6144
"../../../Engine/Content/EngineMaterials/Substrate/GLints/dict_16_192_64_0p5_0p02_0002_0001.uasset" 6145
"../../../Engine/Content/EngineMaterials/Substrate/GLints/dict_16_192_64_0p5_0p02_0002_0002.uasset" 6146
"../../../Engine/Content/EngineMaterials/Substrate/GLints/dict_16_192_64_0p5_0p02_0001_0015.uasset" 6147
"../../../Engine/Content/EngineMaterials/Substrate/GLints/dict_16_192_64_0p5_0p02_0001_0013.uasset" 6148
"../../../Engine/Content/EngineMaterials/Substrate/GLints/dict_16_192_64_0p5_0p02_0002_0000.uasset" 6149
"../../../Engine/Content/EngineMaterials/Substrate/GLints/dict_16_192_64_0p5_0p02_0002_0004.uasset" 6150
"../../../Engine/Content/EngineMaterials/Substrate/GLints/dict_16_192_64_0p5_0p02_0002_0011.uasset" 6151
"../../../Engine/Content/EngineMaterials/Substrate/GLints/dict_16_192_64_0p5_0p02_0001_0007.uasset" 6152
"../../../Engine/Content/EngineMaterials/Substrate/GLints/dict_16_192_64_0p5_0p02_0001_0006.uasset" 6153
"../../../Engine/Content/EngineMaterials/Substrate/GLints/dict_16_192_64_0p5_0p02_0001_0005.uasset" 6154
"../../../Engine/Content/EngineMaterials/Substrate/GLints/dict_16_192_64_0p5_0p02_0001_0004.uasset" 6155
"/Engine/EngineMaterials/Substrate/GLints/dict_16_192_64_0p5_0p02_0001_0004" 6156
"/Engine/EngineMaterials/Substrate/GLints/dict_16_192_64_0p5_0p02_0001_0005" 6157
"/Engine/EngineMaterials/Substrate/GLints/dict_16_192_64_0p5_0p02_0001_0009" 6158
"/Engine/EngineMaterials/Substrate/GLints/dict_16_192_64_0p5_0p02_0001_0010" 6159
"/Engine/EngineMaterials/Substrate/GLints/dict_16_192_64_0p5_0p02_0001_0011" 6160
"/Engine/EngineMaterials/Substrate/GLints/dict_16_192_64_0p5_0p02_0001_0012" 6161
"/Engine/EngineMaterials/Substrate/GLints/dict_16_192_64_0p5_0p02_0001_0006" 6162
"/Engine/EngineMaterials/Substrate/GLints/dict_16_192_64_0p5_0p02_0001_0013" 6163
"/Engine/EngineMaterials/Substrate/GLints/dict_16_192_64_0p5_0p02_0001_0014" 6164
"/Engine/EngineMaterials/Substrate/GLints/dict_16_192_64_0p5_0p02_0001_0015" 6165
"/Engine/EngineMaterials/Substrate/GLints/dict_16_192_64_0p5_0p02_0002_0000" 6166
"/Engine/EngineMaterials/Substrate/GLints/dict_16_192_64_0p5_0p02_0002_0001" 6167
"/Engine/EngineMaterials/Substrate/GLints/dict_16_192_64_0p5_0p02_0002_0002" 6168
"/Engine/EngineMaterials/Substrate/GLints/dict_16_192_64_0p5_0p02_0002_0003" 6169
"/Engine/EngineMaterials/Substrate/GLints/dict_16_192_64_0p5_0p02_0001_0007" 6170
"/Engine/EngineMaterials/Substrate/GLints/dict_16_192_64_0p5_0p02_0002_0004" 6171
"/Engine/EngineMaterials/Substrate/GLints/dict_16_192_64_0p5_0p02_0002_0005" 6172
"/Engine/EngineMaterials/Substrate/GLints/dict_16_192_64_0p5_0p02_0002_0006" 6173
"/Engine/EngineMaterials/Substrate/GLints/dict_16_192_64_0p5_0p02_0002_0007" 6174
"/Engine/EngineMaterials/Substrate/GLints/dict_16_192_64_0p5_0p02_0002_0008" 6175
"/Engine/EngineMaterials/Substrate/GLints/dict_16_192_64_0p5_0p02_0002_0009" 6176
"/Engine/EngineMaterials/Substrate/GLints/dict_16_192_64_0p5_0p02_0002_0010" 6177
"/Engine/EngineMaterials/Substrate/GLints/dict_16_192_64_0p5_0p02_0002_0011" 6178
"/Engine/EngineMaterials/Substrate/GLints/dict_16_192_64_0p5_0p02_0002_0012" 6179
"/Engine/EngineMaterials/Substrate/GLints/dict_16_192_64_0p5_0p02_0001_0008" 6180
"/Engine/EngineMaterials/Substrate/GLints/dict_16_192_64_0p5_0p02_0002_0013" 6181
"/Engine/EngineMaterials/Substrate/GLints/dict_16_192_64_0p5_0p02_0002_0014" 6182
"/Engine/EngineMaterials/Substrate/GLints/dict_16_192_64_0p5_0p02_0002_0015" 6183
"/Engine/EngineMaterials/Substrate/GLints/dict_16_192_64_0p5_0p02_0003_0000" 6184
"/Engine/EngineMaterials/Substrate/GLints/dict_16_192_64_0p5_0p02_0003_0001" 6185
"/Engine/EngineMaterials/Substrate/GLints/dict_16_192_64_0p5_0p02_0003_0002" 6186
"/Engine/EngineMaterials/Substrate/GLints/dict_16_192_64_0p5_0p02_0003_0003" 6187
"../../../Engine/Content/EngineMaterials/Substrate/GLints/dict_16_192_64_0p5_0p02_0001_0003.uasset" 6188
"../../../Engine/Content/EngineMaterials/Substrate/GLints/dict_16_192_64_0p5_0p02_0000_0007.uasset" 6189
"../../../Engine/Content/EngineMaterials/Substrate/GLints/dict_16_192_64_0p5_0p02_0000_0010.uasset" 6190
"../../../Engine/Content/EngineMaterials/Substrate/GLints/dict_16_192_64_0p5_0p02_0001_0000.uasset" 6191
"../../../Engine/Content/EngineMaterials/Substrate/GLints/dict_16_192_64_0p5_0p02_0000_0012.uasset" 6192
"../../../Engine/Content/EngineMaterials/Substrate/GLints/AGlintTex2dArray.uasset" 6193
"../../../Engine/Content/EngineMaterials/Substrate/Glints2/dict_0007_0251.uasset" 6194
"../../../Engine/Content/EngineMaterials/Substrate/GLints/dict_16_192_64_0p5_0p02_0000_0004.uasset" 6195
"../../../Engine/Content/EngineMaterials/Substrate/GLints/dict_16_192_64_0p5_0p02_0000_0009.uasset" 6196
"../../../Engine/Content/EngineMaterials/Substrate/Glints2/dict_0007_0249.uasset" 6197
"../../../Engine/Content/EngineMaterials/Substrate/GLints/dict_16_192_64_0p5_0p02_0001_0001.uasset" 6198
"../../../Engine/Content/EngineMaterials/Substrate/GLints/dict_16_192_64_0p5_0p02_0000_0011.uasset" 6199
"../../../Engine/Content/EngineMaterials/Substrate/Glints2/dict_0007_0248.uasset" 6200
"../../../Engine/Content/EngineMaterials/Substrate/GLints/dict_16_192_64_0p5_0p02_0000_0014.uasset" 6201
"../../../Engine/Content/EngineMaterials/Substrate/GLints/dict_16_192_64_0p5_0p02_0000_0003.uasset" 6202
"../../../Engine/Content/EngineMaterials/Substrate/GLints/dict_16_192_64_0p5_0p02_0000_0008.uasset" 6203
"../../../Engine/Content/EngineMaterials/Substrate/GLints/dict_16_192_64_0p5_0p02_0001_0002.uasset" 6204
"../../../Engine/Content/EngineMaterials/Substrate/Glints2/dict_0007_0254.uasset" 6205
"../../../Engine/Content/EngineMaterials/Substrate/Glints2/dict_0007_0255.uasset" 6206
"../../../Engine/Content/EngineMaterials/Substrate/GLints/dict_16_192_64_0p5_0p02_0000_0013.uasset" 6207
"../../../Engine/Content/EngineMaterials/Substrate/Glints2/dict_0007_0250.uasset" 6208
"../../../Engine/Content/EngineMaterials/Substrate/GLints/dict_16_192_64_0p5_0p02_0000_0001.uasset" 6209
"../../../Engine/Content/EngineMaterials/Substrate/GLints/dict_16_192_64_0p5_0p02_0000_0006.uasset" 6210
"../../../Engine/Content/EngineMaterials/Substrate/Glints2/dict_0007_0253.uasset" 6211
"../../../Engine/Content/EngineMaterials/Substrate/GLints/dict_16_192_64_0p5_0p02_0000_0000.uasset" 6212
"../../../Engine/Content/EngineMaterials/Substrate/Glints2/dict_0007_0252.uasset" 6213
"../../../Engine/Content/EngineMaterials/Substrate/GLints/dict_16_192_64_0p5_0p02_0000_0005.uasset" 6214
"../../../Engine/Content/EngineMaterials/Substrate/Glints2/dict_0007_0247.uasset" 6215
"../../../Engine/Content/EngineMaterials/Substrate/GLints/dict_16_192_64_0p5_0p02_0000_0015.uasset" 6216
"../../../Engine/Content/EngineMaterials/Substrate/GLints/dict_16_192_64_0p5_0p02_0000_0002.uasset" 6217
"/Engine/EngineMaterials/Substrate/Glints2/dict_0007_0247" 6218
"../../../Engine/Content/EngineMaterials/Substrate/Glints2/dict_0007_0245.uasset" 6219
"/Engine/EngineMaterials/Substrate/Glints2/dict_0007_0248" 6220
"../../../Engine/Content/EngineMaterials/Substrate/Glints2/dict_0007_0246.uasset" 6221
"/Engine/EngineMaterials/Substrate/Glints2/dict_0007_0249" 6222
"/Engine/EngineMaterials/Substrate/Glints2/dict_0007_0250" 6223
"/Engine/EngineMaterials/Substrate/Glints2/dict_0007_0251" 6224
"/Engine/EngineMaterials/Substrate/Glints2/dict_0007_0252" 6225
"/Engine/EngineMaterials/Substrate/Glints2/dict_0007_0253" 6226
"/Engine/EngineMaterials/Substrate/Glints2/dict_0007_0254" 6227
"/Engine/EngineMaterials/Substrate/Glints2/dict_0007_0255" 6228
"/Engine/EngineMaterials/Substrate/GLints/AGlintTex2dArray" 6229
"/Engine/EngineMaterials/Substrate/Glints2/dict_0007_0245" 6230
"/Engine/EngineMaterials/Substrate/Glints2/dict_0007_0246" 6231
"../../../Engine/Content/EngineMaterials/Substrate/Glints2/dict_0007_0240.uasset" 6232
"../../../Engine/Content/EngineMaterials/Substrate/Glints2/dict_0007_0239.uasset" 6233
"../../../Engine/Content/EngineMaterials/Substrate/Glints2/dict_0007_0242.uasset" 6234
"../../../Engine/Content/EngineMaterials/Substrate/Glints2/dict_0007_0241.uasset" 6235
"../../../Engine/Content/EngineMaterials/Substrate/Glints2/dict_0007_0230.uasset" 6236
"../../../Engine/Content/EngineMaterials/Substrate/Glints2/dict_0007_0237.uasset" 6237
"../../../Engine/Content/EngineMaterials/Substrate/Glints2/dict_0007_0243.uasset" 6238
"../../../Engine/Content/EngineMaterials/Substrate/Glints2/dict_0007_0226.uasset" 6239
"../../../Engine/Content/EngineMaterials/Substrate/Glints2/dict_0007_0231.uasset" 6240
"../../../Engine/Content/EngineMaterials/Substrate/Glints2/dict_0007_0233.uasset" 6241
"../../../Engine/Content/EngineMaterials/Substrate/Glints2/dict_0007_0217.uasset" 6242
"../../../Engine/Content/EngineMaterials/Substrate/Glints2/dict_0007_0235.uasset" 6243
"../../../Engine/Content/EngineMaterials/Substrate/Glints2/dict_0007_0219.uasset" 6244
"../../../Engine/Content/EngineMaterials/Substrate/Glints2/dict_0007_0227.uasset" 6245
"../../../Engine/Content/EngineMaterials/Substrate/Glints2/dict_0007_0225.uasset" 6246
"../../../Engine/Content/EngineMaterials/Substrate/Glints2/dict_0007_0244.uasset" 6247
"../../../Engine/Content/EngineMaterials/Substrate/Glints2/dict_0007_0234.uasset" 6248
"../../../Engine/Content/EngineMaterials/Substrate/Glints2/dict_0007_0238.uasset" 6249
"../../../Engine/Content/EngineMaterials/Substrate/Glints2/dict_0007_0220.uasset" 6250
"../../../Engine/Content/EngineMaterials/Substrate/Glints2/dict_0007_0216.uasset" 6251
"../../../Engine/Content/EngineMaterials/Substrate/Glints2/dict_0007_0236.uasset" 6252
"../../../Engine/Content/EngineMaterials/Substrate/Glints2/dict_0007_0221.uasset" 6253
"../../../Engine/Content/EngineMaterials/Substrate/Glints2/dict_0007_0222.uasset" 6254
"../../../Engine/Content/EngineMaterials/Substrate/Glints2/dict_0007_0223.uasset" 6255
"../../../Engine/Content/EngineMaterials/Substrate/Glints2/dict_0007_0224.uasset" 6256
"../../../Engine/Content/EngineMaterials/Substrate/Glints2/dict_0007_0215.uasset" 6257
"../../../Engine/Content/EngineMaterials/Substrate/Glints2/dict_0007_0229.uasset" 6258
"../../../Engine/Content/EngineMaterials/Substrate/Glints2/dict_0007_0232.uasset" 6259
"../../../Engine/Content/EngineMaterials/Substrate/Glints2/dict_0007_0228.uasset" 6260
"../../../Engine/Content/EngineMaterials/Substrate/Glints2/dict_0007_0218.uasset" 6261
"../../../Engine/Content/EngineMaterials/Substrate/Glints2/dict_0007_0213.uasset" 6262
"../../../Engine/Content/EngineMaterials/Substrate/Glints2/dict_0007_0214.uasset" 6263
"/Engine/EngineMaterials/Substrate/Glints2/dict_0007_0213" 6264
"/Engine/EngineMaterials/Substrate/Glints2/dict_0007_0214" 6265
"/Engine/EngineMaterials/Substrate/Glints2/dict_0007_0215" 6266
"/Engine/EngineMaterials/Substrate/Glints2/dict_0007_0216" 6267
"/Engine/EngineMaterials/Substrate/Glints2/dict_0007_0217" 6268
"/Engine/EngineMaterials/Substrate/Glints2/dict_0007_0218" 6269
"/Engine/EngineMaterials/Substrate/Glints2/dict_0007_0219" 6270
"/Engine/EngineMaterials/Substrate/Glints2/dict_0007_0220" 6271
"/Engine/EngineMaterials/Substrate/Glints2/dict_0007_0221" 6272
"/Engine/EngineMaterials/Substrate/Glints2/dict_0007_0222" 6273
"/Engine/EngineMaterials/Substrate/Glints2/dict_0007_0223" 6274
"/Engine/EngineMaterials/Substrate/Glints2/dict_0007_0224" 6275
"/Engine/EngineMaterials/Substrate/Glints2/dict_0007_0225" 6276
"/Engine/EngineMaterials/Substrate/Glints2/dict_0007_0226" 6277
"/Engine/EngineMaterials/Substrate/Glints2/dict_0007_0227" 6278
"/Engine/EngineMaterials/Substrate/Glints2/dict_0007_0228" 6279
"/Engine/EngineMaterials/Substrate/Glints2/dict_0007_0229" 6280
"/Engine/EngineMaterials/Substrate/Glints2/dict_0007_0230" 6281
"/Engine/EngineMaterials/Substrate/Glints2/dict_0007_0231" 6282
"/Engine/EngineMaterials/Substrate/Glints2/dict_0007_0232" 6283
"/Engine/EngineMaterials/Substrate/Glints2/dict_0007_0233" 6284
"/Engine/EngineMaterials/Substrate/Glints2/dict_0007_0234" 6285
"/Engine/EngineMaterials/Substrate/Glints2/dict_0007_0235" 6286
"/Engine/EngineMaterials/Substrate/Glints2/dict_0007_0236" 6287
"/Engine/EngineMaterials/Substrate/Glints2/dict_0007_0237" 6288
"/Engine/EngineMaterials/Substrate/Glints2/dict_0007_0238" 6289
"/Engine/EngineMaterials/Substrate/Glints2/dict_0007_0239" 6290
"/Engine/EngineMaterials/Substrate/Glints2/dict_0007_0240" 6291
"/Engine/EngineMaterials/Substrate/Glints2/dict_0007_0241" 6292
"/Engine/EngineMaterials/Substrate/Glints2/dict_0007_0242" 6293
"/Engine/EngineMaterials/Substrate/Glints2/dict_0007_0243" 6294
"/Engine/EngineMaterials/Substrate/Glints2/dict_0007_0244" 6295
"../../../Engine/Content/EngineMaterials/Substrate/Glints2/dict_0007_0205.uasset" 6296
"../../../Engine/Content/EngineMaterials/Substrate/Glints2/dict_0007_0210.uasset" 6297
"../../../Engine/Content/EngineMaterials/Substrate/Glints2/dict_0007_0206.uasset" 6298
"../../../Engine/Content/EngineMaterials/Substrate/Glints2/dict_0007_0209.uasset" 6299
"../../../Engine/Content/EngineMaterials/Substrate/Glints2/dict_0007_0195.uasset" 6300
"../../../Engine/Content/EngineMaterials/Substrate/Glints2/dict_0007_0203.uasset" 6301
"../../../Engine/Content/EngineMaterials/Substrate/Glints2/dict_0007_0207.uasset" 6302
"../../../Engine/Content/EngineMaterials/Substrate/Glints2/dict_0007_0202.uasset" 6303
"../../../Engine/Content/EngineMaterials/Substrate/Glints2/dict_0007_0199.uasset" 6304
"../../../Engine/Content/EngineMaterials/Substrate/Glints2/dict_0007_0198.uasset" 6305
"../../../Engine/Content/EngineMaterials/Substrate/Glints2/dict_0007_0186.uasset" 6306
"../../../Engine/Content/EngineMaterials/Substrate/Glints2/dict_0007_0194.uasset" 6307
"../../../Engine/Content/EngineMaterials/Substrate/Glints2/dict_0007_0189.uasset" 6308
"../../../Engine/Content/EngineMaterials/Substrate/Glints2/dict_0007_0212.uasset" 6309
"../../../Engine/Content/EngineMaterials/Substrate/Glints2/dict_0007_0204.uasset" 6310
"../../../Engine/Content/EngineMaterials/Substrate/Glints2/dict_0007_0191.uasset" 6311
"../../../Engine/Content/EngineMaterials/Substrate/Glints2/dict_0007_0192.uasset" 6312
"../../../Engine/Content/EngineMaterials/Substrate/Glints2/dict_0007_0196.uasset" 6313
"../../../Engine/Content/EngineMaterials/Substrate/Glints2/dict_0007_0183.uasset" 6314
"../../../Engine/Content/EngineMaterials/Substrate/Glints2/dict_0007_0190.uasset" 6315
"../../../Engine/Content/EngineMaterials/Substrate/Glints2/dict_0007_0185.uasset" 6316
"../../../Engine/Content/EngineMaterials/Substrate/Glints2/dict_0007_0187.uasset" 6317
"../../../Engine/Content/EngineMaterials/Substrate/Glints2/dict_0007_0211.uasset" 6318
"../../../Engine/Content/EngineMaterials/Substrate/Glints2/dict_0007_0188.uasset" 6319
"../../../Engine/Content/EngineMaterials/Substrate/Glints2/dict_0007_0200.uasset" 6320
"../../../Engine/Content/EngineMaterials/Substrate/Glints2/dict_0007_0201.uasset" 6321
"../../../Engine/Content/EngineMaterials/Substrate/Glints2/dict_0007_0193.uasset" 6322
"../../../Engine/Content/EngineMaterials/Substrate/Glints2/dict_0007_0184.uasset" 6323
"../../../Engine/Content/EngineMaterials/Substrate/Glints2/dict_0007_0197.uasset" 6324
"../../../Engine/Content/EngineMaterials/Substrate/Glints2/dict_0007_0208.uasset" 6325
"../../../Engine/Content/EngineMaterials/Substrate/Glints2/dict_0007_0181.uasset" 6326
"/Engine/EngineMaterials/Substrate/Glints2/dict_0007_0183" 6327
"/Engine/EngineMaterials/Substrate/Glints2/dict_0007_0184" 6328
"/Engine/EngineMaterials/Substrate/Glints2/dict_0007_0185" 6329
"../../../Engine/Content/EngineMaterials/Substrate/Glints2/dict_0007_0182.uasset" 6330
"/Engine/EngineMaterials/Substrate/Glints2/dict_0007_0186" 6331
"/Engine/EngineMaterials/Substrate/Glints2/dict_0007_0187" 6332
"/Engine/EngineMaterials/Substrate/Glints2/dict_0007_0188" 6333
"/Engine/EngineMaterials/Substrate/Glints2/dict_0007_0189" 6334
"/Engine/EngineMaterials/Substrate/Glints2/dict_0007_0190" 6335
"/Engine/EngineMaterials/Substrate/Glints2/dict_0007_0191" 6336
"/Engine/EngineMaterials/Substrate/Glints2/dict_0007_0192" 6337
"/Engine/EngineMaterials/Substrate/Glints2/dict_0007_0193" 6338
"/Engine/EngineMaterials/Substrate/Glints2/dict_0007_0194" 6339
"/Engine/EngineMaterials/Substrate/Glints2/dict_0007_0195" 6340
"/Engine/EngineMaterials/Substrate/Glints2/dict_0007_0196" 6341
"/Engine/EngineMaterials/Substrate/Glints2/dict_0007_0197" 6342
"/Engine/EngineMaterials/Substrate/Glints2/dict_0007_0198" 6343
"/Engine/EngineMaterials/Substrate/Glints2/dict_0007_0199" 6344
"/Engine/EngineMaterials/Substrate/Glints2/dict_0007_0200" 6345
"/Engine/EngineMaterials/Substrate/Glints2/dict_0007_0201" 6346
"/Engine/EngineMaterials/Substrate/Glints2/dict_0007_0202" 6347
"/Engine/EngineMaterials/Substrate/Glints2/dict_0007_0203" 6348
"/Engine/EngineMaterials/Substrate/Glints2/dict_0007_0204" 6349
"/Engine/EngineMaterials/Substrate/Glints2/dict_0007_0205" 6350
"/Engine/EngineMaterials/Substrate/Glints2/dict_0007_0206" 6351
"/Engine/EngineMaterials/Substrate/Glints2/dict_0007_0207" 6352
"/Engine/EngineMaterials/Substrate/Glints2/dict_0007_0208" 6353
"/Engine/EngineMaterials/Substrate/Glints2/dict_0007_0209" 6354
"/Engine/EngineMaterials/Substrate/Glints2/dict_0007_0210" 6355
"/Engine/EngineMaterials/Substrate/Glints2/dict_0007_0211" 6356
"/Engine/EngineMaterials/Substrate/Glints2/dict_0007_0212" 6357
"/Engine/EngineMaterials/Substrate/Glints2/dict_0007_0181" 6358
"/Engine/EngineMaterials/Substrate/Glints2/dict_0007_0182" 6359
"../../../Engine/Content/EngineMaterials/Substrate/Glints2/dict_0007_0165.uasset" 6360
"../../../Engine/Content/EngineMaterials/Substrate/Glints2/dict_0007_0174.uasset" 6361
"../../../Engine/Content/EngineMaterials/Substrate/Glints2/dict_0007_0176.uasset" 6362
"../../../Engine/Content/EngineMaterials/Substrate/Glints2/dict_0007_0170.uasset" 6363
"../../../Engine/Content/EngineMaterials/Substrate/Glints2/dict_0007_0168.uasset" 6364
"../../../Engine/Content/EngineMaterials/Substrate/Glints2/dict_0007_0180.uasset" 6365
"../../../Engine/Content/EngineMaterials/Substrate/Glints2/dict_0007_0171.uasset" 6366
"../../../Engine/Content/EngineMaterials/Substrate/Glints2/dict_0007_0177.uasset" 6367
"../../../Engine/Content/EngineMaterials/Substrate/Glints2/dict_0007_0179.uasset" 6368
"../../../Engine/Content/EngineMaterials/Substrate/Glints2/dict_0007_0169.uasset" 6369
"../../../Engine/Content/EngineMaterials/Substrate/Glints2/dict_0007_0157.uasset" 6370
"../../../Engine/Content/EngineMaterials/Substrate/Glints2/dict_0007_0173.uasset" 6371
"../../../Engine/Content/EngineMaterials/Substrate/Glints2/dict_0007_0167.uasset" 6372
"../../../Engine/Content/EngineMaterials/Substrate/Glints2/dict_0007_0162.uasset" 6373
"../../../Engine/Content/EngineMaterials/Substrate/Glints2/dict_0007_0151.uasset" 6374
"../../../Engine/Content/EngineMaterials/Substrate/Glints2/dict_0007_0158.uasset" 6375
"../../../Engine/Content/EngineMaterials/Substrate/Glints2/dict_0007_0161.uasset" 6376
"../../../Engine/Content/EngineMaterials/Substrate/Glints2/dict_0007_0178.uasset" 6377
"../../../Engine/Content/EngineMaterials/Substrate/Glints2/dict_0007_0154.uasset" 6378
"../../../Engine/Content/EngineMaterials/Substrate/Glints2/dict_0007_0152.uasset" 6379
"../../../Engine/Content/EngineMaterials/Substrate/Glints2/dict_0007_0153.uasset" 6380
"../../../Engine/Content/EngineMaterials/Substrate/Glints2/dict_0007_0172.uasset" 6381
"../../../Engine/Content/EngineMaterials/Substrate/Glints2/dict_0007_0164.uasset" 6382
"../../../Engine/Content/EngineMaterials/Substrate/Glints2/dict_0007_0175.uasset" 6383
"../../../Engine/Content/EngineMaterials/Substrate/Glints2/dict_0007_0155.uasset" 6384
"../../../Engine/Content/EngineMaterials/Substrate/Glints2/dict_0007_0160.uasset" 6385
"../../../Engine/Content/EngineMaterials/Substrate/Glints2/dict_0007_0156.uasset" 6386
"../../../Engine/Content/EngineMaterials/Substrate/Glints2/dict_0007_0166.uasset" 6387
"../../../Engine/Content/EngineMaterials/Substrate/Glints2/dict_0007_0159.uasset" 6388
"../../../Engine/Content/EngineMaterials/Substrate/Glints2/dict_0007_0163.uasset" 6389
"../../../Engine/Content/EngineMaterials/Substrate/Glints2/dict_0007_0150.uasset" 6390
"../../../Engine/Content/EngineMaterials/Substrate/Glints2/dict_0007_0149.uasset" 6391
"/Engine/EngineMaterials/Substrate/Glints2/dict_0007_0149" 6392
"/Engine/EngineMaterials/Substrate/Glints2/dict_0007_0150" 6393
"/Engine/EngineMaterials/Substrate/Glints2/dict_0007_0151" 6394
"/Engine/EngineMaterials/Substrate/Glints2/dict_0007_0152" 6395
"/Engine/EngineMaterials/Substrate/Glints2/dict_0007_0153" 6396
"/Engine/EngineMaterials/Substrate/Glints2/dict_0007_0154" 6397
"/Engine/EngineMaterials/Substrate/Glints2/dict_0007_0155" 6398
"/Engine/EngineMaterials/Substrate/Glints2/dict_0007_0156" 6399
"/Engine/EngineMaterials/Substrate/Glints2/dict_0007_0157" 6400
"/Engine/EngineMaterials/Substrate/Glints2/dict_0007_0158" 6401
"/Engine/EngineMaterials/Substrate/Glints2/dict_0007_0159" 6402
"/Engine/EngineMaterials/Substrate/Glints2/dict_0007_0160" 6403
"/Engine/EngineMaterials/Substrate/Glints2/dict_0007_0161" 6404
"/Engine/EngineMaterials/Substrate/Glints2/dict_0007_0162" 6405
"/Engine/EngineMaterials/Substrate/Glints2/dict_0007_0163" 6406
"/Engine/EngineMaterials/Substrate/Glints2/dict_0007_0164" 6407
"/Engine/EngineMaterials/Substrate/Glints2/dict_0007_0165" 6408
"/Engine/EngineMaterials/Substrate/Glints2/dict_0007_0166" 6409
"/Engine/EngineMaterials/Substrate/Glints2/dict_0007_0167" 6410
"/Engine/EngineMaterials/Substrate/Glints2/dict_0007_0168" 6411
"/Engine/EngineMaterials/Substrate/Glints2/dict_0007_0169" 6412
"/Engine/EngineMaterials/Substrate/Glints2/dict_0007_0170" 6413
"/Engine/EngineMaterials/Substrate/Glints2/dict_0007_0171" 6414
"/Engine/EngineMaterials/Substrate/Glints2/dict_0007_0172" 6415
"/Engine/EngineMaterials/Substrate/Glints2/dict_0007_0173" 6416
"/Engine/EngineMaterials/Substrate/Glints2/dict_0007_0174" 6417
"/Engine/EngineMaterials/Substrate/Glints2/dict_0007_0175" 6418
"/Engine/EngineMaterials/Substrate/Glints2/dict_0007_0176" 6419
"/Engine/EngineMaterials/Substrate/Glints2/dict_0007_0177" 6420
"/Engine/EngineMaterials/Substrate/Glints2/dict_0007_0178" 6421
"/Engine/EngineMaterials/Substrate/Glints2/dict_0007_0179" 6422
"/Engine/EngineMaterials/Substrate/Glints2/dict_0007_0180" 6423
"../../../Engine/Content/EngineMaterials/Substrate/Glints2/dict_0007_0137.uasset" 6424
"../../../Engine/Content/EngineMaterials/Substrate/Glints2/dict_0007_0133.uasset" 6425
"../../../Engine/Content/EngineMaterials/Substrate/Glints2/dict_0007_0146.uasset" 6426
"../../../Engine/Content/EngineMaterials/Substrate/Glints2/dict_0007_0120.uasset" 6427
"../../../Engine/Content/EngineMaterials/Substrate/Glints2/dict_0007_0141.uasset" 6428
"../../../Engine/Content/EngineMaterials/Substrate/Glints2/dict_0007_0144.uasset" 6429
"../../../Engine/Content/EngineMaterials/Substrate/Glints2/dict_0007_0128.uasset" 6430
"../../../Engine/Content/EngineMaterials/Substrate/Glints2/dict_0007_0143.uasset" 6431
"../../../Engine/Content/EngineMaterials/Substrate/Glints2/dict_0007_0145.uasset" 6432
"../../../Engine/Content/EngineMaterials/Substrate/Glints2/dict_0007_0131.uasset" 6433
"../../../Engine/Content/EngineMaterials/Substrate/Glints2/dict_0007_0139.uasset" 6434
"../../../Engine/Content/EngineMaterials/Substrate/Glints2/dict_0007_0123.uasset" 6435
"../../../Engine/Content/EngineMaterials/Substrate/Glints2/dict_0007_0127.uasset" 6436
"../../../Engine/Content/EngineMaterials/Substrate/Glints2/dict_0007_0121.uasset" 6437
"../../../Engine/Content/EngineMaterials/Substrate/Glints2/dict_0007_0119.uasset" 6438
"../../../Engine/Content/EngineMaterials/Substrate/Glints2/dict_0007_0138.uasset" 6439
"../../../Engine/Content/EngineMaterials/Substrate/Glints2/dict_0007_0125.uasset" 6440
"../../../Engine/Content/EngineMaterials/Substrate/Glints2/dict_0007_0142.uasset" 6441
"../../../Engine/Content/EngineMaterials/Substrate/Glints2/dict_0007_0129.uasset" 6442
"../../../Engine/Content/EngineMaterials/Substrate/Glints2/dict_0007_0130.uasset" 6443
"../../../Engine/Content/EngineMaterials/Substrate/Glints2/dict_0007_0140.uasset" 6444
"../../../Engine/Content/EngineMaterials/Substrate/Glints2/dict_0007_0147.uasset" 6445
"../../../Engine/Content/EngineMaterials/Substrate/Glints2/dict_0007_0122.uasset" 6446
"../../../Engine/Content/EngineMaterials/Substrate/Glints2/dict_0007_0124.uasset" 6447
"../../../Engine/Content/EngineMaterials/Substrate/Glints2/dict_0007_0135.uasset" 6448
"../../../Engine/Content/EngineMaterials/Substrate/Glints2/dict_0007_0132.uasset" 6449
"../../../Engine/Content/EngineMaterials/Substrate/Glints2/dict_0007_0136.uasset" 6450
"../../../Engine/Content/EngineMaterials/Substrate/Glints2/dict_0007_0126.uasset" 6451
"../../../Engine/Content/EngineMaterials/Substrate/Glints2/dict_0007_0148.uasset" 6452
"../../../Engine/Content/EngineMaterials/Substrate/Glints2/dict_0007_0134.uasset" 6453
"/Engine/EngineMaterials/Substrate/Glints2/dict_0007_0119" 6454
"../../../Engine/Content/EngineMaterials/Substrate/Glints2/dict_0007_0118.uasset" 6455
"/Engine/EngineMaterials/Substrate/Glints2/dict_0007_0120" 6456
"/Engine/EngineMaterials/Substrate/Glints2/dict_0007_0121" 6457
"../../../Engine/Content/EngineMaterials/Substrate/Glints2/dict_0007_0117.uasset" 6458
"/Engine/EngineMaterials/Substrate/Glints2/dict_0007_0122" 6459
"/Engine/EngineMaterials/Substrate/Glints2/dict_0007_0123" 6460
"/Engine/EngineMaterials/Substrate/Glints2/dict_0007_0124" 6461
"/Engine/EngineMaterials/Substrate/Glints2/dict_0007_0125" 6462
"/Engine/EngineMaterials/Substrate/Glints2/dict_0007_0126" 6463
"/Engine/EngineMaterials/Substrate/Glints2/dict_0007_0127" 6464
"/Engine/EngineMaterials/Substrate/Glints2/dict_0007_0128" 6465
"/Engine/EngineMaterials/Substrate/Glints2/dict_0007_0129" 6466
"/Engine/EngineMaterials/Substrate/Glints2/dict_0007_0130" 6467
"/Engine/EngineMaterials/Substrate/Glints2/dict_0007_0131" 6468
"/Engine/EngineMaterials/Substrate/Glints2/dict_0007_0132" 6469
"/Engine/EngineMaterials/Substrate/Glints2/dict_0007_0133" 6470
"/Engine/EngineMaterials/Substrate/Glints2/dict_0007_0134" 6471
"/Engine/EngineMaterials/Substrate/Glints2/dict_0007_0135" 6472
"/Engine/EngineMaterials/Substrate/Glints2/dict_0007_0136" 6473
"/Engine/EngineMaterials/Substrate/Glints2/dict_0007_0137" 6474
"/Engine/EngineMaterials/Substrate/Glints2/dict_0007_0138" 6475
"/Engine/EngineMaterials/Substrate/Glints2/dict_0007_0139" 6476
"/Engine/EngineMaterials/Substrate/Glints2/dict_0007_0140" 6477
"/Engine/EngineMaterials/Substrate/Glints2/dict_0007_0141" 6478
"/Engine/EngineMaterials/Substrate/Glints2/dict_0007_0142" 6479
"/Engine/EngineMaterials/Substrate/Glints2/dict_0007_0143" 6480
"/Engine/EngineMaterials/Substrate/Glints2/dict_0007_0144" 6481
"/Engine/EngineMaterials/Substrate/Glints2/dict_0007_0145" 6482
"/Engine/EngineMaterials/Substrate/Glints2/dict_0007_0146" 6483
"/Engine/EngineMaterials/Substrate/Glints2/dict_0007_0147" 6484
"/Engine/EngineMaterials/Substrate/Glints2/dict_0007_0148" 6485
"/Engine/EngineMaterials/Substrate/Glints2/dict_0007_0117" 6486
"/Engine/EngineMaterials/Substrate/Glints2/dict_0007_0118" 6487
"../../../Engine/Content/EngineMaterials/Substrate/Glints2/dict_0007_0101.uasset" 6488
"../../../Engine/Content/EngineMaterials/Substrate/Glints2/dict_0007_0115.uasset" 6489
"../../../Engine/Content/EngineMaterials/Substrate/Glints2/dict_0007_0104.uasset" 6490
"../../../Engine/Content/EngineMaterials/Substrate/Glints2/dict_0007_0111.uasset" 6491
"../../../Engine/Content/EngineMaterials/Substrate/Glints2/dict_0007_0102.uasset" 6492
"../../../Engine/Content/EngineMaterials/Substrate/Glints2/dict_0007_0109.uasset" 6493
"../../../Engine/Content/EngineMaterials/Substrate/Glints2/dict_0007_0100.uasset" 6494
"../../../Engine/Content/EngineMaterials/Substrate/Glints2/dict_0007_0091.uasset" 6495
"../../../Engine/Content/EngineMaterials/Substrate/Glints2/dict_0007_0105.uasset" 6496
"../../../Engine/Content/EngineMaterials/Substrate/Glints2/dict_0007_0095.uasset" 6497
"../../../Engine/Content/EngineMaterials/Substrate/Glints2/dict_0007_0113.uasset" 6498
"../../../Engine/Content/EngineMaterials/Substrate/Glints2/dict_0007_0098.uasset" 6499
"../../../Engine/Content/EngineMaterials/Substrate/Glints2/dict_0007_0097.uasset" 6500
"../../../Engine/Content/EngineMaterials/Substrate/Glints2/dict_0007_0094.uasset" 6501
"../../../Engine/Content/EngineMaterials/Substrate/Glints2/dict_0007_0089.uasset" 6502
"../../../Engine/Content/EngineMaterials/Substrate/Glints2/dict_0007_0112.uasset" 6503
"../../../Engine/Content/EngineMaterials/Substrate/Glints2/dict_0007_0090.uasset" 6504
"../../../Engine/Content/EngineMaterials/Substrate/Glints2/dict_0007_0107.uasset" 6505
"../../../Engine/Content/EngineMaterials/Substrate/Glints2/dict_0007_0103.uasset" 6506
"../../../Engine/Content/EngineMaterials/Substrate/Glints2/dict_0007_0088.uasset" 6507
"../../../Engine/Content/EngineMaterials/Substrate/Glints2/dict_0007_0106.uasset" 6508
"../../../Engine/Content/EngineMaterials/Substrate/Glints2/dict_0007_0092.uasset" 6509
"../../../Engine/Content/EngineMaterials/Substrate/Glints2/dict_0007_0114.uasset" 6510
"../../../Engine/Content/EngineMaterials/Substrate/Glints2/dict_0007_0087.uasset" 6511
"../../../Engine/Content/EngineMaterials/Substrate/Glints2/dict_0007_0099.uasset" 6512
"../../../Engine/Content/EngineMaterials/Substrate/Glints2/dict_0007_0110.uasset" 6513
"../../../Engine/Content/EngineMaterials/Substrate/Glints2/dict_0007_0096.uasset" 6514
"../../../Engine/Content/EngineMaterials/Substrate/Glints2/dict_0007_0093.uasset" 6515
"../../../Engine/Content/EngineMaterials/Substrate/Glints2/dict_0007_0108.uasset" 6516
"../../../Engine/Content/EngineMaterials/Substrate/Glints2/dict_0007_0116.uasset" 6517
"../../../Engine/Content/EngineMaterials/Substrate/Glints2/dict_0007_0086.uasset" 6518
"../../../Engine/Content/EngineMaterials/Substrate/Glints2/dict_0007_0085.uasset" 6519
"/Engine/EngineMaterials/Substrate/Glints2/dict_0007_0085" 6520
"/Engine/EngineMaterials/Substrate/Glints2/dict_0007_0086" 6521
"/Engine/EngineMaterials/Substrate/Glints2/dict_0007_0087" 6522
"/Engine/EngineMaterials/Substrate/Glints2/dict_0007_0088" 6523
"/Engine/EngineMaterials/Substrate/Glints2/dict_0007_0089" 6524
"/Engine/EngineMaterials/Substrate/Glints2/dict_0007_0090" 6525
"/Engine/EngineMaterials/Substrate/Glints2/dict_0007_0091" 6526
"/Engine/EngineMaterials/Substrate/Glints2/dict_0007_0092" 6527
"/Engine/EngineMaterials/Substrate/Glints2/dict_0007_0093" 6528
"/Engine/EngineMaterials/Substrate/Glints2/dict_0007_0094" 6529
"/Engine/EngineMaterials/Substrate/Glints2/dict_0007_0095" 6530
"/Engine/EngineMaterials/Substrate/Glints2/dict_0007_0096" 6531
"/Engine/EngineMaterials/Substrate/Glints2/dict_0007_0097" 6532
"/Engine/EngineMaterials/Substrate/Glints2/dict_0007_0098" 6533
"/Engine/EngineMaterials/Substrate/Glints2/dict_0007_0099" 6534
"/Engine/EngineMaterials/Substrate/Glints2/dict_0007_0100" 6535
"/Engine/EngineMaterials/Substrate/Glints2/dict_0007_0101" 6536
"/Engine/EngineMaterials/Substrate/Glints2/dict_0007_0102" 6537
"/Engine/EngineMaterials/Substrate/Glints2/dict_0007_0103" 6538
"/Engine/EngineMaterials/Substrate/Glints2/dict_0007_0104" 6539
"/Engine/EngineMaterials/Substrate/Glints2/dict_0007_0105" 6540
"/Engine/EngineMaterials/Substrate/Glints2/dict_0007_0106" 6541
"/Engine/EngineMaterials/Substrate/Glints2/dict_0007_0107" 6542
"/Engine/EngineMaterials/Substrate/Glints2/dict_0007_0108" 6543
"/Engine/EngineMaterials/Substrate/Glints2/dict_0007_0109" 6544
"/Engine/EngineMaterials/Substrate/Glints2/dict_0007_0110" 6545
"/Engine/EngineMaterials/Substrate/Glints2/dict_0007_0111" 6546
"/Engine/EngineMaterials/Substrate/Glints2/dict_0007_0112" 6547
"/Engine/EngineMaterials/Substrate/Glints2/dict_0007_0113" 6548
"/Engine/EngineMaterials/Substrate/Glints2/dict_0007_0114" 6549
"/Engine/EngineMaterials/Substrate/Glints2/dict_0007_0115" 6550
"/Engine/EngineMaterials/Substrate/Glints2/dict_0007_0116" 6551
"../../../Engine/Content/EngineMaterials/Substrate/Glints2/dict_0007_0067.uasset" 6552
"../../../Engine/Content/EngineMaterials/Substrate/Glints2/dict_0007_0075.uasset" 6553
"../../../Engine/Content/EngineMaterials/Substrate/Glints2/dict_0007_0062.uasset" 6554
"../../../Engine/Content/EngineMaterials/Substrate/Glints2/dict_0007_0079.uasset" 6555
"../../../Engine/Content/EngineMaterials/Substrate/Glints2/dict_0007_0084.uasset" 6556
"../../../Engine/Content/EngineMaterials/Substrate/Glints2/dict_0007_0082.uasset" 6557
"../../../Engine/Content/EngineMaterials/Substrate/Glints2/dict_0007_0081.uasset" 6558
"../../../Engine/Content/EngineMaterials/Substrate/Glints2/dict_0007_0078.uasset" 6559
"../../../Engine/Content/EngineMaterials/Substrate/Glints2/dict_0007_0072.uasset" 6560
"../../../Engine/Content/EngineMaterials/Substrate/Glints2/dict_0007_0070.uasset" 6561
"../../../Engine/Content/EngineMaterials/Substrate/Glints2/dict_0007_0080.uasset" 6562
"../../../Engine/Content/EngineMaterials/Substrate/Glints2/dict_0007_0056.uasset" 6563
"../../../Engine/Content/EngineMaterials/Substrate/Glints2/dict_0007_0068.uasset" 6564
"../../../Engine/Content/EngineMaterials/Substrate/Glints2/dict_0007_0071.uasset" 6565
"../../../Engine/Content/EngineMaterials/Substrate/Glints2/dict_0007_0063.uasset" 6566
"../../../Engine/Content/EngineMaterials/Substrate/Glints2/dict_0007_0069.uasset" 6567
"../../../Engine/Content/EngineMaterials/Substrate/Glints2/dict_0007_0064.uasset" 6568
"../../../Engine/Content/EngineMaterials/Substrate/Glints2/dict_0007_0058.uasset" 6569
"../../../Engine/Content/EngineMaterials/Substrate/Glints2/dict_0007_0074.uasset" 6570
"../../../Engine/Content/EngineMaterials/Substrate/Glints2/dict_0007_0073.uasset" 6571
"../../../Engine/Content/EngineMaterials/Substrate/Glints2/dict_0007_0083.uasset" 6572
"../../../Engine/Content/EngineMaterials/Substrate/Glints2/dict_0007_0077.uasset" 6573
"../../../Engine/Content/EngineMaterials/Substrate/Glints2/dict_0007_0059.uasset" 6574
"../../../Engine/Content/EngineMaterials/Substrate/Glints2/dict_0007_0061.uasset" 6575
"../../../Engine/Content/EngineMaterials/Substrate/Glints2/dict_0007_0066.uasset" 6576
"../../../Engine/Content/EngineMaterials/Substrate/Glints2/dict_0007_0057.uasset" 6577
"../../../Engine/Content/EngineMaterials/Substrate/Glints2/dict_0007_0076.uasset" 6578
"../../../Engine/Content/EngineMaterials/Substrate/Glints2/dict_0007_0060.uasset" 6579
"../../../Engine/Content/EngineMaterials/Substrate/Glints2/dict_0007_0065.uasset" 6580
"../../../Engine/Content/EngineMaterials/Substrate/Glints2/dict_0007_0055.uasset" 6581
"../../../Engine/Content/EngineMaterials/Substrate/Glints2/dict_0007_0054.uasset" 6582
"../../../Engine/Content/EngineMaterials/Substrate/Glints2/dict_0007_0053.uasset" 6583
"/Engine/EngineMaterials/Substrate/Glints2/dict_0007_0054" 6584
"/Engine/EngineMaterials/Substrate/Glints2/dict_0007_0055" 6585
"/Engine/EngineMaterials/Substrate/Glints2/dict_0007_0056" 6586
"/Engine/EngineMaterials/Substrate/Glints2/dict_0007_0057" 6587
"/Engine/EngineMaterials/Substrate/Glints2/dict_0007_0058" 6588
"/Engine/EngineMaterials/Substrate/Glints2/dict_0007_0059" 6589
"/Engine/EngineMaterials/Substrate/Glints2/dict_0007_0060" 6590
"/Engine/EngineMaterials/Substrate/Glints2/dict_0007_0061" 6591
"/Engine/EngineMaterials/Substrate/Glints2/dict_0007_0062" 6592
"/Engine/EngineMaterials/Substrate/Glints2/dict_0007_0063" 6593
"/Engine/EngineMaterials/Substrate/Glints2/dict_0007_0064" 6594
"/Engine/EngineMaterials/Substrate/Glints2/dict_0007_0065" 6595
"/Engine/EngineMaterials/Substrate/Glints2/dict_0007_0066" 6596
"/Engine/EngineMaterials/Substrate/Glints2/dict_0007_0067" 6597
"/Engine/EngineMaterials/Substrate/Glints2/dict_0007_0068" 6598
"/Engine/EngineMaterials/Substrate/Glints2/dict_0007_0069" 6599
"/Engine/EngineMaterials/Substrate/Glints2/dict_0007_0070" 6600
"/Engine/EngineMaterials/Substrate/Glints2/dict_0007_0071" 6601
"/Engine/EngineMaterials/Substrate/Glints2/dict_0007_0072" 6602
"/Engine/EngineMaterials/Substrate/Glints2/dict_0007_0073" 6603
"/Engine/EngineMaterials/Substrate/Glints2/dict_0007_0074" 6604
"/Engine/EngineMaterials/Substrate/Glints2/dict_0007_0075" 6605
"/Engine/EngineMaterials/Substrate/Glints2/dict_0007_0076" 6606
"/Engine/EngineMaterials/Substrate/Glints2/dict_0007_0077" 6607
"/Engine/EngineMaterials/Substrate/Glints2/dict_0007_0078" 6608
"/Engine/EngineMaterials/Substrate/Glints2/dict_0007_0079" 6609
"/Engine/EngineMaterials/Substrate/Glints2/dict_0007_0080" 6610
"/Engine/EngineMaterials/Substrate/Glints2/dict_0007_0081" 6611
"/Engine/EngineMaterials/Substrate/Glints2/dict_0007_0082" 6612
"/Engine/EngineMaterials/Substrate/Glints2/dict_0007_0083" 6613
"/Engine/EngineMaterials/Substrate/Glints2/dict_0007_0084" 6614
"/Engine/EngineMaterials/Substrate/Glints2/dict_0007_0053" 6615
"../../../Engine/Content/EngineMaterials/Substrate/Glints2/dict_0007_0045.uasset" 6616
"../../../Engine/Content/EngineMaterials/Substrate/Glints2/dict_0007_0040.uasset" 6617
"../../../Engine/Content/EngineMaterials/Substrate/Glints2/dict_0007_0034.uasset" 6618
"../../../Engine/Content/EngineMaterials/Substrate/Glints2/dict_0007_0039.uasset" 6619
"../../../Engine/Content/EngineMaterials/Substrate/Glints2/dict_0007_0050.uasset" 6620
"../../../Engine/Content/EngineMaterials/Substrate/Glints2/dict_0007_0049.uasset" 6621
"../../../Engine/Content/EngineMaterials/Substrate/Glints2/dict_0007_0036.uasset" 6622
"../../../Engine/Content/EngineMaterials/Substrate/Glints2/dict_0007_0041.uasset" 6623
"../../../Engine/Content/EngineMaterials/Substrate/Glints2/dict_0007_0044.uasset" 6624
"../../../Engine/Content/EngineMaterials/Substrate/Glints2/dict_0007_0027.uasset" 6625
"../../../Engine/Content/EngineMaterials/Substrate/Glints2/dict_0007_0030.uasset" 6626
"../../../Engine/Content/EngineMaterials/Substrate/Glints2/dict_0007_0051.uasset" 6627
"../../../Engine/Content/EngineMaterials/Substrate/Glints2/dict_0007_0025.uasset" 6628
"../../../Engine/Content/EngineMaterials/Substrate/Glints2/dict_0007_0033.uasset" 6629
"../../../Engine/Content/EngineMaterials/Substrate/Glints2/dict_0007_0052.uasset" 6630
"../../../Engine/Content/EngineMaterials/Substrate/Glints2/dict_0007_0042.uasset" 6631
"../../../Engine/Content/EngineMaterials/Substrate/Glints2/dict_0007_0048.uasset" 6632
"../../../Engine/Content/EngineMaterials/Substrate/Glints2/dict_0007_0038.uasset" 6633
"../../../Engine/Content/EngineMaterials/Substrate/Glints2/dict_0007_0023.uasset" 6634
"../../../Engine/Content/EngineMaterials/Substrate/Glints2/dict_0007_0024.uasset" 6635
"../../../Engine/Content/EngineMaterials/Substrate/Glints2/dict_0007_0032.uasset" 6636
"../../../Engine/Content/EngineMaterials/Substrate/Glints2/dict_0007_0029.uasset" 6637
"../../../Engine/Content/EngineMaterials/Substrate/Glints2/dict_0007_0046.uasset" 6638
"../../../Engine/Content/EngineMaterials/Substrate/Glints2/dict_0007_0037.uasset" 6639
"../../../Engine/Content/EngineMaterials/Substrate/Glints2/dict_0007_0026.uasset" 6640
"../../../Engine/Content/EngineMaterials/Substrate/Glints2/dict_0007_0043.uasset" 6641
"../../../Engine/Content/EngineMaterials/Substrate/Glints2/dict_0007_0028.uasset" 6642
"../../../Engine/Content/EngineMaterials/Substrate/Glints2/dict_0007_0035.uasset" 6643
"../../../Engine/Content/EngineMaterials/Substrate/Glints2/dict_0007_0031.uasset" 6644
"../../../Engine/Content/EngineMaterials/Substrate/Glints2/dict_0007_0047.uasset" 6645
"../../../Engine/Content/EngineMaterials/Substrate/Glints2/dict_0007_0022.uasset" 6646
"../../../Engine/Content/EngineMaterials/Substrate/Glints2/dict_0007_0021.uasset" 6647
"/Engine/EngineMaterials/Substrate/Glints2/dict_0007_0021" 6648
"/Engine/EngineMaterials/Substrate/Glints2/dict_0007_0022" 6649
"/Engine/EngineMaterials/Substrate/Glints2/dict_0007_0023" 6650
"/Engine/EngineMaterials/Substrate/Glints2/dict_0007_0024" 6651
"/Engine/EngineMaterials/Substrate/Glints2/dict_0007_0025" 6652
"/Engine/EngineMaterials/Substrate/Glints2/dict_0007_0026" 6653
"/Engine/EngineMaterials/Substrate/Glints2/dict_0007_0027" 6654
"/Engine/EngineMaterials/Substrate/Glints2/dict_0007_0028" 6655
"/Engine/EngineMaterials/Substrate/Glints2/dict_0007_0029" 6656
"/Engine/EngineMaterials/Substrate/Glints2/dict_0007_0030" 6657
"/Engine/EngineMaterials/Substrate/Glints2/dict_0007_0031" 6658
"/Engine/EngineMaterials/Substrate/Glints2/dict_0007_0032" 6659
"/Engine/EngineMaterials/Substrate/Glints2/dict_0007_0033" 6660
"/Engine/EngineMaterials/Substrate/Glints2/dict_0007_0034" 6661
"/Engine/EngineMaterials/Substrate/Glints2/dict_0007_0035" 6662
"/Engine/EngineMaterials/Substrate/Glints2/dict_0007_0036" 6663
"/Engine/EngineMaterials/Substrate/Glints2/dict_0007_0037" 6664
"/Engine/EngineMaterials/Substrate/Glints2/dict_0007_0038" 6665
"/Engine/EngineMaterials/Substrate/Glints2/dict_0007_0039" 6666
"/Engine/EngineMaterials/Substrate/Glints2/dict_0007_0040" 6667
"/Engine/EngineMaterials/Substrate/Glints2/dict_0007_0041" 6668
"/Engine/EngineMaterials/Substrate/Glints2/dict_0007_0042" 6669
"/Engine/EngineMaterials/Substrate/Glints2/dict_0007_0043" 6670
"/Engine/EngineMaterials/Substrate/Glints2/dict_0007_0044" 6671
"/Engine/EngineMaterials/Substrate/Glints2/dict_0007_0045" 6672
"/Engine/EngineMaterials/Substrate/Glints2/dict_0007_0046" 6673
"/Engine/EngineMaterials/Substrate/Glints2/dict_0007_0047" 6674
"/Engine/EngineMaterials/Substrate/Glints2/dict_0007_0048" 6675
"/Engine/EngineMaterials/Substrate/Glints2/dict_0007_0049" 6676
"/Engine/EngineMaterials/Substrate/Glints2/dict_0007_0050" 6677
"/Engine/EngineMaterials/Substrate/Glints2/dict_0007_0051" 6678
"/Engine/EngineMaterials/Substrate/Glints2/dict_0007_0052" 6679
"../../../Engine/Content/EngineMaterials/Substrate/Glints2/dict_0007_0016.uasset" 6680
"../../../Engine/Content/EngineMaterials/Substrate/Glints2/dict_0007_0010.uasset" 6681
"../../../Engine/Content/EngineMaterials/Substrate/Glints2/dict_0007_0013.uasset" 6682
"../../../Engine/Content/EngineMaterials/Substrate/Glints2/dict_0007_0020.uasset" 6683
"../../../Engine/Content/EngineMaterials/Substrate/Glints2/dict_0007_0006.uasset" 6684
"../../../Engine/Content/EngineMaterials/Substrate/Glints2/dict_0007_0015.uasset" 6685
"../../../Engine/Content/EngineMaterials/Substrate/Glints2/dict_0007_0019.uasset" 6686
"../../../Engine/Content/EngineMaterials/Substrate/Glints2/dict_0007_0012.uasset" 6687
"../../../Engine/Content/EngineMaterials/Substrate/Glints2/dict_0007_0014.uasset" 6688
"../../../Engine/Content/EngineMaterials/Substrate/Glints2/dict_0007_0004.uasset" 6689
"../../../Engine/Content/EngineMaterials/Substrate/Glints2/dict_0007_0017.uasset" 6690
"../../../Engine/Content/EngineMaterials/Substrate/Glints2/dict_0007_0001.uasset" 6691
"../../../Engine/Content/EngineMaterials/Substrate/Glints2/dict_0007_0000.uasset" 6692
"../../../Engine/Content/EngineMaterials/Substrate/Glints2/dict_0006_0254.uasset" 6693
"../../../Engine/Content/EngineMaterials/Substrate/Glints2/dict_0007_0003.uasset" 6694
"../../../Engine/Content/EngineMaterials/Substrate/Glints2/dict_0006_0247.uasset" 6695
"../../../Engine/Content/EngineMaterials/Substrate/Glints2/dict_0007_0002.uasset" 6696
"../../../Engine/Content/EngineMaterials/Substrate/Glints2/dict_0006_0252.uasset" 6697
"../../../Engine/Content/EngineMaterials/Substrate/Glints2/dict_0006_0253.uasset" 6698
"../../../Engine/Content/EngineMaterials/Substrate/Glints2/dict_0006_0255.uasset" 6699
"../../../Engine/Content/EngineMaterials/Substrate/Glints2/dict_0006_0250.uasset" 6700
"../../../Engine/Content/EngineMaterials/Substrate/Glints2/dict_0007_0009.uasset" 6701
"../../../Engine/Content/EngineMaterials/Substrate/Glints2/dict_0007_0008.uasset" 6702
"../../../Engine/Content/EngineMaterials/Substrate/Glints2/dict_0007_0018.uasset" 6703
"../../../Engine/Content/EngineMaterials/Substrate/Glints2/dict_0006_0249.uasset" 6704
"../../../Engine/Content/EngineMaterials/Substrate/Glints2/dict_0006_0251.uasset" 6705
"../../../Engine/Content/EngineMaterials/Substrate/Glints2/dict_0007_0011.uasset" 6706
"../../../Engine/Content/EngineMaterials/Substrate/Glints2/dict_0006_0248.uasset" 6707
"../../../Engine/Content/EngineMaterials/Substrate/Glints2/dict_0007_0007.uasset" 6708
"../../../Engine/Content/EngineMaterials/Substrate/Glints2/dict_0007_0005.uasset" 6709
"../../../Engine/Content/EngineMaterials/Substrate/Glints2/dict_0006_0245.uasset" 6710
"/Engine/EngineMaterials/Substrate/Glints2/dict_0006_0247" 6711
"../../../Engine/Content/EngineMaterials/Substrate/Glints2/dict_0006_0246.uasset" 6712
"/Engine/EngineMaterials/Substrate/Glints2/dict_0006_0248" 6713
"/Engine/EngineMaterials/Substrate/Glints2/dict_0006_0249" 6714
"/Engine/EngineMaterials/Substrate/Glints2/dict_0006_0250" 6715
"/Engine/EngineMaterials/Substrate/Glints2/dict_0006_0251" 6716
"/Engine/EngineMaterials/Substrate/Glints2/dict_0006_0252" 6717
"/Engine/EngineMaterials/Substrate/Glints2/dict_0006_0253" 6718
"/Engine/EngineMaterials/Substrate/Glints2/dict_0006_0254" 6719
"/Engine/EngineMaterials/Substrate/Glints2/dict_0006_0255" 6720
"/Engine/EngineMaterials/Substrate/Glints2/dict_0007_0000" 6721
"/Engine/EngineMaterials/Substrate/Glints2/dict_0007_0001" 6722
"/Engine/EngineMaterials/Substrate/Glints2/dict_0007_0002" 6723
"/Engine/EngineMaterials/Substrate/Glints2/dict_0007_0003" 6724
"/Engine/EngineMaterials/Substrate/Glints2/dict_0007_0004" 6725
"/Engine/EngineMaterials/Substrate/Glints2/dict_0007_0005" 6726
"/Engine/EngineMaterials/Substrate/Glints2/dict_0007_0006" 6727
"/Engine/EngineMaterials/Substrate/Glints2/dict_0007_0007" 6728
"/Engine/EngineMaterials/Substrate/Glints2/dict_0007_0008" 6729
"/Engine/EngineMaterials/Substrate/Glints2/dict_0007_0009" 6730
"/Engine/EngineMaterials/Substrate/Glints2/dict_0007_0010" 6731
"/Engine/EngineMaterials/Substrate/Glints2/dict_0007_0011" 6732
"/Engine/EngineMaterials/Substrate/Glints2/dict_0007_0012" 6733
"/Engine/EngineMaterials/Substrate/Glints2/dict_0007_0013" 6734
"/Engine/EngineMaterials/Substrate/Glints2/dict_0007_0014" 6735
"/Engine/EngineMaterials/Substrate/Glints2/dict_0007_0015" 6736
"/Engine/EngineMaterials/Substrate/Glints2/dict_0007_0016" 6737
"/Engine/EngineMaterials/Substrate/Glints2/dict_0007_0017" 6738
"/Engine/EngineMaterials/Substrate/Glints2/dict_0007_0018" 6739
"/Engine/EngineMaterials/Substrate/Glints2/dict_0007_0019" 6740
"/Engine/EngineMaterials/Substrate/Glints2/dict_0007_0020" 6741
"/Engine/EngineMaterials/Substrate/Glints2/dict_0006_0245" 6742
"/Engine/EngineMaterials/Substrate/Glints2/dict_0006_0246" 6743
"../../../Engine/Content/EngineMaterials/Substrate/Glints2/dict_0006_0242.uasset" 6744
"../../../Engine/Content/EngineMaterials/Substrate/Glints2/dict_0006_0239.uasset" 6745
"../../../Engine/Content/EngineMaterials/Substrate/Glints2/dict_0006_0225.uasset" 6746
"../../../Engine/Content/EngineMaterials/Substrate/Glints2/dict_0006_0237.uasset" 6747
"../../../Engine/Content/EngineMaterials/Substrate/Glints2/dict_0006_0235.uasset" 6748
"../../../Engine/Content/EngineMaterials/Substrate/Glints2/dict_0006_0234.uasset" 6749
"../../../Engine/Content/EngineMaterials/Substrate/Glints2/dict_0006_0231.uasset" 6750
"../../../Engine/Content/EngineMaterials/Substrate/Glints2/dict_0006_0238.uasset" 6751
"../../../Engine/Content/EngineMaterials/Substrate/Glints2/dict_0006_0217.uasset" 6752
"../../../Engine/Content/EngineMaterials/Substrate/Glints2/dict_0006_0221.uasset" 6753
"../../../Engine/Content/EngineMaterials/Substrate/Glints2/dict_0006_0226.uasset" 6754
"../../../Engine/Content/EngineMaterials/Substrate/Glints2/dict_0006_0222.uasset" 6755
"../../../Engine/Content/EngineMaterials/Substrate/Glints2/dict_0006_0228.uasset" 6756
"../../../Engine/Content/EngineMaterials/Substrate/Glints2/dict_0006_0240.uasset" 6757
"../../../Engine/Content/EngineMaterials/Substrate/Glints2/dict_0006_0241.uasset" 6758
"../../../Engine/Content/EngineMaterials/Substrate/Glints2/dict_0006_0216.uasset" 6759
"../../../Engine/Content/EngineMaterials/Substrate/Glints2/dict_0006_0227.uasset" 6760
"../../../Engine/Content/EngineMaterials/Substrate/Glints2/dict_0006_0244.uasset" 6761
"../../../Engine/Content/EngineMaterials/Substrate/Glints2/dict_0006_0243.uasset" 6762
"../../../Engine/Content/EngineMaterials/Substrate/Glints2/dict_0006_0230.uasset" 6763
"../../../Engine/Content/EngineMaterials/Substrate/Glints2/dict_0006_0224.uasset" 6764
"../../../Engine/Content/EngineMaterials/Substrate/Glints2/dict_0006_0229.uasset" 6765
"../../../Engine/Content/EngineMaterials/Substrate/Glints2/dict_0006_0236.uasset" 6766
"../../../Engine/Content/EngineMaterials/Substrate/Glints2/dict_0006_0215.uasset" 6767
"../../../Engine/Content/EngineMaterials/Substrate/Glints2/dict_0006_0218.uasset" 6768
"../../../Engine/Content/EngineMaterials/Substrate/Glints2/dict_0006_0223.uasset" 6769
"../../../Engine/Content/EngineMaterials/Substrate/Glints2/dict_0006_0233.uasset" 6770
"../../../Engine/Content/EngineMaterials/Substrate/Glints2/dict_0006_0219.uasset" 6771
"../../../Engine/Content/EngineMaterials/Substrate/Glints2/dict_0006_0220.uasset" 6772
"../../../Engine/Content/EngineMaterials/Substrate/Glints2/dict_0006_0232.uasset" 6773
"../../../Engine/Content/EngineMaterials/Substrate/Glints2/dict_0006_0213.uasset" 6774
"../../../Engine/Content/EngineMaterials/Substrate/Glints2/dict_0006_0214.uasset" 6775
"/Engine/EngineMaterials/Substrate/Glints2/dict_0006_0213" 6776
"/Engine/EngineMaterials/Substrate/Glints2/dict_0006_0214" 6777
"/Engine/EngineMaterials/Substrate/Glints2/dict_0006_0215" 6778
"/Engine/EngineMaterials/Substrate/Glints2/dict_0006_0216" 6779
"/Engine/EngineMaterials/Substrate/Glints2/dict_0006_0217" 6780
"/Engine/EngineMaterials/Substrate/Glints2/dict_0006_0218" 6781
"/Engine/EngineMaterials/Substrate/Glints2/dict_0006_0219" 6782
"/Engine/EngineMaterials/Substrate/Glints2/dict_0006_0220" 6783
"/Engine/EngineMaterials/Substrate/Glints2/dict_0006_0221" 6784
"/Engine/EngineMaterials/Substrate/Glints2/dict_0006_0222" 6785
"/Engine/EngineMaterials/Substrate/Glints2/dict_0006_0223" 6786
"/Engine/EngineMaterials/Substrate/Glints2/dict_0006_0224" 6787
"/Engine/EngineMaterials/Substrate/Glints2/dict_0006_0225" 6788
"/Engine/EngineMaterials/Substrate/Glints2/dict_0006_0226" 6789
"/Engine/EngineMaterials/Substrate/Glints2/dict_0006_0227" 6790
"/Engine/EngineMaterials/Substrate/Glints2/dict_0006_0228" 6791
"/Engine/EngineMaterials/Substrate/Glints2/dict_0006_0229" 6792
"/Engine/EngineMaterials/Substrate/Glints2/dict_0006_0230" 6793
"/Engine/EngineMaterials/Substrate/Glints2/dict_0006_0231" 6794
"/Engine/EngineMaterials/Substrate/Glints2/dict_0006_0232" 6795
"/Engine/EngineMaterials/Substrate/Glints2/dict_0006_0233" 6796
"/Engine/EngineMaterials/Substrate/Glints2/dict_0006_0234" 6797
"/Engine/EngineMaterials/Substrate/Glints2/dict_0006_0235" 6798
"/Engine/EngineMaterials/Substrate/Glints2/dict_0006_0236" 6799
"/Engine/EngineMaterials/Substrate/Glints2/dict_0006_0237" 6800
"/Engine/EngineMaterials/Substrate/Glints2/dict_0006_0238" 6801
"/Engine/EngineMaterials/Substrate/Glints2/dict_0006_0239" 6802
"/Engine/EngineMaterials/Substrate/Glints2/dict_0006_0240" 6803
"/Engine/EngineMaterials/Substrate/Glints2/dict_0006_0241" 6804
"/Engine/EngineMaterials/Substrate/Glints2/dict_0006_0242" 6805
"/Engine/EngineMaterials/Substrate/Glints2/dict_0006_0243" 6806
"/Engine/EngineMaterials/Substrate/Glints2/dict_0006_0244" 6807
"../../../Engine/Content/EngineMaterials/Substrate/Glints2/dict_0006_0208.uasset" 6808
"../../../Engine/Content/EngineMaterials/Substrate/Glints2/dict_0006_0211.uasset" 6809
"../../../Engine/Content/EngineMaterials/Substrate/Glints2/dict_0006_0203.uasset" 6810
"../../../Engine/Content/EngineMaterials/Substrate/Glints2/dict_0006_0206.uasset" 6811
"../../../Engine/Content/EngineMaterials/Substrate/Glints2/dict_0006_0202.uasset" 6812
"../../../Engine/Content/EngineMaterials/Substrate/Glints2/dict_0006_0209.uasset" 6813
"../../../Engine/Content/EngineMaterials/Substrate/Glints2/dict_0006_0198.uasset" 6814
"../../../Engine/Content/EngineMaterials/Substrate/Glints2/dict_0006_0212.uasset" 6815
"../../../Engine/Content/EngineMaterials/Substrate/Glints2/dict_0006_0197.uasset" 6816
"../../../Engine/Content/EngineMaterials/Substrate/Glints2/dict_0006_0201.uasset" 6817
"../../../Engine/Content/EngineMaterials/Substrate/Glints2/dict_0006_0205.uasset" 6818
"../../../Engine/Content/EngineMaterials/Substrate/Glints2/dict_0006_0204.uasset" 6819
"../../../Engine/Content/EngineMaterials/Substrate/Glints2/dict_0006_0187.uasset" 6820
"../../../Engine/Content/EngineMaterials/Substrate/Glints2/dict_0006_0192.uasset" 6821
"../../../Engine/Content/EngineMaterials/Substrate/Glints2/dict_0006_0195.uasset" 6822
"../../../Engine/Content/EngineMaterials/Substrate/Glints2/dict_0006_0185.uasset" 6823
"../../../Engine/Content/EngineMaterials/Substrate/Glints2/dict_0006_0183.uasset" 6824
"../../../Engine/Content/EngineMaterials/Substrate/Glints2/dict_0006_0196.uasset" 6825
"../../../Engine/Content/EngineMaterials/Substrate/Glints2/dict_0006_0193.uasset" 6826
"../../../Engine/Content/EngineMaterials/Substrate/Glints2/dict_0006_0207.uasset" 6827
"../../../Engine/Content/EngineMaterials/Substrate/Glints2/dict_0006_0200.uasset" 6828
"../../../Engine/Content/EngineMaterials/Substrate/Glints2/dict_0006_0189.uasset" 6829
"../../../Engine/Content/EngineMaterials/Substrate/Glints2/dict_0006_0210.uasset" 6830
"../../../Engine/Content/EngineMaterials/Substrate/Glints2/dict_0006_0194.uasset" 6831
"../../../Engine/Content/EngineMaterials/Substrate/Glints2/dict_0006_0199.uasset" 6832
"../../../Engine/Content/EngineMaterials/Substrate/Glints2/dict_0006_0190.uasset" 6833
"../../../Engine/Content/EngineMaterials/Substrate/Glints2/dict_0006_0188.uasset" 6834
"../../../Engine/Content/EngineMaterials/Substrate/Glints2/dict_0006_0191.uasset" 6835
"../../../Engine/Content/EngineMaterials/Substrate/Glints2/dict_0006_0184.uasset" 6836
"../../../Engine/Content/EngineMaterials/Substrate/Glints2/dict_0006_0186.uasset" 6837
"../../../Engine/Content/EngineMaterials/Substrate/Glints2/dict_0006_0181.uasset" 6838
"/Engine/EngineMaterials/Substrate/Glints2/dict_0006_0181" 6839
"/Engine/EngineMaterials/Substrate/Glints2/dict_0006_0183" 6840
"../../../Engine/Content/EngineMaterials/Substrate/Glints2/dict_0006_0182.uasset" 6841
"/Engine/EngineMaterials/Substrate/Glints2/dict_0006_0184" 6842
"/Engine/EngineMaterials/Substrate/Glints2/dict_0006_0185" 6843
"/Engine/EngineMaterials/Substrate/Glints2/dict_0006_0186" 6844
"/Engine/EngineMaterials/Substrate/Glints2/dict_0006_0187" 6845
"/Engine/EngineMaterials/Substrate/Glints2/dict_0006_0188" 6846
"/Engine/EngineMaterials/Substrate/Glints2/dict_0006_0189" 6847
"/Engine/EngineMaterials/Substrate/Glints2/dict_0006_0190" 6848
"/Engine/EngineMaterials/Substrate/Glints2/dict_0006_0191" 6849
"/Engine/EngineMaterials/Substrate/Glints2/dict_0006_0192" 6850
"/Engine/EngineMaterials/Substrate/Glints2/dict_0006_0193" 6851
"/Engine/EngineMaterials/Substrate/Glints2/dict_0006_0194" 6852
"/Engine/EngineMaterials/Substrate/Glints2/dict_0006_0195" 6853
"/Engine/EngineMaterials/Substrate/Glints2/dict_0006_0196" 6854
"/Engine/EngineMaterials/Substrate/Glints2/dict_0006_0197" 6855
"/Engine/EngineMaterials/Substrate/Glints2/dict_0006_0198" 6856
"/Engine/EngineMaterials/Substrate/Glints2/dict_0006_0199" 6857
"/Engine/EngineMaterials/Substrate/Glints2/dict_0006_0200" 6858
"/Engine/EngineMaterials/Substrate/Glints2/dict_0006_0201" 6859
"/Engine/EngineMaterials/Substrate/Glints2/dict_0006_0202" 6860
"/Engine/EngineMaterials/Substrate/Glints2/dict_0006_0203" 6861
"/Engine/EngineMaterials/Substrate/Glints2/dict_0006_0204" 6862
"/Engine/EngineMaterials/Substrate/Glints2/dict_0006_0205" 6863
"/Engine/EngineMaterials/Substrate/Glints2/dict_0006_0206" 6864
"/Engine/EngineMaterials/Substrate/Glints2/dict_0006_0207" 6865
"/Engine/EngineMaterials/Substrate/Glints2/dict_0006_0208" 6866
"/Engine/EngineMaterials/Substrate/Glints2/dict_0006_0209" 6867
"/Engine/EngineMaterials/Substrate/Glints2/dict_0006_0210" 6868
"/Engine/EngineMaterials/Substrate/Glints2/dict_0006_0211" 6869
"/Engine/EngineMaterials/Substrate/Glints2/dict_0006_0212" 6870
"/Engine/EngineMaterials/Substrate/Glints2/dict_0006_0182" 6871
"../../../Engine/Content/EngineMaterials/Substrate/Glints2/dict_0006_0176.uasset" 6872
"../../../Engine/Content/EngineMaterials/Substrate/Glints2/dict_0006_0171.uasset" 6873
"../../../Engine/Content/EngineMaterials/Substrate/Glints2/dict_0006_0179.uasset" 6874
"../../../Engine/Content/EngineMaterials/Substrate/Glints2/dict_0006_0168.uasset" 6875
"../../../Engine/Content/EngineMaterials/Substrate/Glints2/dict_0006_0178.uasset" 6876
"../../../Engine/Content/EngineMaterials/Substrate/Glints2/dict_0006_0177.uasset" 6877
"../../../Engine/Content/EngineMaterials/Substrate/Glints2/dict_0006_0167.uasset" 6878
"../../../Engine/Content/EngineMaterials/Substrate/Glints2/dict_0006_0174.uasset" 6879
"../../../Engine/Content/EngineMaterials/Substrate/Glints2/dict_0006_0180.uasset" 6880
"../../../Engine/Content/EngineMaterials/Substrate/Glints2/dict_0006_0170.uasset" 6881
"../../../Engine/Content/EngineMaterials/Substrate/Glints2/dict_0006_0151.uasset" 6882
"../../../Engine/Content/EngineMaterials/Substrate/Glints2/dict_0006_0154.uasset" 6883
"../../../Engine/Content/EngineMaterials/Substrate/Glints2/dict_0006_0161.uasset" 6884
"../../../Engine/Content/EngineMaterials/Substrate/Glints2/dict_0006_0169.uasset" 6885
"../../../Engine/Content/EngineMaterials/Substrate/Glints2/dict_0006_0163.uasset" 6886
"../../../Engine/Content/EngineMaterials/Substrate/Glints2/dict_0006_0152.uasset" 6887
"../../../Engine/Content/EngineMaterials/Substrate/Glints2/dict_0006_0160.uasset" 6888
"../../../Engine/Content/EngineMaterials/Substrate/Glints2/dict_0006_0175.uasset" 6889
"../../../Engine/Content/EngineMaterials/Substrate/Glints2/dict_0006_0157.uasset" 6890
"../../../Engine/Content/EngineMaterials/Substrate/Glints2/dict_0006_0172.uasset" 6891
"../../../Engine/Content/EngineMaterials/Substrate/Glints2/dict_0006_0165.uasset" 6892
"../../../Engine/Content/EngineMaterials/Substrate/Glints2/dict_0006_0158.uasset" 6893
"../../../Engine/Content/EngineMaterials/Substrate/Glints2/dict_0006_0159.uasset" 6894
"../../../Engine/Content/EngineMaterials/Substrate/Glints2/dict_0006_0173.uasset" 6895
"../../../Engine/Content/EngineMaterials/Substrate/Glints2/dict_0006_0155.uasset" 6896
"../../../Engine/Content/EngineMaterials/Substrate/Glints2/dict_0006_0153.uasset" 6897
"../../../Engine/Content/EngineMaterials/Substrate/Glints2/dict_0006_0156.uasset" 6898
"../../../Engine/Content/EngineMaterials/Substrate/Glints2/dict_0006_0162.uasset" 6899
"../../../Engine/Content/EngineMaterials/Substrate/Glints2/dict_0006_0164.uasset" 6900
"../../../Engine/Content/EngineMaterials/Substrate/Glints2/dict_0006_0166.uasset" 6901
"../../../Engine/Content/EngineMaterials/Substrate/Glints2/dict_0006_0150.uasset" 6902
"/Engine/EngineMaterials/Substrate/Glints2/dict_0006_0150" 6903
"../../../Engine/Content/EngineMaterials/Substrate/Glints2/dict_0006_0149.uasset" 6904
"/Engine/EngineMaterials/Substrate/Glints2/dict_0006_0151" 6905
"/Engine/EngineMaterials/Substrate/Glints2/dict_0006_0152" 6906
"/Engine/EngineMaterials/Substrate/Glints2/dict_0006_0153" 6907
"/Engine/EngineMaterials/Substrate/Glints2/dict_0006_0154" 6908
"/Engine/EngineMaterials/Substrate/Glints2/dict_0006_0155" 6909
"/Engine/EngineMaterials/Substrate/Glints2/dict_0006_0156" 6910
"/Engine/EngineMaterials/Substrate/Glints2/dict_0006_0157" 6911
"/Engine/EngineMaterials/Substrate/Glints2/dict_0006_0158" 6912
"/Engine/EngineMaterials/Substrate/Glints2/dict_0006_0159" 6913
"/Engine/EngineMaterials/Substrate/Glints2/dict_0006_0160" 6914
"/Engine/EngineMaterials/Substrate/Glints2/dict_0006_0161" 6915
"/Engine/EngineMaterials/Substrate/Glints2/dict_0006_0162" 6916
"/Engine/EngineMaterials/Substrate/Glints2/dict_0006_0163" 6917
"/Engine/EngineMaterials/Substrate/Glints2/dict_0006_0164" 6918
"/Engine/EngineMaterials/Substrate/Glints2/dict_0006_0165" 6919
"/Engine/EngineMaterials/Substrate/Glints2/dict_0006_0166" 6920
"/Engine/EngineMaterials/Substrate/Glints2/dict_0006_0167" 6921
"/Engine/EngineMaterials/Substrate/Glints2/dict_0006_0168" 6922
"/Engine/EngineMaterials/Substrate/Glints2/dict_0006_0169" 6923
"/Engine/EngineMaterials/Substrate/Glints2/dict_0006_0170" 6924
"/Engine/EngineMaterials/Substrate/Glints2/dict_0006_0171" 6925
"/Engine/EngineMaterials/Substrate/Glints2/dict_0006_0172" 6926
"/Engine/EngineMaterials/Substrate/Glints2/dict_0006_0173" 6927
"/Engine/EngineMaterials/Substrate/Glints2/dict_0006_0174" 6928
"/Engine/EngineMaterials/Substrate/Glints2/dict_0006_0175" 6929
"/Engine/EngineMaterials/Substrate/Glints2/dict_0006_0176" 6930
"/Engine/EngineMaterials/Substrate/Glints2/dict_0006_0177" 6931
"/Engine/EngineMaterials/Substrate/Glints2/dict_0006_0178" 6932
"/Engine/EngineMaterials/Substrate/Glints2/dict_0006_0179" 6933
"/Engine/EngineMaterials/Substrate/Glints2/dict_0006_0180" 6934
"/Engine/EngineMaterials/Substrate/Glints2/dict_0006_0149" 6935
"../../../Engine/Content/EngineMaterials/Substrate/Glints2/dict_0006_0147.uasset" 6936
"../../../Engine/Content/EngineMaterials/Substrate/Glints2/dict_0006_0143.uasset" 6937
"../../../Engine/Content/EngineMaterials/Substrate/Glints2/dict_0006_0141.uasset" 6938
"../../../Engine/Content/EngineMaterials/Substrate/Glints2/dict_0006_0135.uasset" 6939
"../../../Engine/Content/EngineMaterials/Substrate/Glints2/dict_0006_0142.uasset" 6940
"../../../Engine/Content/EngineMaterials/Substrate/Glints2/dict_0006_0145.uasset" 6941
"../../../Engine/Content/EngineMaterials/Substrate/Glints2/dict_0006_0130.uasset" 6942
"../../../Engine/Content/EngineMaterials/Substrate/Glints2/dict_0006_0139.uasset" 6943
"../../../Engine/Content/EngineMaterials/Substrate/Glints2/dict_0006_0131.uasset" 6944
"../../../Engine/Content/EngineMaterials/Substrate/Glints2/dict_0006_0126.uasset" 6945
"../../../Engine/Content/EngineMaterials/Substrate/Glints2/dict_0006_0125.uasset" 6946
"../../../Engine/Content/EngineMaterials/Substrate/Glints2/dict_0006_0138.uasset" 6947
"../../../Engine/Content/EngineMaterials/Substrate/Glints2/dict_0006_0122.uasset" 6948
"../../../Engine/Content/EngineMaterials/Substrate/Glints2/dict_0006_0120.uasset" 6949
"../../../Engine/Content/EngineMaterials/Substrate/Glints2/dict_0006_0134.uasset" 6950
"../../../Engine/Content/EngineMaterials/Substrate/Glints2/dict_0006_0129.uasset" 6951
"../../../Engine/Content/EngineMaterials/Substrate/Glints2/dict_0006_0127.uasset" 6952
"../../../Engine/Content/EngineMaterials/Substrate/Glints2/dict_0006_0132.uasset" 6953
"../../../Engine/Content/EngineMaterials/Substrate/Glints2/dict_0006_0137.uasset" 6954
"../../../Engine/Content/EngineMaterials/Substrate/Glints2/dict_0006_0123.uasset" 6955
"../../../Engine/Content/EngineMaterials/Substrate/Glints2/dict_0006_0136.uasset" 6956
"../../../Engine/Content/EngineMaterials/Substrate/Glints2/dict_0006_0146.uasset" 6957
"../../../Engine/Content/EngineMaterials/Substrate/Glints2/dict_0006_0124.uasset" 6958
"../../../Engine/Content/EngineMaterials/Substrate/Glints2/dict_0006_0148.uasset" 6959
"../../../Engine/Content/EngineMaterials/Substrate/Glints2/dict_0006_0128.uasset" 6960
"../../../Engine/Content/EngineMaterials/Substrate/Glints2/dict_0006_0144.uasset" 6961
"../../../Engine/Content/EngineMaterials/Substrate/Glints2/dict_0006_0133.uasset" 6962
"../../../Engine/Content/EngineMaterials/Substrate/Glints2/dict_0006_0140.uasset" 6963
"../../../Engine/Content/EngineMaterials/Substrate/Glints2/dict_0006_0119.uasset" 6964
"../../../Engine/Content/EngineMaterials/Substrate/Glints2/dict_0006_0121.uasset" 6965
"../../../Engine/Content/EngineMaterials/Substrate/Glints2/dict_0006_0117.uasset" 6966
"../../../Engine/Content/EngineMaterials/Substrate/Glints2/dict_0006_0118.uasset" 6967
"/Engine/EngineMaterials/Substrate/Glints2/dict_0006_0118" 6968
"/Engine/EngineMaterials/Substrate/Glints2/dict_0006_0117" 6969
"/Engine/EngineMaterials/Substrate/Glints2/dict_0006_0119" 6970
"/Engine/EngineMaterials/Substrate/Glints2/dict_0006_0120" 6971
"/Engine/EngineMaterials/Substrate/Glints2/dict_0006_0121" 6972
"/Engine/EngineMaterials/Substrate/Glints2/dict_0006_0122" 6973
"/Engine/EngineMaterials/Substrate/Glints2/dict_0006_0123" 6974
"/Engine/EngineMaterials/Substrate/Glints2/dict_0006_0124" 6975
"/Engine/EngineMaterials/Substrate/Glints2/dict_0006_0125" 6976
"/Engine/EngineMaterials/Substrate/Glints2/dict_0006_0126" 6977
"/Engine/EngineMaterials/Substrate/Glints2/dict_0006_0127" 6978
"/Engine/EngineMaterials/Substrate/Glints2/dict_0006_0128" 6979
"/Engine/EngineMaterials/Substrate/Glints2/dict_0006_0129" 6980
"/Engine/EngineMaterials/Substrate/Glints2/dict_0006_0130" 6981
"/Engine/EngineMaterials/Substrate/Glints2/dict_0006_0131" 6982
"/Engine/EngineMaterials/Substrate/Glints2/dict_0006_0132" 6983
"/Engine/EngineMaterials/Substrate/Glints2/dict_0006_0133" 6984
"/Engine/EngineMaterials/Substrate/Glints2/dict_0006_0134" 6985
"/Engine/EngineMaterials/Substrate/Glints2/dict_0006_0135" 6986
"/Engine/EngineMaterials/Substrate/Glints2/dict_0006_0136" 6987
"/Engine/EngineMaterials/Substrate/Glints2/dict_0006_0137" 6988
"/Engine/EngineMaterials/Substrate/Glints2/dict_0006_0138" 6989
"/Engine/EngineMaterials/Substrate/Glints2/dict_0006_0139" 6990
"/Engine/EngineMaterials/Substrate/Glints2/dict_0006_0140" 6991
"/Engine/EngineMaterials/Substrate/Glints2/dict_0006_0141" 6992
"/Engine/EngineMaterials/Substrate/Glints2/dict_0006_0142" 6993
"/Engine/EngineMaterials/Substrate/Glints2/dict_0006_0143" 6994
"/Engine/EngineMaterials/Substrate/Glints2/dict_0006_0144" 6995
"/Engine/EngineMaterials/Substrate/Glints2/dict_0006_0145" 6996
"/Engine/EngineMaterials/Substrate/Glints2/dict_0006_0146" 6997
"/Engine/EngineMaterials/Substrate/Glints2/dict_0006_0147" 6998
"/Engine/EngineMaterials/Substrate/Glints2/dict_0006_0148" 6999
"../../../Engine/Content/EngineMaterials/Substrate/Glints2/dict_0006_0104.uasset" 7000
"../../../Engine/Content/EngineMaterials/Substrate/Glints2/dict_0006_0095.uasset" 7001
"../../../Engine/Content/EngineMaterials/Substrate/Glints2/dict_0006_0116.uasset" 7002
"../../../Engine/Content/EngineMaterials/Substrate/Glints2/dict_0006_0093.uasset" 7003
"../../../Engine/Content/EngineMaterials/Substrate/Glints2/dict_0006_0099.uasset" 7004
"../../../Engine/Content/EngineMaterials/Substrate/Glints2/dict_0006_0109.uasset" 7005
"../../../Engine/Content/EngineMaterials/Substrate/Glints2/dict_0006_0101.uasset" 7006
"../../../Engine/Content/EngineMaterials/Substrate/Glints2/dict_0006_0114.uasset" 7007
"../../../Engine/Content/EngineMaterials/Substrate/Glints2/dict_0006_0097.uasset" 7008
"../../../Engine/Content/EngineMaterials/Substrate/Glints2/dict_0006_0092.uasset" 7009
"../../../Engine/Content/EngineMaterials/Substrate/Glints2/dict_0006_0111.uasset" 7010
"../../../Engine/Content/EngineMaterials/Substrate/Glints2/dict_0006_0103.uasset" 7011
"../../../Engine/Content/EngineMaterials/Substrate/Glints2/dict_0006_0112.uasset" 7012
"../../../Engine/Content/EngineMaterials/Substrate/Glints2/dict_0006_0096.uasset" 7013
"../../../Engine/Content/EngineMaterials/Substrate/Glints2/dict_0006_0105.uasset" 7014
"../../../Engine/Content/EngineMaterials/Substrate/Glints2/dict_0006_0106.uasset" 7015
"../../../Engine/Content/EngineMaterials/Substrate/Glints2/dict_0006_0108.uasset" 7016
"../../../Engine/Content/EngineMaterials/Substrate/Glints2/dict_0006_0090.uasset" 7017
"../../../Engine/Content/EngineMaterials/Substrate/Glints2/dict_0006_0091.uasset" 7018
"../../../Engine/Content/EngineMaterials/Substrate/Glints2/dict_0006_0098.uasset" 7019
"../../../Engine/Content/EngineMaterials/Substrate/Glints2/dict_0006_0113.uasset" 7020
"../../../Engine/Content/EngineMaterials/Substrate/Glints2/dict_0006_0115.uasset" 7021
"../../../Engine/Content/EngineMaterials/Substrate/Glints2/dict_0006_0100.uasset" 7022
"../../../Engine/Content/EngineMaterials/Substrate/Glints2/dict_0006_0088.uasset" 7023
"../../../Engine/Content/EngineMaterials/Substrate/Glints2/dict_0006_0094.uasset" 7024
"../../../Engine/Content/EngineMaterials/Substrate/Glints2/dict_0006_0107.uasset" 7025
"../../../Engine/Content/EngineMaterials/Substrate/Glints2/dict_0006_0110.uasset" 7026
"../../../Engine/Content/EngineMaterials/Substrate/Glints2/dict_0006_0102.uasset" 7027
"../../../Engine/Content/EngineMaterials/Substrate/Glints2/dict_0006_0087.uasset" 7028
"../../../Engine/Content/EngineMaterials/Substrate/Glints2/dict_0006_0089.uasset" 7029
"../../../Engine/Content/EngineMaterials/Substrate/Glints2/dict_0006_0086.uasset" 7030
"/Engine/EngineMaterials/Substrate/Glints2/dict_0006_0086" 7031
"../../../Engine/Content/EngineMaterials/Substrate/Glints2/dict_0006_0085.uasset" 7032
"/Engine/EngineMaterials/Substrate/Glints2/dict_0006_0087" 7033
"/Engine/EngineMaterials/Substrate/Glints2/dict_0006_0088" 7034
"/Engine/EngineMaterials/Substrate/Glints2/dict_0006_0089" 7035
"/Engine/EngineMaterials/Substrate/Glints2/dict_0006_0090" 7036
"/Engine/EngineMaterials/Substrate/Glints2/dict_0006_0091" 7037
"/Engine/EngineMaterials/Substrate/Glints2/dict_0006_0092" 7038
"/Engine/EngineMaterials/Substrate/Glints2/dict_0006_0093" 7039
"/Engine/EngineMaterials/Substrate/Glints2/dict_0006_0094" 7040
"/Engine/EngineMaterials/Substrate/Glints2/dict_0006_0095" 7041
"/Engine/EngineMaterials/Substrate/Glints2/dict_0006_0096" 7042
"/Engine/EngineMaterials/Substrate/Glints2/dict_0006_0097" 7043
"/Engine/EngineMaterials/Substrate/Glints2/dict_0006_0098" 7044
"/Engine/EngineMaterials/Substrate/Glints2/dict_0006_0099" 7045
"/Engine/EngineMaterials/Substrate/Glints2/dict_0006_0100" 7046
"/Engine/EngineMaterials/Substrate/Glints2/dict_0006_0101" 7047
"/Engine/EngineMaterials/Substrate/Glints2/dict_0006_0102" 7048
"/Engine/EngineMaterials/Substrate/Glints2/dict_0006_0103" 7049
"/Engine/EngineMaterials/Substrate/Glints2/dict_0006_0104" 7050
"/Engine/EngineMaterials/Substrate/Glints2/dict_0006_0105" 7051
"/Engine/EngineMaterials/Substrate/Glints2/dict_0006_0106" 7052
"/Engine/EngineMaterials/Substrate/Glints2/dict_0006_0107" 7053
"/Engine/EngineMaterials/Substrate/Glints2/dict_0006_0108" 7054
"/Engine/EngineMaterials/Substrate/Glints2/dict_0006_0109" 7055
"/Engine/EngineMaterials/Substrate/Glints2/dict_0006_0110" 7056
"/Engine/EngineMaterials/Substrate/Glints2/dict_0006_0111" 7057
"/Engine/EngineMaterials/Substrate/Glints2/dict_0006_0112" 7058
"/Engine/EngineMaterials/Substrate/Glints2/dict_0006_0113" 7059
"/Engine/EngineMaterials/Substrate/Glints2/dict_0006_0114" 7060
"/Engine/EngineMaterials/Substrate/Glints2/dict_0006_0115" 7061
"/Engine/EngineMaterials/Substrate/Glints2/dict_0006_0116" 7062
"/Engine/EngineMaterials/Substrate/Glints2/dict_0006_0085" 7063
"../../../Engine/Content/EngineMaterials/Substrate/Glints2/dict_0006_0084.uasset" 7064
"../../../Engine/Content/EngineMaterials/Substrate/Glints2/dict_0006_0078.uasset" 7065
"../../../Engine/Content/EngineMaterials/Substrate/Glints2/dict_0006_0080.uasset" 7066
"../../../Engine/Content/EngineMaterials/Substrate/Glints2/dict_0006_0079.uasset" 7067
"../../../Engine/Content/EngineMaterials/Substrate/Glints2/dict_0006_0077.uasset" 7068
"../../../Engine/Content/EngineMaterials/Substrate/Glints2/dict_0006_0082.uasset" 7069
"../../../Engine/Content/EngineMaterials/Substrate/Glints2/dict_0006_0076.uasset" 7070
"../../../Engine/Content/EngineMaterials/Substrate/Glints2/dict_0006_0072.uasset" 7071
"../../../Engine/Content/EngineMaterials/Substrate/Glints2/dict_0006_0068.uasset" 7072
"../../../Engine/Content/EngineMaterials/Substrate/Glints2/dict_0006_0067.uasset" 7073
"../../../Engine/Content/EngineMaterials/Substrate/Glints2/dict_0006_0063.uasset" 7074
"../../../Engine/Content/EngineMaterials/Substrate/Glints2/dict_0006_0081.uasset" 7075
"../../../Engine/Content/EngineMaterials/Substrate/Glints2/dict_0006_0065.uasset" 7076
"../../../Engine/Content/EngineMaterials/Substrate/Glints2/dict_0006_0073.uasset" 7077
"../../../Engine/Content/EngineMaterials/Substrate/Glints2/dict_0006_0074.uasset" 7078
"../../../Engine/Content/EngineMaterials/Substrate/Glints2/dict_0006_0056.uasset" 7079
"../../../Engine/Content/EngineMaterials/Substrate/Glints2/dict_0006_0075.uasset" 7080
"../../../Engine/Content/EngineMaterials/Substrate/Glints2/dict_0006_0064.uasset" 7081
"../../../Engine/Content/EngineMaterials/Substrate/Glints2/dict_0006_0057.uasset" 7082
"../../../Engine/Content/EngineMaterials/Substrate/Glints2/dict_0006_0083.uasset" 7083
"../../../Engine/Content/EngineMaterials/Substrate/Glints2/dict_0006_0071.uasset" 7084
"../../../Engine/Content/EngineMaterials/Substrate/Glints2/dict_0006_0066.uasset" 7085
"../../../Engine/Content/EngineMaterials/Substrate/Glints2/dict_0006_0061.uasset" 7086
"../../../Engine/Content/EngineMaterials/Substrate/Glints2/dict_0006_0058.uasset" 7087
"../../../Engine/Content/EngineMaterials/Substrate/Glints2/dict_0006_0059.uasset" 7088
"../../../Engine/Content/EngineMaterials/Substrate/Glints2/dict_0006_0069.uasset" 7089
"../../../Engine/Content/EngineMaterials/Substrate/Glints2/dict_0006_0055.uasset" 7090
"../../../Engine/Content/EngineMaterials/Substrate/Glints2/dict_0006_0062.uasset" 7091
"../../../Engine/Content/EngineMaterials/Substrate/Glints2/dict_0006_0060.uasset" 7092
"../../../Engine/Content/EngineMaterials/Substrate/Glints2/dict_0006_0070.uasset" 7093
"../../../Engine/Content/EngineMaterials/Substrate/Glints2/dict_0006_0054.uasset" 7094
"../../../Engine/Content/EngineMaterials/Substrate/Glints2/dict_0006_0053.uasset" 7095
"/Engine/EngineMaterials/Substrate/Glints2/dict_0006_0053" 7096
"/Engine/EngineMaterials/Substrate/Glints2/dict_0006_0054" 7097
"/Engine/EngineMaterials/Substrate/Glints2/dict_0006_0055" 7098
"/Engine/EngineMaterials/Substrate/Glints2/dict_0006_0056" 7099
"/Engine/EngineMaterials/Substrate/Glints2/dict_0006_0057" 7100
"/Engine/EngineMaterials/Substrate/Glints2/dict_0006_0058" 7101
"/Engine/EngineMaterials/Substrate/Glints2/dict_0006_0059" 7102
"/Engine/EngineMaterials/Substrate/Glints2/dict_0006_0060" 7103
"/Engine/EngineMaterials/Substrate/Glints2/dict_0006_0061" 7104
"/Engine/EngineMaterials/Substrate/Glints2/dict_0006_0062" 7105
"/Engine/EngineMaterials/Substrate/Glints2/dict_0006_0063" 7106
"/Engine/EngineMaterials/Substrate/Glints2/dict_0006_0064" 7107
"/Engine/EngineMaterials/Substrate/Glints2/dict_0006_0065" 7108
"/Engine/EngineMaterials/Substrate/Glints2/dict_0006_0066" 7109
"/Engine/EngineMaterials/Substrate/Glints2/dict_0006_0067" 7110
"/Engine/EngineMaterials/Substrate/Glints2/dict_0006_0068" 7111
"/Engine/EngineMaterials/Substrate/Glints2/dict_0006_0069" 7112
"/Engine/EngineMaterials/Substrate/Glints2/dict_0006_0070" 7113
"/Engine/EngineMaterials/Substrate/Glints2/dict_0006_0071" 7114
"/Engine/EngineMaterials/Substrate/Glints2/dict_0006_0072" 7115
"/Engine/EngineMaterials/Substrate/Glints2/dict_0006_0073" 7116
"/Engine/EngineMaterials/Substrate/Glints2/dict_0006_0074" 7117
"/Engine/EngineMaterials/Substrate/Glints2/dict_0006_0075" 7118
"/Engine/EngineMaterials/Substrate/Glints2/dict_0006_0076" 7119
"/Engine/EngineMaterials/Substrate/Glints2/dict_0006_0077" 7120
"/Engine/EngineMaterials/Substrate/Glints2/dict_0006_0078" 7121
"/Engine/EngineMaterials/Substrate/Glints2/dict_0006_0079" 7122
"/Engine/EngineMaterials/Substrate/Glints2/dict_0006_0080" 7123
"/Engine/EngineMaterials/Substrate/Glints2/dict_0006_0081" 7124
"/Engine/EngineMaterials/Substrate/Glints2/dict_0006_0082" 7125
"/Engine/EngineMaterials/Substrate/Glints2/dict_0006_0083" 7126
"/Engine/EngineMaterials/Substrate/Glints2/dict_0006_0084" 7127
"../../../Engine/Content/EngineMaterials/Substrate/Glints2/dict_0006_0036.uasset" 7128
"../../../Engine/Content/EngineMaterials/Substrate/Glints2/dict_0006_0044.uasset" 7129
"../../../Engine/Content/EngineMaterials/Substrate/Glints2/dict_0006_0037.uasset" 7130
"../../../Engine/Content/EngineMaterials/Substrate/Glints2/dict_0006_0043.uasset" 7131
"../../../Engine/Content/EngineMaterials/Substrate/Glints2/dict_0006_0045.uasset" 7132
"../../../Engine/Content/EngineMaterials/Substrate/Glints2/dict_0006_0024.uasset" 7133
"../../../Engine/Content/EngineMaterials/Substrate/Glints2/dict_0006_0041.uasset" 7134
"../../../Engine/Content/EngineMaterials/Substrate/Glints2/dict_0006_0050.uasset" 7135
"../../../Engine/Content/EngineMaterials/Substrate/Glints2/dict_0006_0039.uasset" 7136
"../../../Engine/Content/EngineMaterials/Substrate/Glints2/dict_0006_0052.uasset" 7137
"../../../Engine/Content/EngineMaterials/Substrate/Glints2/dict_0006_0028.uasset" 7138
"../../../Engine/Content/EngineMaterials/Substrate/Glints2/dict_0006_0035.uasset" 7139
"../../../Engine/Content/EngineMaterials/Substrate/Glints2/dict_0006_0046.uasset" 7140
"../../../Engine/Content/EngineMaterials/Substrate/Glints2/dict_0006_0027.uasset" 7141
"../../../Engine/Content/EngineMaterials/Substrate/Glints2/dict_0006_0033.uasset" 7142
"../../../Engine/Content/EngineMaterials/Substrate/Glints2/dict_0006_0034.uasset" 7143
"../../../Engine/Content/EngineMaterials/Substrate/Glints2/dict_0006_0049.uasset" 7144
"../../../Engine/Content/EngineMaterials/Substrate/Glints2/dict_0006_0051.uasset" 7145
"../../../Engine/Content/EngineMaterials/Substrate/Glints2/dict_0006_0031.uasset" 7146
"../../../Engine/Content/EngineMaterials/Substrate/Glints2/dict_0006_0047.uasset" 7147
"../../../Engine/Content/EngineMaterials/Substrate/Glints2/dict_0006_0023.uasset" 7148
"../../../Engine/Content/EngineMaterials/Substrate/Glints2/dict_0006_0042.uasset" 7149
"../../../Engine/Content/EngineMaterials/Substrate/Glints2/dict_0006_0030.uasset" 7150
"../../../Engine/Content/EngineMaterials/Substrate/Glints2/dict_0006_0038.uasset" 7151
"../../../Engine/Content/EngineMaterials/Substrate/Glints2/dict_0006_0048.uasset" 7152
"../../../Engine/Content/EngineMaterials/Substrate/Glints2/dict_0006_0032.uasset" 7153
"../../../Engine/Content/EngineMaterials/Substrate/Glints2/dict_0006_0025.uasset" 7154
"../../../Engine/Content/EngineMaterials/Substrate/Glints2/dict_0006_0029.uasset" 7155
"../../../Engine/Content/EngineMaterials/Substrate/Glints2/dict_0006_0040.uasset" 7156
"../../../Engine/Content/EngineMaterials/Substrate/Glints2/dict_0006_0026.uasset" 7157
"/Engine/EngineMaterials/Substrate/Glints2/dict_0006_0023" 7158
"../../../Engine/Content/EngineMaterials/Substrate/Glints2/dict_0006_0022.uasset" 7159
"/Engine/EngineMaterials/Substrate/Glints2/dict_0006_0024" 7160
"/Engine/EngineMaterials/Substrate/Glints2/dict_0006_0025" 7161
"/Engine/EngineMaterials/Substrate/Glints2/dict_0006_0026" 7162
"/Engine/EngineMaterials/Substrate/Glints2/dict_0006_0027" 7163
"/Engine/EngineMaterials/Substrate/Glints2/dict_0006_0028" 7164
"../../../Engine/Content/EngineMaterials/Substrate/Glints2/dict_0006_0021.uasset" 7165
"/Engine/EngineMaterials/Substrate/Glints2/dict_0006_0029" 7166
"/Engine/EngineMaterials/Substrate/Glints2/dict_0006_0030" 7167
"/Engine/EngineMaterials/Substrate/Glints2/dict_0006_0031" 7168
"/Engine/EngineMaterials/Substrate/Glints2/dict_0006_0032" 7169
"/Engine/EngineMaterials/Substrate/Glints2/dict_0006_0033" 7170
"/Engine/EngineMaterials/Substrate/Glints2/dict_0006_0034" 7171
"/Engine/EngineMaterials/Substrate/Glints2/dict_0006_0035" 7172
"/Engine/EngineMaterials/Substrate/Glints2/dict_0006_0036" 7173
"/Engine/EngineMaterials/Substrate/Glints2/dict_0006_0037" 7174
"/Engine/EngineMaterials/Substrate/Glints2/dict_0006_0038" 7175
"/Engine/EngineMaterials/Substrate/Glints2/dict_0006_0039" 7176
"/Engine/EngineMaterials/Substrate/Glints2/dict_0006_0040" 7177
"/Engine/EngineMaterials/Substrate/Glints2/dict_0006_0041" 7178
"/Engine/EngineMaterials/Substrate/Glints2/dict_0006_0042" 7179
"/Engine/EngineMaterials/Substrate/Glints2/dict_0006_0043" 7180
"/Engine/EngineMaterials/Substrate/Glints2/dict_0006_0044" 7181
"/Engine/EngineMaterials/Substrate/Glints2/dict_0006_0045" 7182
"/Engine/EngineMaterials/Substrate/Glints2/dict_0006_0046" 7183
"/Engine/EngineMaterials/Substrate/Glints2/dict_0006_0047" 7184
"/Engine/EngineMaterials/Substrate/Glints2/dict_0006_0048" 7185
"/Engine/EngineMaterials/Substrate/Glints2/dict_0006_0049" 7186
"/Engine/EngineMaterials/Substrate/Glints2/dict_0006_0050" 7187
"/Engine/EngineMaterials/Substrate/Glints2/dict_0006_0051" 7188
"/Engine/EngineMaterials/Substrate/Glints2/dict_0006_0052" 7189
"/Engine/EngineMaterials/Substrate/Glints2/dict_0006_0021" 7190
"/Engine/EngineMaterials/Substrate/Glints2/dict_0006_0022" 7191
"../../../Engine/Content/EngineMaterials/Substrate/Glints2/dict_0006_0013.uasset" 7192
"../../../Engine/Content/EngineMaterials/Substrate/Glints2/dict_0006_0007.uasset" 7193
"../../../Engine/Content/EngineMaterials/Substrate/Glints2/dict_0005_0247.uasset" 7194
"../../../Engine/Content/EngineMaterials/Substrate/Glints2/dict_0006_0010.uasset" 7195
"../../../Engine/Content/EngineMaterials/Substrate/Glints2/dict_0006_0003.uasset" 7196
"../../../Engine/Content/EngineMaterials/Substrate/Glints2/dict_0005_0255.uasset" 7197
"../../../Engine/Content/EngineMaterials/Substrate/Glints2/dict_0005_0250.uasset" 7198
"../../../Engine/Content/EngineMaterials/Substrate/Glints2/dict_0006_0016.uasset" 7199
"../../../Engine/Content/EngineMaterials/Substrate/Glints2/dict_0005_0254.uasset" 7200
"../../../Engine/Content/EngineMaterials/Substrate/Glints2/dict_0006_0019.uasset" 7201
"../../../Engine/Content/EngineMaterials/Substrate/Glints2/dict_0006_0012.uasset" 7202
"../../../Engine/Content/EngineMaterials/Substrate/Glints2/dict_0005_0253.uasset" 7203
"../../../Engine/Content/EngineMaterials/Substrate/Glints2/dict_0006_0006.uasset" 7204
"../../../Engine/Content/EngineMaterials/Substrate/Glints2/dict_0006_0017.uasset" 7205
"../../../Engine/Content/EngineMaterials/Substrate/Glints2/dict_0006_0001.uasset" 7206
"../../../Engine/Content/EngineMaterials/Substrate/Glints2/dict_0006_0018.uasset" 7207
"../../../Engine/Content/EngineMaterials/Substrate/Glints2/dict_0006_0002.uasset" 7208
"../../../Engine/Content/EngineMaterials/Substrate/Glints2/dict_0006_0015.uasset" 7209
"../../../Engine/Content/EngineMaterials/Substrate/Glints2/dict_0005_0249.uasset" 7210
"../../../Engine/Content/EngineMaterials/Substrate/Glints2/dict_0006_0009.uasset" 7211
"../../../Engine/Content/EngineMaterials/Substrate/Glints2/dict_0005_0252.uasset" 7212
"../../../Engine/Content/EngineMaterials/Substrate/Glints2/dict_0006_0000.uasset" 7213
"../../../Engine/Content/EngineMaterials/Substrate/Glints2/dict_0006_0014.uasset" 7214
"../../../Engine/Content/EngineMaterials/Substrate/Glints2/dict_0006_0008.uasset" 7215
"../../../Engine/Content/EngineMaterials/Substrate/Glints2/dict_0006_0011.uasset" 7216
"../../../Engine/Content/EngineMaterials/Substrate/Glints2/dict_0006_0020.uasset" 7217
"../../../Engine/Content/EngineMaterials/Substrate/Glints2/dict_0006_0005.uasset" 7218
"../../../Engine/Content/EngineMaterials/Substrate/Glints2/dict_0005_0248.uasset" 7219
"../../../Engine/Content/EngineMaterials/Substrate/Glints2/dict_0006_0004.uasset" 7220
"../../../Engine/Content/EngineMaterials/Substrate/Glints2/dict_0005_0251.uasset" 7221
"../../../Engine/Content/EngineMaterials/Substrate/Glints2/dict_0005_0245.uasset" 7222
"../../../Engine/Content/EngineMaterials/Substrate/Glints2/dict_0005_0246.uasset" 7223
"/Engine/EngineMaterials/Substrate/Glints2/dict_0005_0245" 7224
"/Engine/EngineMaterials/Substrate/Glints2/dict_0005_0246" 7225
"/Engine/EngineMaterials/Substrate/Glints2/dict_0005_0247" 7226
"/Engine/EngineMaterials/Substrate/Glints2/dict_0005_0248" 7227
"/Engine/EngineMaterials/Substrate/Glints2/dict_0005_0249" 7228
"/Engine/EngineMaterials/Substrate/Glints2/dict_0005_0250" 7229
"/Engine/EngineMaterials/Substrate/Glints2/dict_0005_0251" 7230
"/Engine/EngineMaterials/Substrate/Glints2/dict_0005_0252" 7231
"/Engine/EngineMaterials/Substrate/Glints2/dict_0005_0253" 7232
"/Engine/EngineMaterials/Substrate/Glints2/dict_0005_0254" 7233
"/Engine/EngineMaterials/Substrate/Glints2/dict_0005_0255" 7234
"/Engine/EngineMaterials/Substrate/Glints2/dict_0006_0000" 7235
"/Engine/EngineMaterials/Substrate/Glints2/dict_0006_0001" 7236
"/Engine/EngineMaterials/Substrate/Glints2/dict_0006_0002" 7237
"/Engine/EngineMaterials/Substrate/Glints2/dict_0006_0003" 7238
"/Engine/EngineMaterials/Substrate/Glints2/dict_0006_0004" 7239
"/Engine/EngineMaterials/Substrate/Glints2/dict_0006_0005" 7240
"/Engine/EngineMaterials/Substrate/Glints2/dict_0006_0006" 7241
"/Engine/EngineMaterials/Substrate/Glints2/dict_0006_0007" 7242
"/Engine/EngineMaterials/Substrate/Glints2/dict_0006_0008" 7243
"/Engine/EngineMaterials/Substrate/Glints2/dict_0006_0009" 7244
"/Engine/EngineMaterials/Substrate/Glints2/dict_0006_0010" 7245
"/Engine/EngineMaterials/Substrate/Glints2/dict_0006_0011" 7246
"/Engine/EngineMaterials/Substrate/Glints2/dict_0006_0012" 7247
"/Engine/EngineMaterials/Substrate/Glints2/dict_0006_0013" 7248
"/Engine/EngineMaterials/Substrate/Glints2/dict_0006_0014" 7249
"/Engine/EngineMaterials/Substrate/Glints2/dict_0006_0015" 7250
"/Engine/EngineMaterials/Substrate/Glints2/dict_0006_0016" 7251
"/Engine/EngineMaterials/Substrate/Glints2/dict_0006_0017" 7252
"/Engine/EngineMaterials/Substrate/Glints2/dict_0006_0018" 7253
"/Engine/EngineMaterials/Substrate/Glints2/dict_0006_0019" 7254
"/Engine/EngineMaterials/Substrate/Glints2/dict_0006_0020" 7255
"../../../Engine/Content/EngineMaterials/Substrate/Glints2/dict_0005_0237.uasset" 7256
"../../../Engine/Content/EngineMaterials/Substrate/Glints2/dict_0005_0243.uasset" 7257
"../../../Engine/Content/EngineMaterials/Substrate/Glints2/dict_0005_0228.uasset" 7258
"../../../Engine/Content/EngineMaterials/Substrate/Glints2/dict_0005_0235.uasset" 7259
"../../../Engine/Content/EngineMaterials/Substrate/Glints2/dict_0005_0241.uasset" 7260
"../../../Engine/Content/EngineMaterials/Substrate/Glints2/dict_0005_0232.uasset" 7261
"../../../Engine/Content/EngineMaterials/Substrate/Glints2/dict_0005_0238.uasset" 7262
"../../../Engine/Content/EngineMaterials/Substrate/Glints2/dict_0005_0240.uasset" 7263
"../../../Engine/Content/EngineMaterials/Substrate/Glints2/dict_0005_0231.uasset" 7264
"../../../Engine/Content/EngineMaterials/Substrate/Glints2/dict_0005_0242.uasset" 7265
"../../../Engine/Content/EngineMaterials/Substrate/Glints2/dict_0005_0227.uasset" 7266
"../../../Engine/Content/EngineMaterials/Substrate/Glints2/dict_0005_0230.uasset" 7267
"../../../Engine/Content/EngineMaterials/Substrate/Glints2/dict_0005_0223.uasset" 7268
"../../../Engine/Content/EngineMaterials/Substrate/Glints2/dict_0005_0244.uasset" 7269
"../../../Engine/Content/EngineMaterials/Substrate/Glints2/dict_0005_0215.uasset" 7270
"../../../Engine/Content/EngineMaterials/Substrate/Glints2/dict_0005_0219.uasset" 7271
"../../../Engine/Content/EngineMaterials/Substrate/Glints2/dict_0005_0222.uasset" 7272
"../../../Engine/Content/EngineMaterials/Substrate/Glints2/dict_0005_0216.uasset" 7273
"../../../Engine/Content/EngineMaterials/Substrate/Glints2/dict_0005_0225.uasset" 7274
"../../../Engine/Content/EngineMaterials/Substrate/Glints2/dict_0005_0233.uasset" 7275
"../../../Engine/Content/EngineMaterials/Substrate/Glints2/dict_0005_0217.uasset" 7276
"../../../Engine/Content/EngineMaterials/Substrate/Glints2/dict_0005_0226.uasset" 7277
"../../../Engine/Content/EngineMaterials/Substrate/Glints2/dict_0005_0218.uasset" 7278
"../../../Engine/Content/EngineMaterials/Substrate/Glints2/dict_0005_0239.uasset" 7279
"../../../Engine/Content/EngineMaterials/Substrate/Glints2/dict_0005_0234.uasset" 7280
"../../../Engine/Content/EngineMaterials/Substrate/Glints2/dict_0005_0224.uasset" 7281
"../../../Engine/Content/EngineMaterials/Substrate/Glints2/dict_0005_0236.uasset" 7282
"../../../Engine/Content/EngineMaterials/Substrate/Glints2/dict_0005_0229.uasset" 7283
"../../../Engine/Content/EngineMaterials/Substrate/Glints2/dict_0005_0220.uasset" 7284
"../../../Engine/Content/EngineMaterials/Substrate/Glints2/dict_0005_0221.uasset" 7285
"../../../Engine/Content/EngineMaterials/Substrate/Glints2/dict_0005_0213.uasset" 7286
"/Engine/EngineMaterials/Substrate/Glints2/dict_0005_0213" 7287
"../../../Engine/Content/EngineMaterials/Substrate/Glints2/dict_0005_0214.uasset" 7288
"/Engine/EngineMaterials/Substrate/Glints2/dict_0005_0215" 7289
"/Engine/EngineMaterials/Substrate/Glints2/dict_0005_0216" 7290
"/Engine/EngineMaterials/Substrate/Glints2/dict_0005_0217" 7291
"/Engine/EngineMaterials/Substrate/Glints2/dict_0005_0218" 7292
"/Engine/EngineMaterials/Substrate/Glints2/dict_0005_0219" 7293
"/Engine/EngineMaterials/Substrate/Glints2/dict_0005_0220" 7294
"/Engine/EngineMaterials/Substrate/Glints2/dict_0005_0221" 7295
"/Engine/EngineMaterials/Substrate/Glints2/dict_0005_0222" 7296
"/Engine/EngineMaterials/Substrate/Glints2/dict_0005_0223" 7297
"/Engine/EngineMaterials/Substrate/Glints2/dict_0005_0224" 7298
"/Engine/EngineMaterials/Substrate/Glints2/dict_0005_0225" 7299
"/Engine/EngineMaterials/Substrate/Glints2/dict_0005_0226" 7300
"/Engine/EngineMaterials/Substrate/Glints2/dict_0005_0227" 7301
"/Engine/EngineMaterials/Substrate/Glints2/dict_0005_0228" 7302
"/Engine/EngineMaterials/Substrate/Glints2/dict_0005_0229" 7303
"/Engine/EngineMaterials/Substrate/Glints2/dict_0005_0230" 7304
"/Engine/EngineMaterials/Substrate/Glints2/dict_0005_0231" 7305
"/Engine/EngineMaterials/Substrate/Glints2/dict_0005_0232" 7306
"/Engine/EngineMaterials/Substrate/Glints2/dict_0005_0233" 7307
"/Engine/EngineMaterials/Substrate/Glints2/dict_0005_0234" 7308
"/Engine/EngineMaterials/Substrate/Glints2/dict_0005_0235" 7309
"/Engine/EngineMaterials/Substrate/Glints2/dict_0005_0236" 7310
"/Engine/EngineMaterials/Substrate/Glints2/dict_0005_0237" 7311
"/Engine/EngineMaterials/Substrate/Glints2/dict_0005_0238" 7312
"/Engine/EngineMaterials/Substrate/Glints2/dict_0005_0239" 7313
"/Engine/EngineMaterials/Substrate/Glints2/dict_0005_0240" 7314
"/Engine/EngineMaterials/Substrate/Glints2/dict_0005_0241" 7315
"/Engine/EngineMaterials/Substrate/Glints2/dict_0005_0242" 7316
"/Engine/EngineMaterials/Substrate/Glints2/dict_0005_0243" 7317
"/Engine/EngineMaterials/Substrate/Glints2/dict_0005_0244" 7318
"/Engine/EngineMaterials/Substrate/Glints2/dict_0005_0214" 7319
"../../../Engine/Content/EngineMaterials/Substrate/Glints2/dict_0005_0200.uasset" 7320
"../../../Engine/Content/EngineMaterials/Substrate/Glints2/dict_0005_0209.uasset" 7321
"../../../Engine/Content/EngineMaterials/Substrate/Glints2/dict_0005_0198.uasset" 7322
"../../../Engine/Content/EngineMaterials/Substrate/Glints2/dict_0005_0207.uasset" 7323
"../../../Engine/Content/EngineMaterials/Substrate/Glints2/dict_0005_0203.uasset" 7324
"../../../Engine/Content/EngineMaterials/Substrate/Glints2/dict_0005_0205.uasset" 7325
"../../../Engine/Content/EngineMaterials/Substrate/Glints2/dict_0005_0210.uasset" 7326
"../../../Engine/Content/EngineMaterials/Substrate/Glints2/dict_0005_0190.uasset" 7327
"../../../Engine/Content/EngineMaterials/Substrate/Glints2/dict_0005_0192.uasset" 7328
"../../../Engine/Content/EngineMaterials/Substrate/Glints2/dict_0005_0194.uasset" 7329
"../../../Engine/Content/EngineMaterials/Substrate/Glints2/dict_0005_0202.uasset" 7330
"../../../Engine/Content/EngineMaterials/Substrate/Glints2/dict_0005_0212.uasset" 7331
"../../../Engine/Content/EngineMaterials/Substrate/Glints2/dict_0005_0188.uasset" 7332
"../../../Engine/Content/EngineMaterials/Substrate/Glints2/dict_0005_0187.uasset" 7333
"../../../Engine/Content/EngineMaterials/Substrate/Glints2/dict_0005_0183.uasset" 7334
"../../../Engine/Content/EngineMaterials/Substrate/Glints2/dict_0005_0211.uasset" 7335
"../../../Engine/Content/EngineMaterials/Substrate/Glints2/dict_0005_0206.uasset" 7336
"../../../Engine/Content/EngineMaterials/Substrate/Glints2/dict_0005_0208.uasset" 7337
"../../../Engine/Content/EngineMaterials/Substrate/Glints2/dict_0005_0184.uasset" 7338
"../../../Engine/Content/EngineMaterials/Substrate/Glints2/dict_0005_0195.uasset" 7339
"../../../Engine/Content/EngineMaterials/Substrate/Glints2/dict_0005_0186.uasset" 7340
"../../../Engine/Content/EngineMaterials/Substrate/Glints2/dict_0005_0189.uasset" 7341
"../../../Engine/Content/EngineMaterials/Substrate/Glints2/dict_0005_0191.uasset" 7342
"../../../Engine/Content/EngineMaterials/Substrate/Glints2/dict_0005_0201.uasset" 7343
"../../../Engine/Content/EngineMaterials/Substrate/Glints2/dict_0005_0193.uasset" 7344
"../../../Engine/Content/EngineMaterials/Substrate/Glints2/dict_0005_0197.uasset" 7345
"../../../Engine/Content/EngineMaterials/Substrate/Glints2/dict_0005_0204.uasset" 7346
"../../../Engine/Content/EngineMaterials/Substrate/Glints2/dict_0005_0196.uasset" 7347
"../../../Engine/Content/EngineMaterials/Substrate/Glints2/dict_0005_0185.uasset" 7348
"../../../Engine/Content/EngineMaterials/Substrate/Glints2/dict_0005_0199.uasset" 7349
"../../../Engine/Content/EngineMaterials/Substrate/Glints2/dict_0005_0182.uasset" 7350
"/Engine/EngineMaterials/Substrate/Glints2/dict_0005_0182" 7351
"../../../Engine/Content/EngineMaterials/Substrate/Glints2/dict_0005_0181.uasset" 7352
"/Engine/EngineMaterials/Substrate/Glints2/dict_0005_0183" 7353
"/Engine/EngineMaterials/Substrate/Glints2/dict_0005_0184" 7354
"/Engine/EngineMaterials/Substrate/Glints2/dict_0005_0185" 7355
"/Engine/EngineMaterials/Substrate/Glints2/dict_0005_0186" 7356
"/Engine/EngineMaterials/Substrate/Glints2/dict_0005_0187" 7357
"/Engine/EngineMaterials/Substrate/Glints2/dict_0005_0188" 7358
"/Engine/EngineMaterials/Substrate/Glints2/dict_0005_0189" 7359
"/Engine/EngineMaterials/Substrate/Glints2/dict_0005_0190" 7360
"/Engine/EngineMaterials/Substrate/Glints2/dict_0005_0191" 7361
"/Engine/EngineMaterials/Substrate/Glints2/dict_0005_0192" 7362
"/Engine/EngineMaterials/Substrate/Glints2/dict_0005_0193" 7363
"/Engine/EngineMaterials/Substrate/Glints2/dict_0005_0194" 7364
"/Engine/EngineMaterials/Substrate/Glints2/dict_0005_0195" 7365
"/Engine/EngineMaterials/Substrate/Glints2/dict_0005_0196" 7366
"/Engine/EngineMaterials/Substrate/Glints2/dict_0005_0197" 7367
"/Engine/EngineMaterials/Substrate/Glints2/dict_0005_0198" 7368
"/Engine/EngineMaterials/Substrate/Glints2/dict_0005_0199" 7369
"/Engine/EngineMaterials/Substrate/Glints2/dict_0005_0200" 7370
"/Engine/EngineMaterials/Substrate/Glints2/dict_0005_0201" 7371
"/Engine/EngineMaterials/Substrate/Glints2/dict_0005_0202" 7372
"/Engine/EngineMaterials/Substrate/Glints2/dict_0005_0203" 7373
"/Engine/EngineMaterials/Substrate/Glints2/dict_0005_0204" 7374
"/Engine/EngineMaterials/Substrate/Glints2/dict_0005_0205" 7375
"/Engine/EngineMaterials/Substrate/Glints2/dict_0005_0206" 7376
"/Engine/EngineMaterials/Substrate/Glints2/dict_0005_0207" 7377
"/Engine/EngineMaterials/Substrate/Glints2/dict_0005_0208" 7378
"/Engine/EngineMaterials/Substrate/Glints2/dict_0005_0209" 7379
"/Engine/EngineMaterials/Substrate/Glints2/dict_0005_0210" 7380
"/Engine/EngineMaterials/Substrate/Glints2/dict_0005_0211" 7381
"/Engine/EngineMaterials/Substrate/Glints2/dict_0005_0212" 7382
"/Engine/EngineMaterials/Substrate/Glints2/dict_0005_0181" 7383
"../../../Engine/Content/EngineMaterials/Substrate/Glints2/dict_0005_0170.uasset" 7384
"../../../Engine/Content/EngineMaterials/Substrate/Glints2/dict_0005_0175.uasset" 7385
"../../../Engine/Content/EngineMaterials/Substrate/Glints2/dict_0005_0173.uasset" 7386
"../../../Engine/Content/EngineMaterials/Substrate/Glints2/dict_0005_0160.uasset" 7387
"../../../Engine/Content/EngineMaterials/Substrate/Glints2/dict_0005_0169.uasset" 7388
"../../../Engine/Content/EngineMaterials/Substrate/Glints2/dict_0005_0162.uasset" 7389
"../../../Engine/Content/EngineMaterials/Substrate/Glints2/dict_0005_0171.uasset" 7390
"../../../Engine/Content/EngineMaterials/Substrate/Glints2/dict_0005_0180.uasset" 7391
"../../../Engine/Content/EngineMaterials/Substrate/Glints2/dict_0005_0179.uasset" 7392
"../../../Engine/Content/EngineMaterials/Substrate/Glints2/dict_0005_0163.uasset" 7393
"../../../Engine/Content/EngineMaterials/Substrate/Glints2/dict_0005_0159.uasset" 7394
"../../../Engine/Content/EngineMaterials/Substrate/Glints2/dict_0005_0165.uasset" 7395
"../../../Engine/Content/EngineMaterials/Substrate/Glints2/dict_0005_0158.uasset" 7396
"../../../Engine/Content/EngineMaterials/Substrate/Glints2/dict_0005_0157.uasset" 7397
"../../../Engine/Content/EngineMaterials/Substrate/Glints2/dict_0005_0177.uasset" 7398
"../../../Engine/Content/EngineMaterials/Substrate/Glints2/dict_0005_0153.uasset" 7399
"../../../Engine/Content/EngineMaterials/Substrate/Glints2/dict_0005_0178.uasset" 7400
"../../../Engine/Content/EngineMaterials/Substrate/Glints2/dict_0005_0174.uasset" 7401
"../../../Engine/Content/EngineMaterials/Substrate/Glints2/dict_0005_0176.uasset" 7402
"../../../Engine/Content/EngineMaterials/Substrate/Glints2/dict_0005_0155.uasset" 7403
"../../../Engine/Content/EngineMaterials/Substrate/Glints2/dict_0005_0152.uasset" 7404
"../../../Engine/Content/EngineMaterials/Substrate/Glints2/dict_0005_0151.uasset" 7405
"../../../Engine/Content/EngineMaterials/Substrate/Glints2/dict_0005_0161.uasset" 7406
"../../../Engine/Content/EngineMaterials/Substrate/Glints2/dict_0005_0172.uasset" 7407
"../../../Engine/Content/EngineMaterials/Substrate/Glints2/dict_0005_0164.uasset" 7408
"../../../Engine/Content/EngineMaterials/Substrate/Glints2/dict_0005_0154.uasset" 7409
"../../../Engine/Content/EngineMaterials/Substrate/Glints2/dict_0005_0168.uasset" 7410
"../../../Engine/Content/EngineMaterials/Substrate/Glints2/dict_0005_0166.uasset" 7411
"../../../Engine/Content/EngineMaterials/Substrate/Glints2/dict_0005_0156.uasset" 7412
"../../../Engine/Content/EngineMaterials/Substrate/Glints2/dict_0005_0167.uasset" 7413
"../../../Engine/Content/EngineMaterials/Substrate/Glints2/dict_0005_0150.uasset" 7414
"../../../Engine/Content/EngineMaterials/Substrate/Glints2/dict_0005_0149.uasset" 7415
"/Engine/EngineMaterials/Substrate/Glints2/dict_0005_0151" 7416
"/Engine/EngineMaterials/Substrate/Glints2/dict_0005_0152" 7417
"/Engine/EngineMaterials/Substrate/Glints2/dict_0005_0153" 7418
"/Engine/EngineMaterials/Substrate/Glints2/dict_0005_0154" 7419
"/Engine/EngineMaterials/Substrate/Glints2/dict_0005_0155" 7420
"/Engine/EngineMaterials/Substrate/Glints2/dict_0005_0156" 7421
"/Engine/EngineMaterials/Substrate/Glints2/dict_0005_0157" 7422
"/Engine/EngineMaterials/Substrate/Glints2/dict_0005_0158" 7423
"/Engine/EngineMaterials/Substrate/Glints2/dict_0005_0159" 7424
"/Engine/EngineMaterials/Substrate/Glints2/dict_0005_0160" 7425
"/Engine/EngineMaterials/Substrate/Glints2/dict_0005_0161" 7426
"/Engine/EngineMaterials/Substrate/Glints2/dict_0005_0162" 7427
"/Engine/EngineMaterials/Substrate/Glints2/dict_0005_0163" 7428
"/Engine/EngineMaterials/Substrate/Glints2/dict_0005_0164" 7429
"/Engine/EngineMaterials/Substrate/Glints2/dict_0005_0165" 7430
"/Engine/EngineMaterials/Substrate/Glints2/dict_0005_0166" 7431
"/Engine/EngineMaterials/Substrate/Glints2/dict_0005_0167" 7432
"/Engine/EngineMaterials/Substrate/Glints2/dict_0005_0168" 7433
"/Engine/EngineMaterials/Substrate/Glints2/dict_0005_0169" 7434
"/Engine/EngineMaterials/Substrate/Glints2/dict_0005_0170" 7435
"/Engine/EngineMaterials/Substrate/Glints2/dict_0005_0171" 7436
"/Engine/EngineMaterials/Substrate/Glints2/dict_0005_0172" 7437
"/Engine/EngineMaterials/Substrate/Glints2/dict_0005_0173" 7438
"/Engine/EngineMaterials/Substrate/Glints2/dict_0005_0174" 7439
"/Engine/EngineMaterials/Substrate/Glints2/dict_0005_0175" 7440
"/Engine/EngineMaterials/Substrate/Glints2/dict_0005_0176" 7441
"/Engine/EngineMaterials/Substrate/Glints2/dict_0005_0177" 7442
"/Engine/EngineMaterials/Substrate/Glints2/dict_0005_0178" 7443
"/Engine/EngineMaterials/Substrate/Glints2/dict_0005_0179" 7444
"/Engine/EngineMaterials/Substrate/Glints2/dict_0005_0180" 7445
"/Engine/EngineMaterials/Substrate/Glints2/dict_0005_0150" 7446
"/Engine/EngineMaterials/Substrate/Glints2/dict_0005_0149" 7447
"../../../Engine/Content/EngineMaterials/Substrate/Glints2/dict_0005_0147.uasset" 7448
"../../../Engine/Content/EngineMaterials/Substrate/Glints2/dict_0005_0136.uasset" 7449
"../../../Engine/Content/EngineMaterials/Substrate/Glints2/dict_0005_0138.uasset" 7450
"../../../Engine/Content/EngineMaterials/Substrate/Glints2/dict_0005_0146.uasset" 7451
"../../../Engine/Content/EngineMaterials/Substrate/Glints2/dict_0005_0137.uasset" 7452
"../../../Engine/Content/EngineMaterials/Substrate/Glints2/dict_0005_0132.uasset" 7453
"../../../Engine/Content/EngineMaterials/Substrate/Glints2/dict_0005_0139.uasset" 7454
"../../../Engine/Content/EngineMaterials/Substrate/Glints2/dict_0005_0148.uasset" 7455
"../../../Engine/Content/EngineMaterials/Substrate/Glints2/dict_0005_0145.uasset" 7456
"../../../Engine/Content/EngineMaterials/Substrate/Glints2/dict_0005_0144.uasset" 7457
"../../../Engine/Content/EngineMaterials/Substrate/Glints2/dict_0005_0121.uasset" 7458
"../../../Engine/Content/EngineMaterials/Substrate/Glints2/dict_0005_0125.uasset" 7459
"../../../Engine/Content/EngineMaterials/Substrate/Glints2/dict_0005_0123.uasset" 7460
"../../../Engine/Content/EngineMaterials/Substrate/Glints2/dict_0005_0124.uasset" 7461
"../../../Engine/Content/EngineMaterials/Substrate/Glints2/dict_0005_0130.uasset" 7462
"../../../Engine/Content/EngineMaterials/Substrate/Glints2/dict_0005_0126.uasset" 7463
"../../../Engine/Content/EngineMaterials/Substrate/Glints2/dict_0005_0140.uasset" 7464
"../../../Engine/Content/EngineMaterials/Substrate/Glints2/dict_0005_0129.uasset" 7465
"../../../Engine/Content/EngineMaterials/Substrate/Glints2/dict_0005_0142.uasset" 7466
"../../../Engine/Content/EngineMaterials/Substrate/Glints2/dict_0005_0119.uasset" 7467
"../../../Engine/Content/EngineMaterials/Substrate/Glints2/dict_0005_0133.uasset" 7468
"../../../Engine/Content/EngineMaterials/Substrate/Glints2/dict_0005_0141.uasset" 7469
"../../../Engine/Content/EngineMaterials/Substrate/Glints2/dict_0005_0128.uasset" 7470
"../../../Engine/Content/EngineMaterials/Substrate/Glints2/dict_0005_0134.uasset" 7471
"../../../Engine/Content/EngineMaterials/Substrate/Glints2/dict_0005_0135.uasset" 7472
"../../../Engine/Content/EngineMaterials/Substrate/Glints2/dict_0005_0143.uasset" 7473
"../../../Engine/Content/EngineMaterials/Substrate/Glints2/dict_0005_0122.uasset" 7474
"../../../Engine/Content/EngineMaterials/Substrate/Glints2/dict_0005_0120.uasset" 7475
"../../../Engine/Content/EngineMaterials/Substrate/Glints2/dict_0005_0127.uasset" 7476
"../../../Engine/Content/EngineMaterials/Substrate/Glints2/dict_0005_0131.uasset" 7477
"../../../Engine/Content/EngineMaterials/Substrate/Glints2/dict_0005_0117.uasset" 7478
"../../../Engine/Content/EngineMaterials/Substrate/Glints2/dict_0005_0118.uasset" 7479
"/Engine/EngineMaterials/Substrate/Glints2/dict_0005_0117" 7480
"/Engine/EngineMaterials/Substrate/Glints2/dict_0005_0118" 7481
"/Engine/EngineMaterials/Substrate/Glints2/dict_0005_0119" 7482
"/Engine/EngineMaterials/Substrate/Glints2/dict_0005_0120" 7483
"/Engine/EngineMaterials/Substrate/Glints2/dict_0005_0121" 7484
"/Engine/EngineMaterials/Substrate/Glints2/dict_0005_0122" 7485
"/Engine/EngineMaterials/Substrate/Glints2/dict_0005_0123" 7486
"/Engine/EngineMaterials/Substrate/Glints2/dict_0005_0124" 7487
"/Engine/EngineMaterials/Substrate/Glints2/dict_0005_0125" 7488
"/Engine/EngineMaterials/Substrate/Glints2/dict_0005_0126" 7489
"/Engine/EngineMaterials/Substrate/Glints2/dict_0005_0127" 7490
"/Engine/EngineMaterials/Substrate/Glints2/dict_0005_0128" 7491
"/Engine/EngineMaterials/Substrate/Glints2/dict_0005_0129" 7492
"/Engine/EngineMaterials/Substrate/Glints2/dict_0005_0130" 7493
"/Engine/EngineMaterials/Substrate/Glints2/dict_0005_0131" 7494
"/Engine/EngineMaterials/Substrate/Glints2/dict_0005_0132" 7495
"/Engine/EngineMaterials/Substrate/Glints2/dict_0005_0133" 7496
"/Engine/EngineMaterials/Substrate/Glints2/dict_0005_0134" 7497
"/Engine/EngineMaterials/Substrate/Glints2/dict_0005_0135" 7498
"/Engine/EngineMaterials/Substrate/Glints2/dict_0005_0136" 7499
"/Engine/EngineMaterials/Substrate/Glints2/dict_0005_0137" 7500
"/Engine/EngineMaterials/Substrate/Glints2/dict_0005_0138" 7501
"/Engine/EngineMaterials/Substrate/Glints2/dict_0005_0139" 7502
"/Engine/EngineMaterials/Substrate/Glints2/dict_0005_0140" 7503
"/Engine/EngineMaterials/Substrate/Glints2/dict_0005_0141" 7504
"/Engine/EngineMaterials/Substrate/Glints2/dict_0005_0142" 7505
"/Engine/EngineMaterials/Substrate/Glints2/dict_0005_0143" 7506
"/Engine/EngineMaterials/Substrate/Glints2/dict_0005_0144" 7507
"/Engine/EngineMaterials/Substrate/Glints2/dict_0005_0145" 7508
"/Engine/EngineMaterials/Substrate/Glints2/dict_0005_0146" 7509
"/Engine/EngineMaterials/Substrate/Glints2/dict_0005_0147" 7510
"/Engine/EngineMaterials/Substrate/Glints2/dict_0005_0148" 7511
"../../../Engine/Content/EngineMaterials/Substrate/Glints2/dict_0005_0114.uasset" 7512
"../../../Engine/Content/EngineMaterials/Substrate/Glints2/dict_0005_0107.uasset" 7513
"../../../Engine/Content/EngineMaterials/Substrate/Glints2/dict_0005_0113.uasset" 7514
"../../../Engine/Content/EngineMaterials/Substrate/Glints2/dict_0005_0099.uasset" 7515
"../../../Engine/Content/EngineMaterials/Substrate/Glints2/dict_0005_0116.uasset" 7516
"../../../Engine/Content/EngineMaterials/Substrate/Glints2/dict_0005_0097.uasset" 7517
"../../../Engine/Content/EngineMaterials/Substrate/Glints2/dict_0005_0104.uasset" 7518
"../../../Engine/Content/EngineMaterials/Substrate/Glints2/dict_0005_0108.uasset" 7519
"../../../Engine/Content/EngineMaterials/Substrate/Glints2/dict_0005_0101.uasset" 7520
"../../../Engine/Content/EngineMaterials/Substrate/Glints2/dict_0005_0096.uasset" 7521
"../../../Engine/Content/EngineMaterials/Substrate/Glints2/dict_0005_0098.uasset" 7522
"../../../Engine/Content/EngineMaterials/Substrate/Glints2/dict_0005_0115.uasset" 7523
"../../../Engine/Content/EngineMaterials/Substrate/Glints2/dict_0005_0093.uasset" 7524
"../../../Engine/Content/EngineMaterials/Substrate/Glints2/dict_0005_0102.uasset" 7525
"../../../Engine/Content/EngineMaterials/Substrate/Glints2/dict_0005_0094.uasset" 7526
"../../../Engine/Content/EngineMaterials/Substrate/Glints2/dict_0005_0100.uasset" 7527
"../../../Engine/Content/EngineMaterials/Substrate/Glints2/dict_0005_0110.uasset" 7528
"../../../Engine/Content/EngineMaterials/Substrate/Glints2/dict_0005_0087.uasset" 7529
"../../../Engine/Content/EngineMaterials/Substrate/Glints2/dict_0005_0103.uasset" 7530
"../../../Engine/Content/EngineMaterials/Substrate/Glints2/dict_0005_0089.uasset" 7531
"../../../Engine/Content/EngineMaterials/Substrate/Glints2/dict_0005_0109.uasset" 7532
"../../../Engine/Content/EngineMaterials/Substrate/Glints2/dict_0005_0092.uasset" 7533
"../../../Engine/Content/EngineMaterials/Substrate/Glints2/dict_0005_0090.uasset" 7534
"../../../Engine/Content/EngineMaterials/Substrate/Glints2/dict_0005_0088.uasset" 7535
"../../../Engine/Content/EngineMaterials/Substrate/Glints2/dict_0005_0112.uasset" 7536
"../../../Engine/Content/EngineMaterials/Substrate/Glints2/dict_0005_0105.uasset" 7537
"../../../Engine/Content/EngineMaterials/Substrate/Glints2/dict_0005_0106.uasset" 7538
"../../../Engine/Content/EngineMaterials/Substrate/Glints2/dict_0005_0095.uasset" 7539
"../../../Engine/Content/EngineMaterials/Substrate/Glints2/dict_0005_0091.uasset" 7540
"../../../Engine/Content/EngineMaterials/Substrate/Glints2/dict_0005_0111.uasset" 7541
"../../../Engine/Content/EngineMaterials/Substrate/Glints2/dict_0005_0086.uasset" 7542
"../../../Engine/Content/EngineMaterials/Substrate/Glints2/dict_0005_0085.uasset" 7543
"/Engine/EngineMaterials/Substrate/Glints2/dict_0005_0086" 7544
"/Engine/EngineMaterials/Substrate/Glints2/dict_0005_0087" 7545
"/Engine/EngineMaterials/Substrate/Glints2/dict_0005_0088" 7546
"/Engine/EngineMaterials/Substrate/Glints2/dict_0005_0089" 7547
"/Engine/EngineMaterials/Substrate/Glints2/dict_0005_0090" 7548
"/Engine/EngineMaterials/Substrate/Glints2/dict_0005_0091" 7549
"/Engine/EngineMaterials/Substrate/Glints2/dict_0005_0092" 7550
"/Engine/EngineMaterials/Substrate/Glints2/dict_0005_0093" 7551
"/Engine/EngineMaterials/Substrate/Glints2/dict_0005_0094" 7552
"/Engine/EngineMaterials/Substrate/Glints2/dict_0005_0095" 7553
"/Engine/EngineMaterials/Substrate/Glints2/dict_0005_0096" 7554
"/Engine/EngineMaterials/Substrate/Glints2/dict_0005_0097" 7555
"/Engine/EngineMaterials/Substrate/Glints2/dict_0005_0098" 7556
"/Engine/EngineMaterials/Substrate/Glints2/dict_0005_0099" 7557
"/Engine/EngineMaterials/Substrate/Glints2/dict_0005_0100" 7558
"/Engine/EngineMaterials/Substrate/Glints2/dict_0005_0101" 7559
"/Engine/EngineMaterials/Substrate/Glints2/dict_0005_0102" 7560
"/Engine/EngineMaterials/Substrate/Glints2/dict_0005_0103" 7561
"/Engine/EngineMaterials/Substrate/Glints2/dict_0005_0104" 7562
"/Engine/EngineMaterials/Substrate/Glints2/dict_0005_0105" 7563
"/Engine/EngineMaterials/Substrate/Glints2/dict_0005_0106" 7564
"/Engine/EngineMaterials/Substrate/Glints2/dict_0005_0107" 7565
"/Engine/EngineMaterials/Substrate/Glints2/dict_0005_0108" 7566
"/Engine/EngineMaterials/Substrate/Glints2/dict_0005_0109" 7567
"/Engine/EngineMaterials/Substrate/Glints2/dict_0005_0110" 7568
"/Engine/EngineMaterials/Substrate/Glints2/dict_0005_0111" 7569
"/Engine/EngineMaterials/Substrate/Glints2/dict_0005_0112" 7570
"/Engine/EngineMaterials/Substrate/Glints2/dict_0005_0113" 7571
"/Engine/EngineMaterials/Substrate/Glints2/dict_0005_0114" 7572
"/Engine/EngineMaterials/Substrate/Glints2/dict_0005_0115" 7573
"/Engine/EngineMaterials/Substrate/Glints2/dict_0005_0116" 7574
"/Engine/EngineMaterials/Substrate/Glints2/dict_0005_0085" 7575
"../../../Engine/Content/EngineMaterials/Substrate/Glints2/dict_0005_0071.uasset" 7576
"../../../Engine/Content/EngineMaterials/Substrate/Glints2/dict_0005_0065.uasset" 7577
"../../../Engine/Content/EngineMaterials/Substrate/Glints2/dict_0005_0084.uasset" 7578
"../../../Engine/Content/EngineMaterials/Substrate/Glints2/dict_0005_0073.uasset" 7579
"../../../Engine/Content/EngineMaterials/Substrate/Glints2/dict_0005_0082.uasset" 7580
"../../../Engine/Content/EngineMaterials/Substrate/Glints2/dict_0005_0081.uasset" 7581
"../../../Engine/Content/EngineMaterials/Substrate/Glints2/dict_0005_0068.uasset" 7582
"../../../Engine/Content/EngineMaterials/Substrate/Glints2/dict_0005_0074.uasset" 7583
"../../../Engine/Content/EngineMaterials/Substrate/Glints2/dict_0005_0080.uasset" 7584
"../../../Engine/Content/EngineMaterials/Substrate/Glints2/dict_0005_0057.uasset" 7585
"../../../Engine/Content/EngineMaterials/Substrate/Glints2/dict_0005_0058.uasset" 7586
"../../../Engine/Content/EngineMaterials/Substrate/Glints2/dict_0005_0072.uasset" 7587
"../../../Engine/Content/EngineMaterials/Substrate/Glints2/dict_0005_0063.uasset" 7588
"../../../Engine/Content/EngineMaterials/Substrate/Glints2/dict_0005_0060.uasset" 7589
"../../../Engine/Content/EngineMaterials/Substrate/Glints2/dict_0005_0062.uasset" 7590
"../../../Engine/Content/EngineMaterials/Substrate/Glints2/dict_0005_0077.uasset" 7591
"../../../Engine/Content/EngineMaterials/Substrate/Glints2/dict_0005_0069.uasset" 7592
"../../../Engine/Content/EngineMaterials/Substrate/Glints2/dict_0005_0056.uasset" 7593
"../../../Engine/Content/EngineMaterials/Substrate/Glints2/dict_0005_0064.uasset" 7594
"../../../Engine/Content/EngineMaterials/Substrate/Glints2/dict_0005_0079.uasset" 7595
"../../../Engine/Content/EngineMaterials/Substrate/Glints2/dict_0005_0067.uasset" 7596
"../../../Engine/Content/EngineMaterials/Substrate/Glints2/dict_0005_0083.uasset" 7597
"../../../Engine/Content/EngineMaterials/Substrate/Glints2/dict_0005_0055.uasset" 7598
"../../../Engine/Content/EngineMaterials/Substrate/Glints2/dict_0005_0075.uasset" 7599
"../../../Engine/Content/EngineMaterials/Substrate/Glints2/dict_0005_0076.uasset" 7600
"../../../Engine/Content/EngineMaterials/Substrate/Glints2/dict_0005_0059.uasset" 7601
"../../../Engine/Content/EngineMaterials/Substrate/Glints2/dict_0005_0066.uasset" 7602
"../../../Engine/Content/EngineMaterials/Substrate/Glints2/dict_0005_0070.uasset" 7603
"../../../Engine/Content/EngineMaterials/Substrate/Glints2/dict_0005_0078.uasset" 7604
"../../../Engine/Content/EngineMaterials/Substrate/Glints2/dict_0005_0061.uasset" 7605
"/Engine/EngineMaterials/Substrate/Glints2/dict_0005_0055" 7606
"../../../Engine/Content/EngineMaterials/Substrate/Glints2/dict_0005_0054.uasset" 7607
"/Engine/EngineMaterials/Substrate/Glints2/dict_0005_0056" 7608
"../../../Engine/Content/EngineMaterials/Substrate/Glints2/dict_0005_0053.uasset" 7609
"/Engine/EngineMaterials/Substrate/Glints2/dict_0005_0057" 7610
"/Engine/EngineMaterials/Substrate/Glints2/dict_0005_0058" 7611
"/Engine/EngineMaterials/Substrate/Glints2/dict_0005_0059" 7612
"/Engine/EngineMaterials/Substrate/Glints2/dict_0005_0060" 7613
"/Engine/EngineMaterials/Substrate/Glints2/dict_0005_0061" 7614
"/Engine/EngineMaterials/Substrate/Glints2/dict_0005_0062" 7615
"/Engine/EngineMaterials/Substrate/Glints2/dict_0005_0063" 7616
"/Engine/EngineMaterials/Substrate/Glints2/dict_0005_0064" 7617
"/Engine/EngineMaterials/Substrate/Glints2/dict_0005_0065" 7618
"/Engine/EngineMaterials/Substrate/Glints2/dict_0005_0066" 7619
"/Engine/EngineMaterials/Substrate/Glints2/dict_0005_0067" 7620
"/Engine/EngineMaterials/Substrate/Glints2/dict_0005_0068" 7621
"/Engine/EngineMaterials/Substrate/Glints2/dict_0005_0069" 7622
"/Engine/EngineMaterials/Substrate/Glints2/dict_0005_0070" 7623
"/Engine/EngineMaterials/Substrate/Glints2/dict_0005_0071" 7624
"/Engine/EngineMaterials/Substrate/Glints2/dict_0005_0072" 7625
"/Engine/EngineMaterials/Substrate/Glints2/dict_0005_0073" 7626
"/Engine/EngineMaterials/Substrate/Glints2/dict_0005_0074" 7627
"/Engine/EngineMaterials/Substrate/Glints2/dict_0005_0075" 7628
"/Engine/EngineMaterials/Substrate/Glints2/dict_0005_0076" 7629
"/Engine/EngineMaterials/Substrate/Glints2/dict_0005_0077" 7630
"/Engine/EngineMaterials/Substrate/Glints2/dict_0005_0078" 7631
"/Engine/EngineMaterials/Substrate/Glints2/dict_0005_0079" 7632
"/Engine/EngineMaterials/Substrate/Glints2/dict_0005_0080" 7633
"/Engine/EngineMaterials/Substrate/Glints2/dict_0005_0081" 7634
"/Engine/EngineMaterials/Substrate/Glints2/dict_0005_0082" 7635
"/Engine/EngineMaterials/Substrate/Glints2/dict_0005_0083" 7636
"/Engine/EngineMaterials/Substrate/Glints2/dict_0005_0084" 7637
"/Engine/EngineMaterials/Substrate/Glints2/dict_0005_0053" 7638
"/Engine/EngineMaterials/Substrate/Glints2/dict_0005_0054" 7639
"../../../Engine/Content/EngineMaterials/Substrate/Glints2/dict_0005_0046.uasset" 7640
"../../../Engine/Content/EngineMaterials/Substrate/Glints2/dict_0005_0042.uasset" 7641
"../../../Engine/Content/EngineMaterials/Substrate/Glints2/dict_0005_0048.uasset" 7642
"../../../Engine/Content/EngineMaterials/Substrate/Glints2/dict_0005_0045.uasset" 7643
"../../../Engine/Content/EngineMaterials/Substrate/Glints2/dict_0005_0037.uasset" 7644
"../../../Engine/Content/EngineMaterials/Substrate/Glints2/dict_0005_0050.uasset" 7645
"../../../Engine/Content/EngineMaterials/Substrate/Glints2/dict_0005_0047.uasset" 7646
"../../../Engine/Content/EngineMaterials/Substrate/Glints2/dict_0005_0043.uasset" 7647
"../../../Engine/Content/EngineMaterials/Substrate/Glints2/dict_0005_0052.uasset" 7648
"../../../Engine/Content/EngineMaterials/Substrate/Glints2/dict_0005_0024.uasset" 7649
"../../../Engine/Content/EngineMaterials/Substrate/Glints2/dict_0005_0036.uasset" 7650
"../../../Engine/Content/EngineMaterials/Substrate/Glints2/dict_0005_0027.uasset" 7651
"../../../Engine/Content/EngineMaterials/Substrate/Glints2/dict_0005_0039.uasset" 7652
"../../../Engine/Content/EngineMaterials/Substrate/Glints2/dict_0005_0030.uasset" 7653
"../../../Engine/Content/EngineMaterials/Substrate/Glints2/dict_0005_0044.uasset" 7654
"../../../Engine/Content/EngineMaterials/Substrate/Glints2/dict_0005_0049.uasset" 7655
"../../../Engine/Content/EngineMaterials/Substrate/Glints2/dict_0005_0032.uasset" 7656
"../../../Engine/Content/EngineMaterials/Substrate/Glints2/dict_0005_0028.uasset" 7657
"../../../Engine/Content/EngineMaterials/Substrate/Glints2/dict_0005_0029.uasset" 7658
"../../../Engine/Content/EngineMaterials/Substrate/Glints2/dict_0005_0023.uasset" 7659
"../../../Engine/Content/EngineMaterials/Substrate/Glints2/dict_0005_0040.uasset" 7660
"../../../Engine/Content/EngineMaterials/Substrate/Glints2/dict_0005_0026.uasset" 7661
"../../../Engine/Content/EngineMaterials/Substrate/Glints2/dict_0005_0035.uasset" 7662
"../../../Engine/Content/EngineMaterials/Substrate/Glints2/dict_0005_0051.uasset" 7663
"../../../Engine/Content/EngineMaterials/Substrate/Glints2/dict_0005_0031.uasset" 7664
"../../../Engine/Content/EngineMaterials/Substrate/Glints2/dict_0005_0034.uasset" 7665
"../../../Engine/Content/EngineMaterials/Substrate/Glints2/dict_0005_0033.uasset" 7666
"../../../Engine/Content/EngineMaterials/Substrate/Glints2/dict_0005_0025.uasset" 7667
"../../../Engine/Content/EngineMaterials/Substrate/Glints2/dict_0005_0038.uasset" 7668
"../../../Engine/Content/EngineMaterials/Substrate/Glints2/dict_0005_0041.uasset" 7669
"../../../Engine/Content/EngineMaterials/Substrate/Glints2/dict_0005_0022.uasset" 7670
"../../../Engine/Content/EngineMaterials/Substrate/Glints2/dict_0005_0021.uasset" 7671
"/Engine/EngineMaterials/Substrate/Glints2/dict_0005_0021" 7672
"/Engine/EngineMaterials/Substrate/Glints2/dict_0005_0022" 7673
"/Engine/EngineMaterials/Substrate/Glints2/dict_0005_0023" 7674
"/Engine/EngineMaterials/Substrate/Glints2/dict_0005_0024" 7675
"/Engine/EngineMaterials/Substrate/Glints2/dict_0005_0025" 7676
"/Engine/EngineMaterials/Substrate/Glints2/dict_0005_0026" 7677
"/Engine/EngineMaterials/Substrate/Glints2/dict_0005_0027" 7678
"/Engine/EngineMaterials/Substrate/Glints2/dict_0005_0028" 7679
"/Engine/EngineMaterials/Substrate/Glints2/dict_0005_0029" 7680
"/Engine/EngineMaterials/Substrate/Glints2/dict_0005_0030" 7681
"/Engine/EngineMaterials/Substrate/Glints2/dict_0005_0031" 7682
"/Engine/EngineMaterials/Substrate/Glints2/dict_0005_0032" 7683
"/Engine/EngineMaterials/Substrate/Glints2/dict_0005_0033" 7684
"/Engine/EngineMaterials/Substrate/Glints2/dict_0005_0034" 7685
"/Engine/EngineMaterials/Substrate/Glints2/dict_0005_0035" 7686
"/Engine/EngineMaterials/Substrate/Glints2/dict_0005_0036" 7687
"/Engine/EngineMaterials/Substrate/Glints2/dict_0005_0037" 7688
"/Engine/EngineMaterials/Substrate/Glints2/dict_0005_0038" 7689
"/Engine/EngineMaterials/Substrate/Glints2/dict_0005_0039" 7690
"/Engine/EngineMaterials/Substrate/Glints2/dict_0005_0040" 7691
"/Engine/EngineMaterials/Substrate/Glints2/dict_0005_0041" 7692
"/Engine/EngineMaterials/Substrate/Glints2/dict_0005_0042" 7693
"/Engine/EngineMaterials/Substrate/Glints2/dict_0005_0043" 7694
"/Engine/EngineMaterials/Substrate/Glints2/dict_0005_0044" 7695
"/Engine/EngineMaterials/Substrate/Glints2/dict_0005_0045" 7696
"/Engine/EngineMaterials/Substrate/Glints2/dict_0005_0046" 7697
"/Engine/EngineMaterials/Substrate/Glints2/dict_0005_0047" 7698
"/Engine/EngineMaterials/Substrate/Glints2/dict_0005_0048" 7699
"/Engine/EngineMaterials/Substrate/Glints2/dict_0005_0049" 7700
"/Engine/EngineMaterials/Substrate/Glints2/dict_0005_0050" 7701
"/Engine/EngineMaterials/Substrate/Glints2/dict_0005_0051" 7702
"/Engine/EngineMaterials/Substrate/Glints2/dict_0005_0052" 7703
"../../../Engine/Content/EngineMaterials/Substrate/Glints2/dict_0005_0020.uasset" 7704
"../../../Engine/Content/EngineMaterials/Substrate/Glints2/dict_0005_0010.uasset" 7705
"../../../Engine/Content/EngineMaterials/Substrate/Glints2/dict_0005_0017.uasset" 7706
"../../../Engine/Content/EngineMaterials/Substrate/Glints2/dict_0005_0014.uasset" 7707
"../../../Engine/Content/EngineMaterials/Substrate/Glints2/dict_0005_0001.uasset" 7708
"../../../Engine/Content/EngineMaterials/Substrate/Glints2/dict_0005_0011.uasset" 7709
"../../../Engine/Content/EngineMaterials/Substrate/Glints2/dict_0005_0015.uasset" 7710
"../../../Engine/Content/EngineMaterials/Substrate/Glints2/dict_0005_0013.uasset" 7711
"../../../Engine/Content/EngineMaterials/Substrate/Glints2/dict_0005_0016.uasset" 7712
"../../../Engine/Content/EngineMaterials/Substrate/Glints2/dict_0005_0018.uasset" 7713
"../../../Engine/Content/EngineMaterials/Substrate/Glints2/dict_0005_0000.uasset" 7714
"../../../Engine/Content/EngineMaterials/Substrate/Glints2/dict_0005_0005.uasset" 7715
"../../../Engine/Content/EngineMaterials/Substrate/Glints2/dict_0005_0012.uasset" 7716
"../../../Engine/Content/EngineMaterials/Substrate/Glints2/dict_0005_0003.uasset" 7717
"../../../Engine/Content/EngineMaterials/Substrate/Glints2/dict_0005_0008.uasset" 7718
"../../../Engine/Content/EngineMaterials/Substrate/Glints2/dict_0004_0252.uasset" 7719
"../../../Engine/Content/EngineMaterials/Substrate/Glints2/dict_0005_0004.uasset" 7720
"../../../Engine/Content/EngineMaterials/Substrate/Glints2/dict_0004_0253.uasset" 7721
"../../../Engine/Content/EngineMaterials/Substrate/Glints2/dict_0004_0254.uasset" 7722
"../../../Engine/Content/EngineMaterials/Substrate/Glints2/dict_0005_0002.uasset" 7723
"../../../Engine/Content/EngineMaterials/Substrate/Glints2/dict_0004_0251.uasset" 7724
"../../../Engine/Content/EngineMaterials/Substrate/Glints2/dict_0005_0019.uasset" 7725
"../../../Engine/Content/EngineMaterials/Substrate/Glints2/dict_0005_0006.uasset" 7726
"../../../Engine/Content/EngineMaterials/Substrate/Glints2/dict_0004_0255.uasset" 7727
"../../../Engine/Content/EngineMaterials/Substrate/Glints2/dict_0004_0248.uasset" 7728
"../../../Engine/Content/EngineMaterials/Substrate/Glints2/dict_0004_0249.uasset" 7729
"../../../Engine/Content/EngineMaterials/Substrate/Glints2/dict_0004_0247.uasset" 7730
"../../../Engine/Content/EngineMaterials/Substrate/Glints2/dict_0005_0007.uasset" 7731
"../../../Engine/Content/EngineMaterials/Substrate/Glints2/dict_0004_0250.uasset" 7732
"../../../Engine/Content/EngineMaterials/Substrate/Glints2/dict_0005_0009.uasset" 7733
"../../../Engine/Content/EngineMaterials/Substrate/Glints2/dict_0004_0246.uasset" 7734
"/Engine/EngineMaterials/Substrate/Glints2/dict_0004_0246" 7735
"/Engine/EngineMaterials/Substrate/Glints2/dict_0004_0247" 7736
"../../../Engine/Content/EngineMaterials/Substrate/Glints2/dict_0004_0245.uasset" 7737
"/Engine/EngineMaterials/Substrate/Glints2/dict_0004_0248" 7738
"/Engine/EngineMaterials/Substrate/Glints2/dict_0004_0249" 7739
"/Engine/EngineMaterials/Substrate/Glints2/dict_0004_0250" 7740
"/Engine/EngineMaterials/Substrate/Glints2/dict_0004_0251" 7741
"/Engine/EngineMaterials/Substrate/Glints2/dict_0004_0252" 7742
"/Engine/EngineMaterials/Substrate/Glints2/dict_0004_0253" 7743
"/Engine/EngineMaterials/Substrate/Glints2/dict_0004_0254" 7744
"/Engine/EngineMaterials/Substrate/Glints2/dict_0004_0255" 7745
"/Engine/EngineMaterials/Substrate/Glints2/dict_0005_0000" 7746
"/Engine/EngineMaterials/Substrate/Glints2/dict_0005_0001" 7747
"/Engine/EngineMaterials/Substrate/Glints2/dict_0005_0002" 7748
"/Engine/EngineMaterials/Substrate/Glints2/dict_0005_0003" 7749
"/Engine/EngineMaterials/Substrate/Glints2/dict_0005_0004" 7750
"/Engine/EngineMaterials/Substrate/Glints2/dict_0005_0005" 7751
"/Engine/EngineMaterials/Substrate/Glints2/dict_0005_0006" 7752
"/Engine/EngineMaterials/Substrate/Glints2/dict_0005_0007" 7753
"/Engine/EngineMaterials/Substrate/Glints2/dict_0005_0008" 7754
"/Engine/EngineMaterials/Substrate/Glints2/dict_0005_0009" 7755
"/Engine/EngineMaterials/Substrate/Glints2/dict_0005_0010" 7756
"/Engine/EngineMaterials/Substrate/Glints2/dict_0005_0011" 7757
"/Engine/EngineMaterials/Substrate/Glints2/dict_0005_0012" 7758
"/Engine/EngineMaterials/Substrate/Glints2/dict_0005_0013" 7759
"/Engine/EngineMaterials/Substrate/Glints2/dict_0005_0014" 7760
"/Engine/EngineMaterials/Substrate/Glints2/dict_0005_0015" 7761
"/Engine/EngineMaterials/Substrate/Glints2/dict_0005_0016" 7762
"/Engine/EngineMaterials/Substrate/Glints2/dict_0005_0017" 7763
"/Engine/EngineMaterials/Substrate/Glints2/dict_0005_0018" 7764
"/Engine/EngineMaterials/Substrate/Glints2/dict_0005_0019" 7765
"/Engine/EngineMaterials/Substrate/Glints2/dict_0005_0020" 7766
"/Engine/EngineMaterials/Substrate/Glints2/dict_0004_0245" 7767
"../../../Engine/Content/EngineMaterials/Substrate/Glints2/dict_0004_0243.uasset" 7768
"../../../Engine/Content/EngineMaterials/Substrate/Glints2/dict_0004_0239.uasset" 7769
"../../../Engine/Content/EngineMaterials/Substrate/Glints2/dict_0004_0234.uasset" 7770
"../../../Engine/Content/EngineMaterials/Substrate/Glints2/dict_0004_0244.uasset" 7771
"../../../Engine/Content/EngineMaterials/Substrate/Glints2/dict_0004_0237.uasset" 7772
"../../../Engine/Content/EngineMaterials/Substrate/Glints2/dict_0004_0236.uasset" 7773
"../../../Engine/Content/EngineMaterials/Substrate/Glints2/dict_0004_0215.uasset" 7774
"../../../Engine/Content/EngineMaterials/Substrate/Glints2/dict_0004_0224.uasset" 7775
"../../../Engine/Content/EngineMaterials/Substrate/Glints2/dict_0004_0238.uasset" 7776
"../../../Engine/Content/EngineMaterials/Substrate/Glints2/dict_0004_0222.uasset" 7777
"../../../Engine/Content/EngineMaterials/Substrate/Glints2/dict_0004_0219.uasset" 7778
"../../../Engine/Content/EngineMaterials/Substrate/Glints2/dict_0004_0221.uasset" 7779
"../../../Engine/Content/EngineMaterials/Substrate/Glints2/dict_0004_0235.uasset" 7780
"../../../Engine/Content/EngineMaterials/Substrate/Glints2/dict_0004_0226.uasset" 7781
"../../../Engine/Content/EngineMaterials/Substrate/Glints2/dict_0004_0240.uasset" 7782
"../../../Engine/Content/EngineMaterials/Substrate/Glints2/dict_0004_0223.uasset" 7783
"../../../Engine/Content/EngineMaterials/Substrate/Glints2/dict_0004_0220.uasset" 7784
"../../../Engine/Content/EngineMaterials/Substrate/Glints2/dict_0004_0232.uasset" 7785
"../../../Engine/Content/EngineMaterials/Substrate/Glints2/dict_0004_0233.uasset" 7786
"../../../Engine/Content/EngineMaterials/Substrate/Glints2/dict_0004_0242.uasset" 7787
"../../../Engine/Content/EngineMaterials/Substrate/Glints2/dict_0004_0227.uasset" 7788
"../../../Engine/Content/EngineMaterials/Substrate/Glints2/dict_0004_0228.uasset" 7789
"../../../Engine/Content/EngineMaterials/Substrate/Glints2/dict_0004_0218.uasset" 7790
"../../../Engine/Content/EngineMaterials/Substrate/Glints2/dict_0004_0229.uasset" 7791
"../../../Engine/Content/EngineMaterials/Substrate/Glints2/dict_0004_0217.uasset" 7792
"../../../Engine/Content/EngineMaterials/Substrate/Glints2/dict_0004_0241.uasset" 7793
"../../../Engine/Content/EngineMaterials/Substrate/Glints2/dict_0004_0216.uasset" 7794
"../../../Engine/Content/EngineMaterials/Substrate/Glints2/dict_0004_0231.uasset" 7795
"../../../Engine/Content/EngineMaterials/Substrate/Glints2/dict_0004_0230.uasset" 7796
"../../../Engine/Content/EngineMaterials/Substrate/Glints2/dict_0004_0225.uasset" 7797
"/Engine/EngineMaterials/Substrate/Glints2/dict_0004_0215" 7798
"../../../Engine/Content/EngineMaterials/Substrate/Glints2/dict_0004_0213.uasset" 7799
"../../../Engine/Content/EngineMaterials/Substrate/Glints2/dict_0004_0214.uasset" 7800
"/Engine/EngineMaterials/Substrate/Glints2/dict_0004_0216" 7801
"/Engine/EngineMaterials/Substrate/Glints2/dict_0004_0217" 7802
"/Engine/EngineMaterials/Substrate/Glints2/dict_0004_0218" 7803
"/Engine/EngineMaterials/Substrate/Glints2/dict_0004_0219" 7804
"/Engine/EngineMaterials/Substrate/Glints2/dict_0004_0220" 7805
"/Engine/EngineMaterials/Substrate/Glints2/dict_0004_0221" 7806
"/Engine/EngineMaterials/Substrate/Glints2/dict_0004_0222" 7807
"/Engine/EngineMaterials/Substrate/Glints2/dict_0004_0223" 7808
"/Engine/EngineMaterials/Substrate/Glints2/dict_0004_0224" 7809
"/Engine/EngineMaterials/Substrate/Glints2/dict_0004_0225" 7810
"/Engine/EngineMaterials/Substrate/Glints2/dict_0004_0226" 7811
"/Engine/EngineMaterials/Substrate/Glints2/dict_0004_0227" 7812
"/Engine/EngineMaterials/Substrate/Glints2/dict_0004_0228" 7813
"/Engine/EngineMaterials/Substrate/Glints2/dict_0004_0229" 7814
"/Engine/EngineMaterials/Substrate/Glints2/dict_0004_0230" 7815
"/Engine/EngineMaterials/Substrate/Glints2/dict_0004_0231" 7816
"/Engine/EngineMaterials/Substrate/Glints2/dict_0004_0232" 7817
"/Engine/EngineMaterials/Substrate/Glints2/dict_0004_0233" 7818
"/Engine/EngineMaterials/Substrate/Glints2/dict_0004_0234" 7819
"/Engine/EngineMaterials/Substrate/Glints2/dict_0004_0235" 7820
"/Engine/EngineMaterials/Substrate/Glints2/dict_0004_0236" 7821
"/Engine/EngineMaterials/Substrate/Glints2/dict_0004_0237" 7822
"/Engine/EngineMaterials/Substrate/Glints2/dict_0004_0238" 7823
"/Engine/EngineMaterials/Substrate/Glints2/dict_0004_0239" 7824
"/Engine/EngineMaterials/Substrate/Glints2/dict_0004_0240" 7825
"/Engine/EngineMaterials/Substrate/Glints2/dict_0004_0241" 7826
"/Engine/EngineMaterials/Substrate/Glints2/dict_0004_0242" 7827
"/Engine/EngineMaterials/Substrate/Glints2/dict_0004_0243" 7828
"/Engine/EngineMaterials/Substrate/Glints2/dict_0004_0244" 7829
"/Engine/EngineMaterials/Substrate/Glints2/dict_0004_0213" 7830
"/Engine/EngineMaterials/Substrate/Glints2/dict_0004_0214" 7831
"../../../Engine/Content/EngineMaterials/Substrate/Glints2/dict_0004_0202.uasset" 7832
"../../../Engine/Content/EngineMaterials/Substrate/Glints2/dict_0004_0205.uasset" 7833
"../../../Engine/Content/EngineMaterials/Substrate/Glints2/dict_0004_0206.uasset" 7834
"../../../Engine/Content/EngineMaterials/Substrate/Glints2/dict_0004_0204.uasset" 7835
"../../../Engine/Content/EngineMaterials/Substrate/Glints2/dict_0004_0208.uasset" 7836
"../../../Engine/Content/EngineMaterials/Substrate/Glints2/dict_0004_0212.uasset" 7837
"../../../Engine/Content/EngineMaterials/Substrate/Glints2/dict_0004_0211.uasset" 7838
"../../../Engine/Content/EngineMaterials/Substrate/Glints2/dict_0004_0210.uasset" 7839
"../../../Engine/Content/EngineMaterials/Substrate/Glints2/dict_0004_0198.uasset" 7840
"../../../Engine/Content/EngineMaterials/Substrate/Glints2/dict_0004_0201.uasset" 7841
"../../../Engine/Content/EngineMaterials/Substrate/Glints2/dict_0004_0199.uasset" 7842
"../../../Engine/Content/EngineMaterials/Substrate/Glints2/dict_0004_0192.uasset" 7843
"../../../Engine/Content/EngineMaterials/Substrate/Glints2/dict_0004_0188.uasset" 7844
"../../../Engine/Content/EngineMaterials/Substrate/Glints2/dict_0004_0195.uasset" 7845
"../../../Engine/Content/EngineMaterials/Substrate/Glints2/dict_0004_0203.uasset" 7846
"../../../Engine/Content/EngineMaterials/Substrate/Glints2/dict_0004_0191.uasset" 7847
"../../../Engine/Content/EngineMaterials/Substrate/Glints2/dict_0004_0209.uasset" 7848
"../../../Engine/Content/EngineMaterials/Substrate/Glints2/dict_0004_0186.uasset" 7849
"../../../Engine/Content/EngineMaterials/Substrate/Glints2/dict_0004_0194.uasset" 7850
"../../../Engine/Content/EngineMaterials/Substrate/Glints2/dict_0004_0183.uasset" 7851
"../../../Engine/Content/EngineMaterials/Substrate/Glints2/dict_0004_0190.uasset" 7852
"../../../Engine/Content/EngineMaterials/Substrate/Glints2/dict_0004_0207.uasset" 7853
"../../../Engine/Content/EngineMaterials/Substrate/Glints2/dict_0004_0187.uasset" 7854
"../../../Engine/Content/EngineMaterials/Substrate/Glints2/dict_0004_0200.uasset" 7855
"../../../Engine/Content/EngineMaterials/Substrate/Glints2/dict_0004_0189.uasset" 7856
"../../../Engine/Content/EngineMaterials/Substrate/Glints2/dict_0004_0197.uasset" 7857
"../../../Engine/Content/EngineMaterials/Substrate/Glints2/dict_0004_0185.uasset" 7858
"../../../Engine/Content/EngineMaterials/Substrate/Glints2/dict_0004_0196.uasset" 7859
"../../../Engine/Content/EngineMaterials/Substrate/Glints2/dict_0004_0184.uasset" 7860
"../../../Engine/Content/EngineMaterials/Substrate/Glints2/dict_0004_0193.uasset" 7861
"../../../Engine/Content/EngineMaterials/Substrate/Glints2/dict_0004_0182.uasset" 7862
"../../../Engine/Content/EngineMaterials/Substrate/Glints2/dict_0004_0181.uasset" 7863
"/Engine/EngineMaterials/Substrate/Glints2/dict_0004_0181" 7864
"/Engine/EngineMaterials/Substrate/Glints2/dict_0004_0182" 7865
"/Engine/EngineMaterials/Substrate/Glints2/dict_0004_0183" 7866
"/Engine/EngineMaterials/Substrate/Glints2/dict_0004_0184" 7867
"/Engine/EngineMaterials/Substrate/Glints2/dict_0004_0185" 7868
"/Engine/EngineMaterials/Substrate/Glints2/dict_0004_0186" 7869
"/Engine/EngineMaterials/Substrate/Glints2/dict_0004_0187" 7870
"/Engine/EngineMaterials/Substrate/Glints2/dict_0004_0188" 7871
"/Engine/EngineMaterials/Substrate/Glints2/dict_0004_0189" 7872
"/Engine/EngineMaterials/Substrate/Glints2/dict_0004_0190" 7873
"/Engine/EngineMaterials/Substrate/Glints2/dict_0004_0191" 7874
"/Engine/EngineMaterials/Substrate/Glints2/dict_0004_0192" 7875
"/Engine/EngineMaterials/Substrate/Glints2/dict_0004_0193" 7876
"/Engine/EngineMaterials/Substrate/Glints2/dict_0004_0194" 7877
"/Engine/EngineMaterials/Substrate/Glints2/dict_0004_0195" 7878
"/Engine/EngineMaterials/Substrate/Glints2/dict_0004_0196" 7879
"/Engine/EngineMaterials/Substrate/Glints2/dict_0004_0197" 7880
"/Engine/EngineMaterials/Substrate/Glints2/dict_0004_0198" 7881
"/Engine/EngineMaterials/Substrate/Glints2/dict_0004_0199" 7882
"/Engine/EngineMaterials/Substrate/Glints2/dict_0004_0200" 7883
"/Engine/EngineMaterials/Substrate/Glints2/dict_0004_0201" 7884
"/Engine/EngineMaterials/Substrate/Glints2/dict_0004_0202" 7885
"/Engine/EngineMaterials/Substrate/Glints2/dict_0004_0203" 7886
"/Engine/EngineMaterials/Substrate/Glints2/dict_0004_0204" 7887
"/Engine/EngineMaterials/Substrate/Glints2/dict_0004_0205" 7888
"/Engine/EngineMaterials/Substrate/Glints2/dict_0004_0206" 7889
"/Engine/EngineMaterials/Substrate/Glints2/dict_0004_0207" 7890
"/Engine/EngineMaterials/Substrate/Glints2/dict_0004_0208" 7891
"/Engine/EngineMaterials/Substrate/Glints2/dict_0004_0209" 7892
"/Engine/EngineMaterials/Substrate/Glints2/dict_0004_0210" 7893
"/Engine/EngineMaterials/Substrate/Glints2/dict_0004_0211" 7894
"/Engine/EngineMaterials/Substrate/Glints2/dict_0004_0212" 7895
"../../../Engine/Content/EngineMaterials/Substrate/Glints2/dict_0004_0174.uasset" 7896
"../../../Engine/Content/EngineMaterials/Substrate/Glints2/dict_0004_0177.uasset" 7897
"../../../Engine/Content/EngineMaterials/Substrate/Glints2/dict_0004_0169.uasset" 7898
"../../../Engine/Content/EngineMaterials/Substrate/Glints2/dict_0004_0180.uasset" 7899
"../../../Engine/Content/EngineMaterials/Substrate/Glints2/dict_0004_0166.uasset" 7900
"../../../Engine/Content/EngineMaterials/Substrate/Glints2/dict_0004_0179.uasset" 7901
"../../../Engine/Content/EngineMaterials/Substrate/Glints2/dict_0004_0173.uasset" 7902
"../../../Engine/Content/EngineMaterials/Substrate/Glints2/dict_0004_0170.uasset" 7903
"../../../Engine/Content/EngineMaterials/Substrate/Glints2/dict_0004_0163.uasset" 7904
"../../../Engine/Content/EngineMaterials/Substrate/Glints2/dict_0004_0171.uasset" 7905
"../../../Engine/Content/EngineMaterials/Substrate/Glints2/dict_0004_0152.uasset" 7906
"../../../Engine/Content/EngineMaterials/Substrate/Glints2/dict_0004_0154.uasset" 7907
"../../../Engine/Content/EngineMaterials/Substrate/Glints2/dict_0004_0167.uasset" 7908
"../../../Engine/Content/EngineMaterials/Substrate/Glints2/dict_0004_0172.uasset" 7909
"../../../Engine/Content/EngineMaterials/Substrate/Glints2/dict_0004_0175.uasset" 7910
"../../../Engine/Content/EngineMaterials/Substrate/Glints2/dict_0004_0165.uasset" 7911
"../../../Engine/Content/EngineMaterials/Substrate/Glints2/dict_0004_0178.uasset" 7912
"../../../Engine/Content/EngineMaterials/Substrate/Glints2/dict_0004_0157.uasset" 7913
"../../../Engine/Content/EngineMaterials/Substrate/Glints2/dict_0004_0160.uasset" 7914
"../../../Engine/Content/EngineMaterials/Substrate/Glints2/dict_0004_0155.uasset" 7915
"../../../Engine/Content/EngineMaterials/Substrate/Glints2/dict_0004_0153.uasset" 7916
"../../../Engine/Content/EngineMaterials/Substrate/Glints2/dict_0004_0162.uasset" 7917
"../../../Engine/Content/EngineMaterials/Substrate/Glints2/dict_0004_0164.uasset" 7918
"../../../Engine/Content/EngineMaterials/Substrate/Glints2/dict_0004_0156.uasset" 7919
"../../../Engine/Content/EngineMaterials/Substrate/Glints2/dict_0004_0161.uasset" 7920
"../../../Engine/Content/EngineMaterials/Substrate/Glints2/dict_0004_0151.uasset" 7921
"../../../Engine/Content/EngineMaterials/Substrate/Glints2/dict_0004_0176.uasset" 7922
"../../../Engine/Content/EngineMaterials/Substrate/Glints2/dict_0004_0158.uasset" 7923
"../../../Engine/Content/EngineMaterials/Substrate/Glints2/dict_0004_0168.uasset" 7924
"../../../Engine/Content/EngineMaterials/Substrate/Glints2/dict_0004_0159.uasset" 7925
"../../../Engine/Content/EngineMaterials/Substrate/Glints2/dict_0004_0150.uasset" 7926
"/Engine/EngineMaterials/Substrate/Glints2/dict_0004_0150" 7927
"../../../Engine/Content/EngineMaterials/Substrate/Glints2/dict_0004_0149.uasset" 7928
"/Engine/EngineMaterials/Substrate/Glints2/dict_0004_0151" 7929
"/Engine/EngineMaterials/Substrate/Glints2/dict_0004_0152" 7930
"/Engine/EngineMaterials/Substrate/Glints2/dict_0004_0153" 7931
"/Engine/EngineMaterials/Substrate/Glints2/dict_0004_0154" 7932
"/Engine/EngineMaterials/Substrate/Glints2/dict_0004_0155" 7933
"/Engine/EngineMaterials/Substrate/Glints2/dict_0004_0156" 7934
"/Engine/EngineMaterials/Substrate/Glints2/dict_0004_0157" 7935
"/Engine/EngineMaterials/Substrate/Glints2/dict_0004_0158" 7936
"/Engine/EngineMaterials/Substrate/Glints2/dict_0004_0159" 7937
"/Engine/EngineMaterials/Substrate/Glints2/dict_0004_0160" 7938
"/Engine/EngineMaterials/Substrate/Glints2/dict_0004_0161" 7939
"/Engine/EngineMaterials/Substrate/Glints2/dict_0004_0162" 7940
"/Engine/EngineMaterials/Substrate/Glints2/dict_0004_0163" 7941
"/Engine/EngineMaterials/Substrate/Glints2/dict_0004_0164" 7942
"/Engine/EngineMaterials/Substrate/Glints2/dict_0004_0165" 7943
"/Engine/EngineMaterials/Substrate/Glints2/dict_0004_0166" 7944
"/Engine/EngineMaterials/Substrate/Glints2/dict_0004_0167" 7945
"/Engine/EngineMaterials/Substrate/Glints2/dict_0004_0168" 7946
"/Engine/EngineMaterials/Substrate/Glints2/dict_0004_0169" 7947
"/Engine/EngineMaterials/Substrate/Glints2/dict_0004_0170" 7948
"/Engine/EngineMaterials/Substrate/Glints2/dict_0004_0171" 7949
"/Engine/EngineMaterials/Substrate/Glints2/dict_0004_0172" 7950
"/Engine/EngineMaterials/Substrate/Glints2/dict_0004_0173" 7951
"/Engine/EngineMaterials/Substrate/Glints2/dict_0004_0174" 7952
"/Engine/EngineMaterials/Substrate/Glints2/dict_0004_0175" 7953
"/Engine/EngineMaterials/Substrate/Glints2/dict_0004_0176" 7954
"/Engine/EngineMaterials/Substrate/Glints2/dict_0004_0177" 7955
"/Engine/EngineMaterials/Substrate/Glints2/dict_0004_0178" 7956
"/Engine/EngineMaterials/Substrate/Glints2/dict_0004_0179" 7957
"/Engine/EngineMaterials/Substrate/Glints2/dict_0004_0180" 7958
"/Engine/EngineMaterials/Substrate/Glints2/dict_0004_0149" 7959
"../../../Engine/Content/EngineMaterials/Substrate/Glints2/dict_0004_0144.uasset" 7960
"../../../Engine/Content/EngineMaterials/Substrate/Glints2/dict_0004_0137.uasset" 7961
"../../../Engine/Content/EngineMaterials/Substrate/Glints2/dict_0004_0140.uasset" 7962
"../../../Engine/Content/EngineMaterials/Substrate/Glints2/dict_0004_0138.uasset" 7963
"../../../Engine/Content/EngineMaterials/Substrate/Glints2/dict_0004_0130.uasset" 7964
"../../../Engine/Content/EngineMaterials/Substrate/Glints2/dict_0004_0141.uasset" 7965
"../../../Engine/Content/EngineMaterials/Substrate/Glints2/dict_0004_0120.uasset" 7966
"../../../Engine/Content/EngineMaterials/Substrate/Glints2/dict_0004_0143.uasset" 7967
"../../../Engine/Content/EngineMaterials/Substrate/Glints2/dict_0004_0131.uasset" 7968
"../../../Engine/Content/EngineMaterials/Substrate/Glints2/dict_0004_0146.uasset" 7969
"../../../Engine/Content/EngineMaterials/Substrate/Glints2/dict_0004_0132.uasset" 7970
"../../../Engine/Content/EngineMaterials/Substrate/Glints2/dict_0004_0126.uasset" 7971
"../../../Engine/Content/EngineMaterials/Substrate/Glints2/dict_0004_0122.uasset" 7972
"../../../Engine/Content/EngineMaterials/Substrate/Glints2/dict_0004_0136.uasset" 7973
"../../../Engine/Content/EngineMaterials/Substrate/Glints2/dict_0004_0139.uasset" 7974
"../../../Engine/Content/EngineMaterials/Substrate/Glints2/dict_0004_0128.uasset" 7975
"../../../Engine/Content/EngineMaterials/Substrate/Glints2/dict_0004_0127.uasset" 7976
"../../../Engine/Content/EngineMaterials/Substrate/Glints2/dict_0004_0121.uasset" 7977
"../../../Engine/Content/EngineMaterials/Substrate/Glints2/dict_0004_0125.uasset" 7978
"../../../Engine/Content/EngineMaterials/Substrate/Glints2/dict_0004_0147.uasset" 7979
"../../../Engine/Content/EngineMaterials/Substrate/Glints2/dict_0004_0148.uasset" 7980
"../../../Engine/Content/EngineMaterials/Substrate/Glints2/dict_0004_0142.uasset" 7981
"../../../Engine/Content/EngineMaterials/Substrate/Glints2/dict_0004_0123.uasset" 7982
"../../../Engine/Content/EngineMaterials/Substrate/Glints2/dict_0004_0124.uasset" 7983
"../../../Engine/Content/EngineMaterials/Substrate/Glints2/dict_0004_0135.uasset" 7984
"../../../Engine/Content/EngineMaterials/Substrate/Glints2/dict_0004_0145.uasset" 7985
"../../../Engine/Content/EngineMaterials/Substrate/Glints2/dict_0004_0129.uasset" 7986
"../../../Engine/Content/EngineMaterials/Substrate/Glints2/dict_0004_0119.uasset" 7987
"../../../Engine/Content/EngineMaterials/Substrate/Glints2/dict_0004_0134.uasset" 7988
"../../../Engine/Content/EngineMaterials/Substrate/Glints2/dict_0004_0133.uasset" 7989
"../../../Engine/Content/EngineMaterials/Substrate/Glints2/dict_0004_0118.uasset" 7990
"../../../Engine/Content/EngineMaterials/Substrate/Glints2/dict_0004_0117.uasset" 7991
"/Engine/EngineMaterials/Substrate/Glints2/dict_0004_0117" 7992
"/Engine/EngineMaterials/Substrate/Glints2/dict_0004_0118" 7993
"/Engine/EngineMaterials/Substrate/Glints2/dict_0004_0119" 7994
"/Engine/EngineMaterials/Substrate/Glints2/dict_0004_0120" 7995
"/Engine/EngineMaterials/Substrate/Glints2/dict_0004_0121" 7996
"/Engine/EngineMaterials/Substrate/Glints2/dict_0004_0122" 7997
"/Engine/EngineMaterials/Substrate/Glints2/dict_0004_0123" 7998
"/Engine/EngineMaterials/Substrate/Glints2/dict_0004_0124" 7999
"/Engine/EngineMaterials/Substrate/Glints2/dict_0004_0125" 8000
"/Engine/EngineMaterials/Substrate/Glints2/dict_0004_0126" 8001
"/Engine/EngineMaterials/Substrate/Glints2/dict_0004_0127" 8002
"/Engine/EngineMaterials/Substrate/Glints2/dict_0004_0128" 8003
"/Engine/EngineMaterials/Substrate/Glints2/dict_0004_0129" 8004
"/Engine/EngineMaterials/Substrate/Glints2/dict_0004_0130" 8005
"/Engine/EngineMaterials/Substrate/Glints2/dict_0004_0131" 8006
"/Engine/EngineMaterials/Substrate/Glints2/dict_0004_0132" 8007
"/Engine/EngineMaterials/Substrate/Glints2/dict_0004_0133" 8008
"/Engine/EngineMaterials/Substrate/Glints2/dict_0004_0134" 8009
"/Engine/EngineMaterials/Substrate/Glints2/dict_0004_0135" 8010
"/Engine/EngineMaterials/Substrate/Glints2/dict_0004_0136" 8011
"/Engine/EngineMaterials/Substrate/Glints2/dict_0004_0137" 8012
"/Engine/EngineMaterials/Substrate/Glints2/dict_0004_0138" 8013
"/Engine/EngineMaterials/Substrate/Glints2/dict_0004_0139" 8014
"/Engine/EngineMaterials/Substrate/Glints2/dict_0004_0140" 8015
"/Engine/EngineMaterials/Substrate/Glints2/dict_0004_0141" 8016
"/Engine/EngineMaterials/Substrate/Glints2/dict_0004_0142" 8017
"/Engine/EngineMaterials/Substrate/Glints2/dict_0004_0143" 8018
"/Engine/EngineMaterials/Substrate/Glints2/dict_0004_0144" 8019
"/Engine/EngineMaterials/Substrate/Glints2/dict_0004_0145" 8020
"/Engine/EngineMaterials/Substrate/Glints2/dict_0004_0146" 8021
"/Engine/EngineMaterials/Substrate/Glints2/dict_0004_0147" 8022
"/Engine/EngineMaterials/Substrate/Glints2/dict_0004_0148" 8023
"../../../Engine/Content/EngineMaterials/Substrate/Glints2/dict_0004_0108.uasset" 8024
"../../../Engine/Content/EngineMaterials/Substrate/Glints2/dict_0004_0106.uasset" 8025
"../../../Engine/Content/EngineMaterials/Substrate/Glints2/dict_0004_0109.uasset" 8026
"../../../Engine/Content/EngineMaterials/Substrate/Glints2/dict_0004_0115.uasset" 8027
"../../../Engine/Content/EngineMaterials/Substrate/Glints2/dict_0004_0093.uasset" 8028
"../../../Engine/Content/EngineMaterials/Substrate/Glints2/dict_0004_0097.uasset" 8029
"../../../Engine/Content/EngineMaterials/Substrate/Glints2/dict_0004_0113.uasset" 8030
"../../../Engine/Content/EngineMaterials/Substrate/Glints2/dict_0004_0098.uasset" 8031
"../../../Engine/Content/EngineMaterials/Substrate/Glints2/dict_0004_0102.uasset" 8032
"../../../Engine/Content/EngineMaterials/Substrate/Glints2/dict_0004_0091.uasset" 8033
"../../../Engine/Content/EngineMaterials/Substrate/Glints2/dict_0004_0114.uasset" 8034
"../../../Engine/Content/EngineMaterials/Substrate/Glints2/dict_0004_0099.uasset" 8035
"../../../Engine/Content/EngineMaterials/Substrate/Glints2/dict_0004_0104.uasset" 8036
"../../../Engine/Content/EngineMaterials/Substrate/Glints2/dict_0004_0100.uasset" 8037
"../../../Engine/Content/EngineMaterials/Substrate/Glints2/dict_0004_0116.uasset" 8038
"../../../Engine/Content/EngineMaterials/Substrate/Glints2/dict_0004_0110.uasset" 8039
"../../../Engine/Content/EngineMaterials/Substrate/Glints2/dict_0004_0107.uasset" 8040
"../../../Engine/Content/EngineMaterials/Substrate/Glints2/dict_0004_0089.uasset" 8041
"../../../Engine/Content/EngineMaterials/Substrate/Glints2/dict_0004_0103.uasset" 8042
"../../../Engine/Content/EngineMaterials/Substrate/Glints2/dict_0004_0105.uasset" 8043
"../../../Engine/Content/EngineMaterials/Substrate/Glints2/dict_0004_0096.uasset" 8044
"../../../Engine/Content/EngineMaterials/Substrate/Glints2/dict_0004_0087.uasset" 8045
"../../../Engine/Content/EngineMaterials/Substrate/Glints2/dict_0004_0094.uasset" 8046
"../../../Engine/Content/EngineMaterials/Substrate/Glints2/dict_0004_0092.uasset" 8047
"../../../Engine/Content/EngineMaterials/Substrate/Glints2/dict_0004_0112.uasset" 8048
"../../../Engine/Content/EngineMaterials/Substrate/Glints2/dict_0004_0088.uasset" 8049
"../../../Engine/Content/EngineMaterials/Substrate/Glints2/dict_0004_0095.uasset" 8050
"../../../Engine/Content/EngineMaterials/Substrate/Glints2/dict_0004_0090.uasset" 8051
"../../../Engine/Content/EngineMaterials/Substrate/Glints2/dict_0004_0101.uasset" 8052
"../../../Engine/Content/EngineMaterials/Substrate/Glints2/dict_0004_0111.uasset" 8053
"/Engine/EngineMaterials/Substrate/Glints2/dict_0004_0087" 8054
"/Engine/EngineMaterials/Substrate/Glints2/dict_0004_0088" 8055
"../../../Engine/Content/EngineMaterials/Substrate/Glints2/dict_0004_0085.uasset" 8056
"/Engine/EngineMaterials/Substrate/Glints2/dict_0004_0089" 8057
"../../../Engine/Content/EngineMaterials/Substrate/Glints2/dict_0004_0086.uasset" 8058
"/Engine/EngineMaterials/Substrate/Glints2/dict_0004_0090" 8059
"/Engine/EngineMaterials/Substrate/Glints2/dict_0004_0091" 8060
"/Engine/EngineMaterials/Substrate/Glints2/dict_0004_0092" 8061
"/Engine/EngineMaterials/Substrate/Glints2/dict_0004_0093" 8062
"/Engine/EngineMaterials/Substrate/Glints2/dict_0004_0094" 8063
"/Engine/EngineMaterials/Substrate/Glints2/dict_0004_0095" 8064
"/Engine/EngineMaterials/Substrate/Glints2/dict_0004_0096" 8065
"/Engine/EngineMaterials/Substrate/Glints2/dict_0004_0097" 8066
"/Engine/EngineMaterials/Substrate/Glints2/dict_0004_0098" 8067
"/Engine/EngineMaterials/Substrate/Glints2/dict_0004_0099" 8068
"/Engine/EngineMaterials/Substrate/Glints2/dict_0004_0100" 8069
"/Engine/EngineMaterials/Substrate/Glints2/dict_0004_0101" 8070
"/Engine/EngineMaterials/Substrate/Glints2/dict_0004_0102" 8071
"/Engine/EngineMaterials/Substrate/Glints2/dict_0004_0103" 8072
"/Engine/EngineMaterials/Substrate/Glints2/dict_0004_0104" 8073
"/Engine/EngineMaterials/Substrate/Glints2/dict_0004_0105" 8074
"/Engine/EngineMaterials/Substrate/Glints2/dict_0004_0106" 8075
"/Engine/EngineMaterials/Substrate/Glints2/dict_0004_0107" 8076
"/Engine/EngineMaterials/Substrate/Glints2/dict_0004_0108" 8077
"/Engine/EngineMaterials/Substrate/Glints2/dict_0004_0109" 8078
"/Engine/EngineMaterials/Substrate/Glints2/dict_0004_0110" 8079
"/Engine/EngineMaterials/Substrate/Glints2/dict_0004_0111" 8080
"/Engine/EngineMaterials/Substrate/Glints2/dict_0004_0112" 8081
"/Engine/EngineMaterials/Substrate/Glints2/dict_0004_0113" 8082
"/Engine/EngineMaterials/Substrate/Glints2/dict_0004_0114" 8083
"/Engine/EngineMaterials/Substrate/Glints2/dict_0004_0115" 8084
"/Engine/EngineMaterials/Substrate/Glints2/dict_0004_0116" 8085
"/Engine/EngineMaterials/Substrate/Glints2/dict_0004_0085" 8086
"/Engine/EngineMaterials/Substrate/Glints2/dict_0004_0086" 8087
"../../../Engine/Content/EngineMaterials/Substrate/Glints2/dict_0004_0078.uasset" 8088
"../../../Engine/Content/EngineMaterials/Substrate/Glints2/dict_0004_0077.uasset" 8089
"../../../Engine/Content/EngineMaterials/Substrate/Glints2/dict_0004_0070.uasset" 8090
"../../../Engine/Content/EngineMaterials/Substrate/Glints2/dict_0004_0084.uasset" 8091
"../../../Engine/Content/EngineMaterials/Substrate/Glints2/dict_0004_0083.uasset" 8092
"../../../Engine/Content/EngineMaterials/Substrate/Glints2/dict_0004_0074.uasset" 8093
"../../../Engine/Content/EngineMaterials/Substrate/Glints2/dict_0004_0071.uasset" 8094
"../../../Engine/Content/EngineMaterials/Substrate/Glints2/dict_0004_0073.uasset" 8095
"../../../Engine/Content/EngineMaterials/Substrate/Glints2/dict_0004_0061.uasset" 8096
"../../../Engine/Content/EngineMaterials/Substrate/Glints2/dict_0004_0068.uasset" 8097
"../../../Engine/Content/EngineMaterials/Substrate/Glints2/dict_0004_0076.uasset" 8098
"../../../Engine/Content/EngineMaterials/Substrate/Glints2/dict_0004_0082.uasset" 8099
"../../../Engine/Content/EngineMaterials/Substrate/Glints2/dict_0004_0067.uasset" 8100
"../../../Engine/Content/EngineMaterials/Substrate/Glints2/dict_0004_0079.uasset" 8101
"../../../Engine/Content/EngineMaterials/Substrate/Glints2/dict_0004_0060.uasset" 8102
"../../../Engine/Content/EngineMaterials/Substrate/Glints2/dict_0004_0056.uasset" 8103
"../../../Engine/Content/EngineMaterials/Substrate/Glints2/dict_0004_0057.uasset" 8104
"../../../Engine/Content/EngineMaterials/Substrate/Glints2/dict_0004_0062.uasset" 8105
"../../../Engine/Content/EngineMaterials/Substrate/Glints2/dict_0004_0069.uasset" 8106
"../../../Engine/Content/EngineMaterials/Substrate/Glints2/dict_0004_0080.uasset" 8107
"../../../Engine/Content/EngineMaterials/Substrate/Glints2/dict_0004_0066.uasset" 8108
"../../../Engine/Content/EngineMaterials/Substrate/Glints2/dict_0004_0065.uasset" 8109
"../../../Engine/Content/EngineMaterials/Substrate/Glints2/dict_0004_0059.uasset" 8110
"../../../Engine/Content/EngineMaterials/Substrate/Glints2/dict_0004_0072.uasset" 8111
"../../../Engine/Content/EngineMaterials/Substrate/Glints2/dict_0004_0063.uasset" 8112
"../../../Engine/Content/EngineMaterials/Substrate/Glints2/dict_0004_0075.uasset" 8113
"../../../Engine/Content/EngineMaterials/Substrate/Glints2/dict_0004_0064.uasset" 8114
"../../../Engine/Content/EngineMaterials/Substrate/Glints2/dict_0004_0081.uasset" 8115
"../../../Engine/Content/EngineMaterials/Substrate/Glints2/dict_0004_0058.uasset" 8116
"../../../Engine/Content/EngineMaterials/Substrate/Glints2/dict_0004_0055.uasset" 8117
"../../../Engine/Content/EngineMaterials/Substrate/Glints2/dict_0004_0054.uasset" 8118
"../../../Engine/Content/EngineMaterials/Substrate/Glints2/dict_0004_0053.uasset" 8119
"/Engine/EngineMaterials/Substrate/Glints2/dict_0004_0054" 8120
"/Engine/EngineMaterials/Substrate/Glints2/dict_0004_0055" 8121
"/Engine/EngineMaterials/Substrate/Glints2/dict_0004_0056" 8122
"/Engine/EngineMaterials/Substrate/Glints2/dict_0004_0057" 8123
"/Engine/EngineMaterials/Substrate/Glints2/dict_0004_0058" 8124
"/Engine/EngineMaterials/Substrate/Glints2/dict_0004_0059" 8125
"/Engine/EngineMaterials/Substrate/Glints2/dict_0004_0060" 8126
"/Engine/EngineMaterials/Substrate/Glints2/dict_0004_0061" 8127
"/Engine/EngineMaterials/Substrate/Glints2/dict_0004_0062" 8128
"/Engine/EngineMaterials/Substrate/Glints2/dict_0004_0063" 8129
"/Engine/EngineMaterials/Substrate/Glints2/dict_0004_0064" 8130
"/Engine/EngineMaterials/Substrate/Glints2/dict_0004_0065" 8131
"/Engine/EngineMaterials/Substrate/Glints2/dict_0004_0066" 8132
"/Engine/EngineMaterials/Substrate/Glints2/dict_0004_0067" 8133
"/Engine/EngineMaterials/Substrate/Glints2/dict_0004_0068" 8134
"/Engine/EngineMaterials/Substrate/Glints2/dict_0004_0069" 8135
"/Engine/EngineMaterials/Substrate/Glints2/dict_0004_0070" 8136
"/Engine/EngineMaterials/Substrate/Glints2/dict_0004_0071" 8137
"/Engine/EngineMaterials/Substrate/Glints2/dict_0004_0072" 8138
"/Engine/EngineMaterials/Substrate/Glints2/dict_0004_0073" 8139
"/Engine/EngineMaterials/Substrate/Glints2/dict_0004_0074" 8140
"/Engine/EngineMaterials/Substrate/Glints2/dict_0004_0075" 8141
"/Engine/EngineMaterials/Substrate/Glints2/dict_0004_0076" 8142
"/Engine/EngineMaterials/Substrate/Glints2/dict_0004_0077" 8143
"/Engine/EngineMaterials/Substrate/Glints2/dict_0004_0078" 8144
"/Engine/EngineMaterials/Substrate/Glints2/dict_0004_0079" 8145
"/Engine/EngineMaterials/Substrate/Glints2/dict_0004_0080" 8146
"/Engine/EngineMaterials/Substrate/Glints2/dict_0004_0081" 8147
"/Engine/EngineMaterials/Substrate/Glints2/dict_0004_0082" 8148
"/Engine/EngineMaterials/Substrate/Glints2/dict_0004_0083" 8149
"/Engine/EngineMaterials/Substrate/Glints2/dict_0004_0084" 8150
"/Engine/EngineMaterials/Substrate/Glints2/dict_0004_0053" 8151
"../../../Engine/Content/EngineMaterials/Substrate/Glints2/dict_0004_0050.uasset" 8152
"../../../Engine/Content/EngineMaterials/Substrate/Glints2/dict_0004_0051.uasset" 8153
"../../../Engine/Content/EngineMaterials/Substrate/Glints2/dict_0004_0045.uasset" 8154
"../../../Engine/Content/EngineMaterials/Substrate/Glints2/dict_0004_0046.uasset" 8155
"../../../Engine/Content/EngineMaterials/Substrate/Glints2/dict_0004_0052.uasset" 8156
"../../../Engine/Content/EngineMaterials/Substrate/Glints2/dict_0004_0049.uasset" 8157
"../../../Engine/Content/EngineMaterials/Substrate/Glints2/dict_0004_0047.uasset" 8158
"../../../Engine/Content/EngineMaterials/Substrate/Glints2/dict_0004_0026.uasset" 8159
"../../../Engine/Content/EngineMaterials/Substrate/Glints2/dict_0004_0037.uasset" 8160
"../../../Engine/Content/EngineMaterials/Substrate/Glints2/dict_0004_0048.uasset" 8161
"../../../Engine/Content/EngineMaterials/Substrate/Glints2/dict_0004_0044.uasset" 8162
"../../../Engine/Content/EngineMaterials/Substrate/Glints2/dict_0004_0029.uasset" 8163
"../../../Engine/Content/EngineMaterials/Substrate/Glints2/dict_0004_0036.uasset" 8164
"../../../Engine/Content/EngineMaterials/Substrate/Glints2/dict_0004_0033.uasset" 8165
"../../../Engine/Content/EngineMaterials/Substrate/Glints2/dict_0004_0042.uasset" 8166
"../../../Engine/Content/EngineMaterials/Substrate/Glints2/dict_0004_0035.uasset" 8167
"../../../Engine/Content/EngineMaterials/Substrate/Glints2/dict_0004_0024.uasset" 8168
"../../../Engine/Content/EngineMaterials/Substrate/Glints2/dict_0004_0030.uasset" 8169
"../../../Engine/Content/EngineMaterials/Substrate/Glints2/dict_0004_0025.uasset" 8170
"../../../Engine/Content/EngineMaterials/Substrate/Glints2/dict_0004_0038.uasset" 8171
"../../../Engine/Content/EngineMaterials/Substrate/Glints2/dict_0004_0028.uasset" 8172
"../../../Engine/Content/EngineMaterials/Substrate/Glints2/dict_0004_0040.uasset" 8173
"../../../Engine/Content/EngineMaterials/Substrate/Glints2/dict_0004_0041.uasset" 8174
"../../../Engine/Content/EngineMaterials/Substrate/Glints2/dict_0004_0043.uasset" 8175
"../../../Engine/Content/EngineMaterials/Substrate/Glints2/dict_0004_0032.uasset" 8176
"../../../Engine/Content/EngineMaterials/Substrate/Glints2/dict_0004_0039.uasset" 8177
"../../../Engine/Content/EngineMaterials/Substrate/Glints2/dict_0004_0034.uasset" 8178
"../../../Engine/Content/EngineMaterials/Substrate/Glints2/dict_0004_0023.uasset" 8179
"../../../Engine/Content/EngineMaterials/Substrate/Glints2/dict_0004_0031.uasset" 8180
"../../../Engine/Content/EngineMaterials/Substrate/Glints2/dict_0004_0027.uasset" 8181
"../../../Engine/Content/EngineMaterials/Substrate/Glints2/dict_0004_0022.uasset" 8182
"../../../Engine/Content/EngineMaterials/Substrate/Glints2/dict_0004_0021.uasset" 8183
"/Engine/EngineMaterials/Substrate/Glints2/dict_0004_0024" 8184
"/Engine/EngineMaterials/Substrate/Glints2/dict_0004_0025" 8185
"/Engine/EngineMaterials/Substrate/Glints2/dict_0004_0026" 8186
"/Engine/EngineMaterials/Substrate/Glints2/dict_0004_0028" 8187
"/Engine/EngineMaterials/Substrate/Glints2/dict_0004_0029" 8188
"/Engine/EngineMaterials/Substrate/Glints2/dict_0004_0030" 8189
"/Engine/EngineMaterials/Substrate/Glints2/dict_0004_0032" 8190
"/Engine/EngineMaterials/Substrate/Glints2/dict_0004_0033" 8191
"/Engine/EngineMaterials/Substrate/Glints2/dict_0004_0035" 8192
"/Engine/EngineMaterials/Substrate/Glints2/dict_0004_0036" 8193
"/Engine/EngineMaterials/Substrate/Glints2/dict_0004_0037" 8194
"/Engine/EngineMaterials/Substrate/Glints2/dict_0004_0038" 8195
"/Engine/EngineMaterials/Substrate/Glints2/dict_0004_0039" 8196
"/Engine/EngineMaterials/Substrate/Glints2/dict_0004_0040" 8197
"/Engine/EngineMaterials/Substrate/Glints2/dict_0004_0041" 8198
"/Engine/EngineMaterials/Substrate/Glints2/dict_0004_0042" 8199
"/Engine/EngineMaterials/Substrate/Glints2/dict_0004_0043" 8200
"/Engine/EngineMaterials/Substrate/Glints2/dict_0004_0044" 8201
"/Engine/EngineMaterials/Substrate/Glints2/dict_0004_0045" 8202
"/Engine/EngineMaterials/Substrate/Glints2/dict_0004_0046" 8203
"/Engine/EngineMaterials/Substrate/Glints2/dict_0004_0047" 8204
"/Engine/EngineMaterials/Substrate/Glints2/dict_0004_0048" 8205
"/Engine/EngineMaterials/Substrate/Glints2/dict_0004_0049" 8206
"/Engine/EngineMaterials/Substrate/Glints2/dict_0004_0050" 8207
"/Engine/EngineMaterials/Substrate/Glints2/dict_0004_0051" 8208
"/Engine/EngineMaterials/Substrate/Glints2/dict_0004_0052" 8209
"/Engine/EngineMaterials/Substrate/Glints2/dict_0004_0021" 8210
"/Engine/EngineMaterials/Substrate/Glints2/dict_0004_0022" 8211
"/Engine/EngineMaterials/Substrate/Glints2/dict_0004_0023" 8212
"/Engine/EngineMaterials/Substrate/Glints2/dict_0004_0027" 8213
"/Engine/EngineMaterials/Substrate/Glints2/dict_0004_0031" 8214
"/Engine/EngineMaterials/Substrate/Glints2/dict_0004_0034" 8215
"../../../Engine/Content/EngineMaterials/Substrate/Glints2/dict_0004_0014.uasset" 8216
"../../../Engine/Content/EngineMaterials/Substrate/Glints2/dict_0004_0013.uasset" 8217
"../../../Engine/Content/EngineMaterials/Substrate/Glints2/dict_0004_0011.uasset" 8218
"../../../Engine/Content/EngineMaterials/Substrate/Glints2/dict_0004_0019.uasset" 8219
"../../../Engine/Content/EngineMaterials/Substrate/Glints2/dict_0004_0008.uasset" 8220
"../../../Engine/Content/EngineMaterials/Substrate/Glints2/dict_0004_0018.uasset" 8221
"../../../Engine/Content/EngineMaterials/Substrate/Glints2/dict_0004_0020.uasset" 8222
"../../../Engine/Content/EngineMaterials/Substrate/Glints2/dict_0004_0003.uasset" 8223
"../../../Engine/Content/EngineMaterials/Substrate/Glints2/dict_0004_0017.uasset" 8224
"../../../Engine/Content/EngineMaterials/Substrate/Glints2/dict_0003_0247.uasset" 8225
"../../../Engine/Content/EngineMaterials/Substrate/Glints2/dict_0004_0005.uasset" 8226
"../../../Engine/Content/EngineMaterials/Substrate/Glints2/dict_0004_0015.uasset" 8227
"../../../Engine/Content/EngineMaterials/Substrate/Glints2/dict_0003_0252.uasset" 8228
"../../../Engine/Content/EngineMaterials/Substrate/Glints2/dict_0004_0007.uasset" 8229
"../../../Engine/Content/EngineMaterials/Substrate/Glints2/dict_0004_0004.uasset" 8230
"../../../Engine/Content/EngineMaterials/Substrate/Glints2/dict_0004_0012.uasset" 8231
"../../../Engine/Content/EngineMaterials/Substrate/Glints2/dict_0003_0249.uasset" 8232
"../../../Engine/Content/EngineMaterials/Substrate/Glints2/dict_0003_0254.uasset" 8233
"../../../Engine/Content/EngineMaterials/Substrate/Glints2/dict_0004_0009.uasset" 8234
"../../../Engine/Content/EngineMaterials/Substrate/Glints2/dict_0003_0250.uasset" 8235
"../../../Engine/Content/EngineMaterials/Substrate/Glints2/dict_0004_0001.uasset" 8236
"../../../Engine/Content/EngineMaterials/Substrate/Glints2/dict_0004_0006.uasset" 8237
"../../../Engine/Content/EngineMaterials/Substrate/Glints2/dict_0003_0248.uasset" 8238
"../../../Engine/Content/EngineMaterials/Substrate/Glints2/dict_0003_0251.uasset" 8239
"../../../Engine/Content/EngineMaterials/Substrate/Glints2/dict_0004_0000.uasset" 8240
"../../../Engine/Content/EngineMaterials/Substrate/Glints2/dict_0003_0255.uasset" 8241
"../../../Engine/Content/EngineMaterials/Substrate/Glints2/dict_0003_0253.uasset" 8242
"../../../Engine/Content/EngineMaterials/Substrate/Glints2/dict_0004_0016.uasset" 8243
"../../../Engine/Content/EngineMaterials/Substrate/Glints2/dict_0004_0010.uasset" 8244
"../../../Engine/Content/EngineMaterials/Substrate/Glints2/dict_0004_0002.uasset" 8245
"../../../Engine/Content/EngineMaterials/Substrate/Glints2/dict_0003_0245.uasset" 8246
"../../../Engine/Content/EngineMaterials/Substrate/Glints2/dict_0003_0246.uasset" 8247
"/Engine/EngineMaterials/Substrate/Glints2/dict_0003_0245" 8248
"/Engine/EngineMaterials/Substrate/Glints2/dict_0003_0246" 8249
"/Engine/EngineMaterials/Substrate/Glints2/dict_0003_0247" 8250
"/Engine/EngineMaterials/Substrate/Glints2/dict_0003_0251" 8251
"/Engine/EngineMaterials/Substrate/Glints2/dict_0003_0252" 8252
"/Engine/EngineMaterials/Substrate/Glints2/dict_0003_0253" 8253
"/Engine/EngineMaterials/Substrate/Glints2/dict_0003_0248" 8254
"/Engine/EngineMaterials/Substrate/Glints2/dict_0003_0254" 8255
"/Engine/EngineMaterials/Substrate/Glints2/dict_0003_0255" 8256
"/Engine/EngineMaterials/Substrate/Glints2/dict_0004_0000" 8257
"/Engine/EngineMaterials/Substrate/Glints2/dict_0003_0249" 8258
"/Engine/EngineMaterials/Substrate/Glints2/dict_0004_0001" 8259
"/Engine/EngineMaterials/Substrate/Glints2/dict_0004_0002" 8260
"/Engine/EngineMaterials/Substrate/Glints2/dict_0003_0250" 8261
"/Engine/EngineMaterials/Substrate/Glints2/dict_0004_0003" 8262
"/Engine/EngineMaterials/Substrate/Glints2/dict_0004_0004" 8263
"/Engine/EngineMaterials/Substrate/Glints2/dict_0004_0005" 8264
"/Engine/EngineMaterials/Substrate/Glints2/dict_0004_0006" 8265
"/Engine/EngineMaterials/Substrate/Glints2/dict_0004_0007" 8266
"/Engine/EngineMaterials/Substrate/Glints2/dict_0004_0008" 8267
"/Engine/EngineMaterials/Substrate/Glints2/dict_0004_0009" 8268
"/Engine/EngineMaterials/Substrate/Glints2/dict_0004_0010" 8269
"/Engine/EngineMaterials/Substrate/Glints2/dict_0004_0011" 8270
"/Engine/EngineMaterials/Substrate/Glints2/dict_0004_0012" 8271
"/Engine/EngineMaterials/Substrate/Glints2/dict_0004_0013" 8272
"/Engine/EngineMaterials/Substrate/Glints2/dict_0004_0014" 8273
"/Engine/EngineMaterials/Substrate/Glints2/dict_0004_0015" 8274
"/Engine/EngineMaterials/Substrate/Glints2/dict_0004_0016" 8275
"/Engine/EngineMaterials/Substrate/Glints2/dict_0004_0017" 8276
"/Engine/EngineMaterials/Substrate/Glints2/dict_0004_0018" 8277
"/Engine/EngineMaterials/Substrate/Glints2/dict_0004_0019" 8278
"/Engine/EngineMaterials/Substrate/Glints2/dict_0004_0020" 8279
"../../../Engine/Content/EngineMaterials/Substrate/Glints2/dict_0003_0243.uasset" 8280
"../../../Engine/Content/EngineMaterials/Substrate/Glints2/dict_0003_0234.uasset" 8281
"../../../Engine/Content/EngineMaterials/Substrate/Glints2/dict_0003_0235.uasset" 8282
"../../../Engine/Content/EngineMaterials/Substrate/Glints2/dict_0003_0240.uasset" 8283
"../../../Engine/Content/EngineMaterials/Substrate/Glints2/dict_0003_0232.uasset" 8284
"../../../Engine/Content/EngineMaterials/Substrate/Glints2/dict_0003_0236.uasset" 8285
"../../../Engine/Content/EngineMaterials/Substrate/Glints2/dict_0003_0244.uasset" 8286
"../../../Engine/Content/EngineMaterials/Substrate/Glints2/dict_0003_0225.uasset" 8287
"../../../Engine/Content/EngineMaterials/Substrate/Glints2/dict_0003_0239.uasset" 8288
"../../../Engine/Content/EngineMaterials/Substrate/Glints2/dict_0003_0220.uasset" 8289
"../../../Engine/Content/EngineMaterials/Substrate/Glints2/dict_0003_0241.uasset" 8290
"../../../Engine/Content/EngineMaterials/Substrate/Glints2/dict_0003_0231.uasset" 8291
"../../../Engine/Content/EngineMaterials/Substrate/Glints2/dict_0003_0219.uasset" 8292
"../../../Engine/Content/EngineMaterials/Substrate/Glints2/dict_0003_0223.uasset" 8293
"../../../Engine/Content/EngineMaterials/Substrate/Glints2/dict_0003_0226.uasset" 8294
"../../../Engine/Content/EngineMaterials/Substrate/Glints2/dict_0003_0237.uasset" 8295
"../../../Engine/Content/EngineMaterials/Substrate/Glints2/dict_0003_0242.uasset" 8296
"../../../Engine/Content/EngineMaterials/Substrate/Glints2/dict_0003_0227.uasset" 8297
"../../../Engine/Content/EngineMaterials/Substrate/Glints2/dict_0003_0217.uasset" 8298
"../../../Engine/Content/EngineMaterials/Substrate/Glints2/dict_0003_0216.uasset" 8299
"../../../Engine/Content/EngineMaterials/Substrate/Glints2/dict_0003_0228.uasset" 8300
"../../../Engine/Content/EngineMaterials/Substrate/Glints2/dict_0003_0229.uasset" 8301
"../../../Engine/Content/EngineMaterials/Substrate/Glints2/dict_0003_0221.uasset" 8302
"../../../Engine/Content/EngineMaterials/Substrate/Glints2/dict_0003_0238.uasset" 8303
"../../../Engine/Content/EngineMaterials/Substrate/Glints2/dict_0003_0218.uasset" 8304
"../../../Engine/Content/EngineMaterials/Substrate/Glints2/dict_0003_0222.uasset" 8305
"../../../Engine/Content/EngineMaterials/Substrate/Glints2/dict_0003_0230.uasset" 8306
"../../../Engine/Content/EngineMaterials/Substrate/Glints2/dict_0003_0224.uasset" 8307
"../../../Engine/Content/EngineMaterials/Substrate/Glints2/dict_0003_0233.uasset" 8308
"../../../Engine/Content/EngineMaterials/Substrate/Glints2/dict_0003_0215.uasset" 8309
"/Engine/EngineMaterials/Substrate/Glints2/dict_0003_0215" 8310
"../../../Engine/Content/EngineMaterials/Substrate/Glints2/dict_0003_0214.uasset" 8311
"../../../Engine/Content/EngineMaterials/Substrate/Glints2/dict_0003_0213.uasset" 8312
"/Engine/EngineMaterials/Substrate/Glints2/dict_0003_0216" 8313
"/Engine/EngineMaterials/Substrate/Glints2/dict_0003_0217" 8314
"/Engine/EngineMaterials/Substrate/Glints2/dict_0003_0218" 8315
"/Engine/EngineMaterials/Substrate/Glints2/dict_0003_0219" 8316
"/Engine/EngineMaterials/Substrate/Glints2/dict_0003_0220" 8317
"/Engine/EngineMaterials/Substrate/Glints2/dict_0003_0221" 8318
"/Engine/EngineMaterials/Substrate/Glints2/dict_0003_0222" 8319
"/Engine/EngineMaterials/Substrate/Glints2/dict_0003_0223" 8320
"/Engine/EngineMaterials/Substrate/Glints2/dict_0003_0224" 8321
"/Engine/EngineMaterials/Substrate/Glints2/dict_0003_0225" 8322
"/Engine/EngineMaterials/Substrate/Glints2/dict_0003_0226" 8323
"/Engine/EngineMaterials/Substrate/Glints2/dict_0003_0227" 8324
"/Engine/EngineMaterials/Substrate/Glints2/dict_0003_0228" 8325
"/Engine/EngineMaterials/Substrate/Glints2/dict_0003_0229" 8326
"/Engine/EngineMaterials/Substrate/Glints2/dict_0003_0230" 8327
"/Engine/EngineMaterials/Substrate/Glints2/dict_0003_0231" 8328
"/Engine/EngineMaterials/Substrate/Glints2/dict_0003_0232" 8329
"/Engine/EngineMaterials/Substrate/Glints2/dict_0003_0233" 8330
"/Engine/EngineMaterials/Substrate/Glints2/dict_0003_0234" 8331
"/Engine/EngineMaterials/Substrate/Glints2/dict_0003_0235" 8332
"/Engine/EngineMaterials/Substrate/Glints2/dict_0003_0236" 8333
"/Engine/EngineMaterials/Substrate/Glints2/dict_0003_0237" 8334
"/Engine/EngineMaterials/Substrate/Glints2/dict_0003_0238" 8335
"/Engine/EngineMaterials/Substrate/Glints2/dict_0003_0239" 8336
"/Engine/EngineMaterials/Substrate/Glints2/dict_0003_0240" 8337
"/Engine/EngineMaterials/Substrate/Glints2/dict_0003_0241" 8338
"/Engine/EngineMaterials/Substrate/Glints2/dict_0003_0242" 8339
"/Engine/EngineMaterials/Substrate/Glints2/dict_0003_0243" 8340
"/Engine/EngineMaterials/Substrate/Glints2/dict_0003_0244" 8341
"/Engine/EngineMaterials/Substrate/Glints2/dict_0003_0213" 8342
"/Engine/EngineMaterials/Substrate/Glints2/dict_0003_0214" 8343
"../../../Engine/Content/EngineMaterials/Substrate/Glints2/dict_0003_0212.uasset" 8344
"../../../Engine/Content/EngineMaterials/Substrate/Glints2/dict_0003_0206.uasset" 8345
"../../../Engine/Content/EngineMaterials/Substrate/Glints2/dict_0003_0200.uasset" 8346
"../../../Engine/Content/EngineMaterials/Substrate/Glints2/dict_0003_0191.uasset" 8347
"../../../Engine/Content/EngineMaterials/Substrate/Glints2/dict_0003_0196.uasset" 8348
"../../../Engine/Content/EngineMaterials/Substrate/Glints2/dict_0003_0210.uasset" 8349
"../../../Engine/Content/EngineMaterials/Substrate/Glints2/dict_0003_0211.uasset" 8350
"../../../Engine/Content/EngineMaterials/Substrate/Glints2/dict_0003_0209.uasset" 8351
"../../../Engine/Content/EngineMaterials/Substrate/Glints2/dict_0003_0194.uasset" 8352
"../../../Engine/Content/EngineMaterials/Substrate/Glints2/dict_0003_0208.uasset" 8353
"../../../Engine/Content/EngineMaterials/Substrate/Glints2/dict_0003_0188.uasset" 8354
"../../../Engine/Content/EngineMaterials/Substrate/Glints2/dict_0003_0195.uasset" 8355
"../../../Engine/Content/EngineMaterials/Substrate/Glints2/dict_0003_0190.uasset" 8356
"../../../Engine/Content/EngineMaterials/Substrate/Glints2/dict_0003_0189.uasset" 8357
"../../../Engine/Content/EngineMaterials/Substrate/Glints2/dict_0003_0205.uasset" 8358
"../../../Engine/Content/EngineMaterials/Substrate/Glints2/dict_0003_0202.uasset" 8359
"../../../Engine/Content/EngineMaterials/Substrate/Glints2/dict_0003_0184.uasset" 8360
"../../../Engine/Content/EngineMaterials/Substrate/Glints2/dict_0003_0186.uasset" 8361
"../../../Engine/Content/EngineMaterials/Substrate/Glints2/dict_0003_0187.uasset" 8362
"../../../Engine/Content/EngineMaterials/Substrate/Glints2/dict_0003_0183.uasset" 8363
"../../../Engine/Content/EngineMaterials/Substrate/Glints2/dict_0003_0197.uasset" 8364
"../../../Engine/Content/EngineMaterials/Substrate/Glints2/dict_0003_0203.uasset" 8365
"../../../Engine/Content/EngineMaterials/Substrate/Glints2/dict_0003_0185.uasset" 8366
"../../../Engine/Content/EngineMaterials/Substrate/Glints2/dict_0003_0204.uasset" 8367
"../../../Engine/Content/EngineMaterials/Substrate/Glints2/dict_0003_0201.uasset" 8368
"../../../Engine/Content/EngineMaterials/Substrate/Glints2/dict_0003_0199.uasset" 8369
"../../../Engine/Content/EngineMaterials/Substrate/Glints2/dict_0003_0198.uasset" 8370
"../../../Engine/Content/EngineMaterials/Substrate/Glints2/dict_0003_0193.uasset" 8371
"../../../Engine/Content/EngineMaterials/Substrate/Glints2/dict_0003_0207.uasset" 8372
"../../../Engine/Content/EngineMaterials/Substrate/Glints2/dict_0003_0192.uasset" 8373
"../../../Engine/Content/EngineMaterials/Substrate/Glints2/dict_0003_0181.uasset" 8374
"../../../Engine/Content/EngineMaterials/Substrate/Glints2/dict_0003_0182.uasset" 8375
"/Engine/EngineMaterials/Substrate/Glints2/dict_0003_0183" 8376
"/Engine/EngineMaterials/Substrate/Glints2/dict_0003_0184" 8377
"/Engine/EngineMaterials/Substrate/Glints2/dict_0003_0185" 8378
"/Engine/EngineMaterials/Substrate/Glints2/dict_0003_0186" 8379
"/Engine/EngineMaterials/Substrate/Glints2/dict_0003_0187" 8380
"/Engine/EngineMaterials/Substrate/Glints2/dict_0003_0188" 8381
"/Engine/EngineMaterials/Substrate/Glints2/dict_0003_0189" 8382
"/Engine/EngineMaterials/Substrate/Glints2/dict_0003_0190" 8383
"/Engine/EngineMaterials/Substrate/Glints2/dict_0003_0191" 8384
"/Engine/EngineMaterials/Substrate/Glints2/dict_0003_0192" 8385
"/Engine/EngineMaterials/Substrate/Glints2/dict_0003_0193" 8386
"/Engine/EngineMaterials/Substrate/Glints2/dict_0003_0194" 8387
"/Engine/EngineMaterials/Substrate/Glints2/dict_0003_0195" 8388
"/Engine/EngineMaterials/Substrate/Glints2/dict_0003_0196" 8389
"/Engine/EngineMaterials/Substrate/Glints2/dict_0003_0197" 8390
"/Engine/EngineMaterials/Substrate/Glints2/dict_0003_0198" 8391
"/Engine/EngineMaterials/Substrate/Glints2/dict_0003_0199" 8392
"/Engine/EngineMaterials/Substrate/Glints2/dict_0003_0200" 8393
"/Engine/EngineMaterials/Substrate/Glints2/dict_0003_0201" 8394
"/Engine/EngineMaterials/Substrate/Glints2/dict_0003_0202" 8395
"/Engine/EngineMaterials/Substrate/Glints2/dict_0003_0203" 8396
"/Engine/EngineMaterials/Substrate/Glints2/dict_0003_0204" 8397
"/Engine/EngineMaterials/Substrate/Glints2/dict_0003_0205" 8398
"/Engine/EngineMaterials/Substrate/Glints2/dict_0003_0206" 8399
"/Engine/EngineMaterials/Substrate/Glints2/dict_0003_0207" 8400
"/Engine/EngineMaterials/Substrate/Glints2/dict_0003_0208" 8401
"/Engine/EngineMaterials/Substrate/Glints2/dict_0003_0209" 8402
"/Engine/EngineMaterials/Substrate/Glints2/dict_0003_0210" 8403
"/Engine/EngineMaterials/Substrate/Glints2/dict_0003_0211" 8404
"/Engine/EngineMaterials/Substrate/Glints2/dict_0003_0212" 8405
"/Engine/EngineMaterials/Substrate/Glints2/dict_0003_0181" 8406
"/Engine/EngineMaterials/Substrate/Glints2/dict_0003_0182" 8407
"../../../Engine/Content/EngineMaterials/Substrate/Glints2/dict_0003_0177.uasset" 8408
"../../../Engine/Content/EngineMaterials/Substrate/Glints2/dict_0003_0156.uasset" 8409
"../../../Engine/Content/EngineMaterials/Substrate/Glints2/dict_0003_0161.uasset" 8410
"../../../Engine/Content/EngineMaterials/Substrate/Glints2/dict_0003_0160.uasset" 8411
"../../../Engine/Content/EngineMaterials/Substrate/Glints2/dict_0003_0180.uasset" 8412
"../../../Engine/Content/EngineMaterials/Substrate/Glints2/dict_0003_0167.uasset" 8413
"../../../Engine/Content/EngineMaterials/Substrate/Glints2/dict_0003_0173.uasset" 8414
"../../../Engine/Content/EngineMaterials/Substrate/Glints2/dict_0003_0157.uasset" 8415
"../../../Engine/Content/EngineMaterials/Substrate/Glints2/dict_0003_0169.uasset" 8416
"../../../Engine/Content/EngineMaterials/Substrate/Glints2/dict_0003_0171.uasset" 8417
"../../../Engine/Content/EngineMaterials/Substrate/Glints2/dict_0003_0162.uasset" 8418
"../../../Engine/Content/EngineMaterials/Substrate/Glints2/dict_0003_0151.uasset" 8419
"../../../Engine/Content/EngineMaterials/Substrate/Glints2/dict_0003_0176.uasset" 8420
"../../../Engine/Content/EngineMaterials/Substrate/Glints2/dict_0003_0159.uasset" 8421
"../../../Engine/Content/EngineMaterials/Substrate/Glints2/dict_0003_0178.uasset" 8422
"../../../Engine/Content/EngineMaterials/Substrate/Glints2/dict_0003_0170.uasset" 8423
"../../../Engine/Content/EngineMaterials/Substrate/Glints2/dict_0003_0174.uasset" 8424
"../../../Engine/Content/EngineMaterials/Substrate/Glints2/dict_0003_0152.uasset" 8425
"../../../Engine/Content/EngineMaterials/Substrate/Glints2/dict_0003_0179.uasset" 8426
"../../../Engine/Content/EngineMaterials/Substrate/Glints2/dict_0003_0153.uasset" 8427
"../../../Engine/Content/EngineMaterials/Substrate/Glints2/dict_0003_0154.uasset" 8428
"../../../Engine/Content/EngineMaterials/Substrate/Glints2/dict_0003_0158.uasset" 8429
"../../../Engine/Content/EngineMaterials/Substrate/Glints2/dict_0003_0164.uasset" 8430
"../../../Engine/Content/EngineMaterials/Substrate/Glints2/dict_0003_0165.uasset" 8431
"../../../Engine/Content/EngineMaterials/Substrate/Glints2/dict_0003_0175.uasset" 8432
"../../../Engine/Content/EngineMaterials/Substrate/Glints2/dict_0003_0168.uasset" 8433
"../../../Engine/Content/EngineMaterials/Substrate/Glints2/dict_0003_0166.uasset" 8434
"../../../Engine/Content/EngineMaterials/Substrate/Glints2/dict_0003_0172.uasset" 8435
"../../../Engine/Content/EngineMaterials/Substrate/Glints2/dict_0003_0155.uasset" 8436
"../../../Engine/Content/EngineMaterials/Substrate/Glints2/dict_0003_0163.uasset" 8437
"../../../Engine/Content/EngineMaterials/Substrate/Glints2/dict_0003_0150.uasset" 8438
"../../../Engine/Content/EngineMaterials/Substrate/Glints2/dict_0003_0149.uasset" 8439
"/Engine/EngineMaterials/Substrate/Glints2/dict_0003_0149" 8440
"/Engine/EngineMaterials/Substrate/Glints2/dict_0003_0150" 8441
"/Engine/EngineMaterials/Substrate/Glints2/dict_0003_0151" 8442
"/Engine/EngineMaterials/Substrate/Glints2/dict_0003_0152" 8443
"/Engine/EngineMaterials/Substrate/Glints2/dict_0003_0153" 8444
"/Engine/EngineMaterials/Substrate/Glints2/dict_0003_0154" 8445
"/Engine/EngineMaterials/Substrate/Glints2/dict_0003_0155" 8446
"/Engine/EngineMaterials/Substrate/Glints2/dict_0003_0156" 8447
"/Engine/EngineMaterials/Substrate/Glints2/dict_0003_0157" 8448
"/Engine/EngineMaterials/Substrate/Glints2/dict_0003_0158" 8449
"/Engine/EngineMaterials/Substrate/Glints2/dict_0003_0159" 8450
"/Engine/EngineMaterials/Substrate/Glints2/dict_0003_0160" 8451
"/Engine/EngineMaterials/Substrate/Glints2/dict_0003_0161" 8452
"/Engine/EngineMaterials/Substrate/Glints2/dict_0003_0162" 8453
"/Engine/EngineMaterials/Substrate/Glints2/dict_0003_0163" 8454
"/Engine/EngineMaterials/Substrate/Glints2/dict_0003_0164" 8455
"/Engine/EngineMaterials/Substrate/Glints2/dict_0003_0165" 8456
"/Engine/EngineMaterials/Substrate/Glints2/dict_0003_0166" 8457
"/Engine/EngineMaterials/Substrate/Glints2/dict_0003_0167" 8458
"/Engine/EngineMaterials/Substrate/Glints2/dict_0003_0168" 8459
"/Engine/EngineMaterials/Substrate/Glints2/dict_0003_0169" 8460
"/Engine/EngineMaterials/Substrate/Glints2/dict_0003_0170" 8461
"/Engine/EngineMaterials/Substrate/Glints2/dict_0003_0171" 8462
"/Engine/EngineMaterials/Substrate/Glints2/dict_0003_0172" 8463
"/Engine/EngineMaterials/Substrate/Glints2/dict_0003_0173" 8464
"/Engine/EngineMaterials/Substrate/Glints2/dict_0003_0174" 8465
"/Engine/EngineMaterials/Substrate/Glints2/dict_0003_0175" 8466
"/Engine/EngineMaterials/Substrate/Glints2/dict_0003_0176" 8467
"/Engine/EngineMaterials/Substrate/Glints2/dict_0003_0177" 8468
"/Engine/EngineMaterials/Substrate/Glints2/dict_0003_0178" 8469
"/Engine/EngineMaterials/Substrate/Glints2/dict_0003_0179" 8470
"/Engine/EngineMaterials/Substrate/Glints2/dict_0003_0180" 8471
"../../../Engine/Content/EngineMaterials/Substrate/Glints2/dict_0003_0144.uasset" 8472
"../../../Engine/Content/EngineMaterials/Substrate/Glints2/dict_0003_0146.uasset" 8473
"../../../Engine/Content/EngineMaterials/Substrate/Glints2/dict_0003_0136.uasset" 8474
"../../../Engine/Content/EngineMaterials/Substrate/Glints2/dict_0003_0138.uasset" 8475
"../../../Engine/Content/EngineMaterials/Substrate/Glints2/dict_0003_0139.uasset" 8476
"../../../Engine/Content/EngineMaterials/Substrate/Glints2/dict_0003_0128.uasset" 8477
"../../../Engine/Content/EngineMaterials/Substrate/Glints2/dict_0003_0129.uasset" 8478
"../../../Engine/Content/EngineMaterials/Substrate/Glints2/dict_0003_0132.uasset" 8479
"../../../Engine/Content/EngineMaterials/Substrate/Glints2/dict_0003_0145.uasset" 8480
"../../../Engine/Content/EngineMaterials/Substrate/Glints2/dict_0003_0119.uasset" 8481
"../../../Engine/Content/EngineMaterials/Substrate/Glints2/dict_0003_0137.uasset" 8482
"../../../Engine/Content/EngineMaterials/Substrate/Glints2/dict_0003_0135.uasset" 8483
"../../../Engine/Content/EngineMaterials/Substrate/Glints2/dict_0003_0143.uasset" 8484
"../../../Engine/Content/EngineMaterials/Substrate/Glints2/dict_0003_0148.uasset" 8485
"../../../Engine/Content/EngineMaterials/Substrate/Glints2/dict_0003_0125.uasset" 8486
"../../../Engine/Content/EngineMaterials/Substrate/Glints2/dict_0003_0133.uasset" 8487
"../../../Engine/Content/EngineMaterials/Substrate/Glints2/dict_0003_0142.uasset" 8488
"../../../Engine/Content/EngineMaterials/Substrate/Glints2/dict_0003_0124.uasset" 8489
"../../../Engine/Content/EngineMaterials/Substrate/Glints2/dict_0003_0141.uasset" 8490
"../../../Engine/Content/EngineMaterials/Substrate/Glints2/dict_0003_0140.uasset" 8491
"../../../Engine/Content/EngineMaterials/Substrate/Glints2/dict_0003_0134.uasset" 8492
"../../../Engine/Content/EngineMaterials/Substrate/Glints2/dict_0003_0120.uasset" 8493
"../../../Engine/Content/EngineMaterials/Substrate/Glints2/dict_0003_0127.uasset" 8494
"../../../Engine/Content/EngineMaterials/Substrate/Glints2/dict_0003_0121.uasset" 8495
"../../../Engine/Content/EngineMaterials/Substrate/Glints2/dict_0003_0131.uasset" 8496
"../../../Engine/Content/EngineMaterials/Substrate/Glints2/dict_0003_0126.uasset" 8497
"../../../Engine/Content/EngineMaterials/Substrate/Glints2/dict_0003_0122.uasset" 8498
"../../../Engine/Content/EngineMaterials/Substrate/Glints2/dict_0003_0130.uasset" 8499
"../../../Engine/Content/EngineMaterials/Substrate/Glints2/dict_0003_0147.uasset" 8500
"../../../Engine/Content/EngineMaterials/Substrate/Glints2/dict_0003_0123.uasset" 8501
"/Engine/EngineMaterials/Substrate/Glints2/dict_0003_0119" 8502
"../../../Engine/Content/EngineMaterials/Substrate/Glints2/dict_0003_0118.uasset" 8503
"/Engine/EngineMaterials/Substrate/Glints2/dict_0003_0120" 8504
"/Engine/EngineMaterials/Substrate/Glints2/dict_0003_0121" 8505
"../../../Engine/Content/EngineMaterials/Substrate/Glints2/dict_0003_0117.uasset" 8506
"/Engine/EngineMaterials/Substrate/Glints2/dict_0003_0122" 8507
"/Engine/EngineMaterials/Substrate/Glints2/dict_0003_0123" 8508
"/Engine/EngineMaterials/Substrate/Glints2/dict_0003_0124" 8509
"/Engine/EngineMaterials/Substrate/Glints2/dict_0003_0125" 8510
"/Engine/EngineMaterials/Substrate/Glints2/dict_0003_0126" 8511
"/Engine/EngineMaterials/Substrate/Glints2/dict_0003_0127" 8512
"/Engine/EngineMaterials/Substrate/Glints2/dict_0003_0128" 8513
"/Engine/EngineMaterials/Substrate/Glints2/dict_0003_0129" 8514
"/Engine/EngineMaterials/Substrate/Glints2/dict_0003_0130" 8515
"/Engine/EngineMaterials/Substrate/Glints2/dict_0003_0131" 8516
"/Engine/EngineMaterials/Substrate/Glints2/dict_0003_0132" 8517
"/Engine/EngineMaterials/Substrate/Glints2/dict_0003_0133" 8518
"/Engine/EngineMaterials/Substrate/Glints2/dict_0003_0134" 8519
"/Engine/EngineMaterials/Substrate/Glints2/dict_0003_0135" 8520
"/Engine/EngineMaterials/Substrate/Glints2/dict_0003_0136" 8521
"/Engine/EngineMaterials/Substrate/Glints2/dict_0003_0137" 8522
"/Engine/EngineMaterials/Substrate/Glints2/dict_0003_0138" 8523
"/Engine/EngineMaterials/Substrate/Glints2/dict_0003_0139" 8524
"/Engine/EngineMaterials/Substrate/Glints2/dict_0003_0140" 8525
"/Engine/EngineMaterials/Substrate/Glints2/dict_0003_0141" 8526
"/Engine/EngineMaterials/Substrate/Glints2/dict_0003_0142" 8527
"/Engine/EngineMaterials/Substrate/Glints2/dict_0003_0143" 8528
"/Engine/EngineMaterials/Substrate/Glints2/dict_0003_0144" 8529
"/Engine/EngineMaterials/Substrate/Glints2/dict_0003_0145" 8530
"/Engine/EngineMaterials/Substrate/Glints2/dict_0003_0146" 8531
"/Engine/EngineMaterials/Substrate/Glints2/dict_0003_0147" 8532
"/Engine/EngineMaterials/Substrate/Glints2/dict_0003_0148" 8533
"/Engine/EngineMaterials/Substrate/Glints2/dict_0003_0117" 8534
"/Engine/EngineMaterials/Substrate/Glints2/dict_0003_0118" 8535
"../../../Engine/Content/EngineMaterials/Substrate/Glints2/dict_0003_0112.uasset" 8536
"../../../Engine/Content/EngineMaterials/Substrate/Glints2/dict_0003_0111.uasset" 8537
"../../../Engine/Content/EngineMaterials/Substrate/Glints2/dict_0003_0100.uasset" 8538
"../../../Engine/Content/EngineMaterials/Substrate/Glints2/dict_0003_0116.uasset" 8539
"../../../Engine/Content/EngineMaterials/Substrate/Glints2/dict_0003_0107.uasset" 8540
"../../../Engine/Content/EngineMaterials/Substrate/Glints2/dict_0003_0110.uasset" 8541
"../../../Engine/Content/EngineMaterials/Substrate/Glints2/dict_0003_0095.uasset" 8542
"../../../Engine/Content/EngineMaterials/Substrate/Glints2/dict_0003_0099.uasset" 8543
"../../../Engine/Content/EngineMaterials/Substrate/Glints2/dict_0003_0115.uasset" 8544
"../../../Engine/Content/EngineMaterials/Substrate/Glints2/dict_0003_0094.uasset" 8545
"../../../Engine/Content/EngineMaterials/Substrate/Glints2/dict_0003_0108.uasset" 8546
"../../../Engine/Content/EngineMaterials/Substrate/Glints2/dict_0003_0093.uasset" 8547
"../../../Engine/Content/EngineMaterials/Substrate/Glints2/dict_0003_0089.uasset" 8548
"../../../Engine/Content/EngineMaterials/Substrate/Glints2/dict_0003_0113.uasset" 8549
"../../../Engine/Content/EngineMaterials/Substrate/Glints2/dict_0003_0088.uasset" 8550
"../../../Engine/Content/EngineMaterials/Substrate/Glints2/dict_0003_0106.uasset" 8551
"../../../Engine/Content/EngineMaterials/Substrate/Glints2/dict_0003_0102.uasset" 8552
"../../../Engine/Content/EngineMaterials/Substrate/Glints2/dict_0003_0091.uasset" 8553
"../../../Engine/Content/EngineMaterials/Substrate/Glints2/dict_0003_0114.uasset" 8554
"../../../Engine/Content/EngineMaterials/Substrate/Glints2/dict_0003_0105.uasset" 8555
"../../../Engine/Content/EngineMaterials/Substrate/Glints2/dict_0003_0092.uasset" 8556
"../../../Engine/Content/EngineMaterials/Substrate/Glints2/dict_0003_0104.uasset" 8557
"../../../Engine/Content/EngineMaterials/Substrate/Glints2/dict_0003_0087.uasset" 8558
"../../../Engine/Content/EngineMaterials/Substrate/Glints2/dict_0003_0109.uasset" 8559
"../../../Engine/Content/EngineMaterials/Substrate/Glints2/dict_0003_0101.uasset" 8560
"../../../Engine/Content/EngineMaterials/Substrate/Glints2/dict_0003_0098.uasset" 8561
"../../../Engine/Content/EngineMaterials/Substrate/Glints2/dict_0003_0096.uasset" 8562
"../../../Engine/Content/EngineMaterials/Substrate/Glints2/dict_0003_0103.uasset" 8563
"../../../Engine/Content/EngineMaterials/Substrate/Glints2/dict_0003_0097.uasset" 8564
"../../../Engine/Content/EngineMaterials/Substrate/Glints2/dict_0003_0090.uasset" 8565
"../../../Engine/Content/EngineMaterials/Substrate/Glints2/dict_0003_0086.uasset" 8566
"../../../Engine/Content/EngineMaterials/Substrate/Glints2/dict_0003_0085.uasset" 8567
"/Engine/EngineMaterials/Substrate/Glints2/dict_0003_0086" 8568
"/Engine/EngineMaterials/Substrate/Glints2/dict_0003_0087" 8569
"/Engine/EngineMaterials/Substrate/Glints2/dict_0003_0088" 8570
"/Engine/EngineMaterials/Substrate/Glints2/dict_0003_0089" 8571
"/Engine/EngineMaterials/Substrate/Glints2/dict_0003_0090" 8572
"/Engine/EngineMaterials/Substrate/Glints2/dict_0003_0091" 8573
"/Engine/EngineMaterials/Substrate/Glints2/dict_0003_0092" 8574
"/Engine/EngineMaterials/Substrate/Glints2/dict_0003_0093" 8575
"/Engine/EngineMaterials/Substrate/Glints2/dict_0003_0094" 8576
"/Engine/EngineMaterials/Substrate/Glints2/dict_0003_0095" 8577
"/Engine/EngineMaterials/Substrate/Glints2/dict_0003_0096" 8578
"/Engine/EngineMaterials/Substrate/Glints2/dict_0003_0097" 8579
"/Engine/EngineMaterials/Substrate/Glints2/dict_0003_0098" 8580
"/Engine/EngineMaterials/Substrate/Glints2/dict_0003_0099" 8581
"/Engine/EngineMaterials/Substrate/Glints2/dict_0003_0100" 8582
"/Engine/EngineMaterials/Substrate/Glints2/dict_0003_0101" 8583
"/Engine/EngineMaterials/Substrate/Glints2/dict_0003_0102" 8584
"/Engine/EngineMaterials/Substrate/Glints2/dict_0003_0103" 8585
"/Engine/EngineMaterials/Substrate/Glints2/dict_0003_0104" 8586
"/Engine/EngineMaterials/Substrate/Glints2/dict_0003_0105" 8587
"/Engine/EngineMaterials/Substrate/Glints2/dict_0003_0106" 8588
"/Engine/EngineMaterials/Substrate/Glints2/dict_0003_0107" 8589
"/Engine/EngineMaterials/Substrate/Glints2/dict_0003_0108" 8590
"/Engine/EngineMaterials/Substrate/Glints2/dict_0003_0109" 8591
"/Engine/EngineMaterials/Substrate/Glints2/dict_0003_0110" 8592
"/Engine/EngineMaterials/Substrate/Glints2/dict_0003_0111" 8593
"/Engine/EngineMaterials/Substrate/Glints2/dict_0003_0112" 8594
"/Engine/EngineMaterials/Substrate/Glints2/dict_0003_0113" 8595
"/Engine/EngineMaterials/Substrate/Glints2/dict_0003_0114" 8596
"/Engine/EngineMaterials/Substrate/Glints2/dict_0003_0115" 8597
"/Engine/EngineMaterials/Substrate/Glints2/dict_0003_0116" 8598
"/Engine/EngineMaterials/Substrate/Glints2/dict_0003_0085" 8599
"../../../Engine/Content/EngineMaterials/Substrate/Glints2/dict_0003_0081.uasset" 8600
"../../../Engine/Content/EngineMaterials/Substrate/Glints2/dict_0003_0076.uasset" 8601
"../../../Engine/Content/EngineMaterials/Substrate/Glints2/dict_0003_0084.uasset" 8602
"../../../Engine/Content/EngineMaterials/Substrate/Glints2/dict_0003_0080.uasset" 8603
"../../../Engine/Content/EngineMaterials/Substrate/Glints2/dict_0003_0077.uasset" 8604
"../../../Engine/Content/EngineMaterials/Substrate/Glints2/dict_0003_0071.uasset" 8605
"../../../Engine/Content/EngineMaterials/Substrate/Glints2/dict_0003_0065.uasset" 8606
"../../../Engine/Content/EngineMaterials/Substrate/Glints2/dict_0003_0056.uasset" 8607
"../../../Engine/Content/EngineMaterials/Substrate/Glints2/dict_0003_0066.uasset" 8608
"../../../Engine/Content/EngineMaterials/Substrate/Glints2/dict_0003_0064.uasset" 8609
"../../../Engine/Content/EngineMaterials/Substrate/Glints2/dict_0003_0068.uasset" 8610
"../../../Engine/Content/EngineMaterials/Substrate/Glints2/dict_0003_0069.uasset" 8611
"../../../Engine/Content/EngineMaterials/Substrate/Glints2/dict_0003_0079.uasset" 8612
"../../../Engine/Content/EngineMaterials/Substrate/Glints2/dict_0003_0078.uasset" 8613
"../../../Engine/Content/EngineMaterials/Substrate/Glints2/dict_0003_0070.uasset" 8614
"../../../Engine/Content/EngineMaterials/Substrate/Glints2/dict_0003_0083.uasset" 8615
"../../../Engine/Content/EngineMaterials/Substrate/Glints2/dict_0003_0059.uasset" 8616
"../../../Engine/Content/EngineMaterials/Substrate/Glints2/dict_0003_0073.uasset" 8617
"../../../Engine/Content/EngineMaterials/Substrate/Glints2/dict_0003_0082.uasset" 8618
"../../../Engine/Content/EngineMaterials/Substrate/Glints2/dict_0003_0060.uasset" 8619
"../../../Engine/Content/EngineMaterials/Substrate/Glints2/dict_0003_0072.uasset" 8620
"../../../Engine/Content/EngineMaterials/Substrate/Glints2/dict_0003_0055.uasset" 8621
"../../../Engine/Content/EngineMaterials/Substrate/Glints2/dict_0003_0062.uasset" 8622
"../../../Engine/Content/EngineMaterials/Substrate/Glints2/dict_0003_0061.uasset" 8623
"../../../Engine/Content/EngineMaterials/Substrate/Glints2/dict_0003_0075.uasset" 8624
"../../../Engine/Content/EngineMaterials/Substrate/Glints2/dict_0003_0063.uasset" 8625
"../../../Engine/Content/EngineMaterials/Substrate/Glints2/dict_0003_0074.uasset" 8626
"../../../Engine/Content/EngineMaterials/Substrate/Glints2/dict_0003_0058.uasset" 8627
"../../../Engine/Content/EngineMaterials/Substrate/Glints2/dict_0003_0057.uasset" 8628
"../../../Engine/Content/EngineMaterials/Substrate/Glints2/dict_0003_0067.uasset" 8629
"../../../Engine/Content/EngineMaterials/Substrate/Glints2/dict_0003_0054.uasset" 8630
"../../../Engine/Content/EngineMaterials/Substrate/Glints2/dict_0003_0053.uasset" 8631
"/Engine/EngineMaterials/Substrate/Glints2/dict_0003_0054" 8632
"/Engine/EngineMaterials/Substrate/Glints2/dict_0003_0055" 8633
"/Engine/EngineMaterials/Substrate/Glints2/dict_0003_0056" 8634
"/Engine/EngineMaterials/Substrate/Glints2/dict_0003_0057" 8635
"/Engine/EngineMaterials/Substrate/Glints2/dict_0003_0058" 8636
"/Engine/EngineMaterials/Substrate/Glints2/dict_0003_0059" 8637
"/Engine/EngineMaterials/Substrate/Glints2/dict_0003_0060" 8638
"/Engine/EngineMaterials/Substrate/Glints2/dict_0003_0061" 8639
"/Engine/EngineMaterials/Substrate/Glints2/dict_0003_0062" 8640
"/Engine/EngineMaterials/Substrate/Glints2/dict_0003_0063" 8641
"/Engine/EngineMaterials/Substrate/Glints2/dict_0003_0064" 8642
"/Engine/EngineMaterials/Substrate/Glints2/dict_0003_0065" 8643
"/Engine/EngineMaterials/Substrate/Glints2/dict_0003_0066" 8644
"/Engine/EngineMaterials/Substrate/Glints2/dict_0003_0067" 8645
"/Engine/EngineMaterials/Substrate/Glints2/dict_0003_0068" 8646
"/Engine/EngineMaterials/Substrate/Glints2/dict_0003_0069" 8647
"/Engine/EngineMaterials/Substrate/Glints2/dict_0003_0070" 8648
"/Engine/EngineMaterials/Substrate/Glints2/dict_0003_0071" 8649
"/Engine/EngineMaterials/Substrate/Glints2/dict_0003_0072" 8650
"/Engine/EngineMaterials/Substrate/Glints2/dict_0003_0073" 8651
"/Engine/EngineMaterials/Substrate/Glints2/dict_0003_0074" 8652
"/Engine/EngineMaterials/Substrate/Glints2/dict_0003_0075" 8653
"/Engine/EngineMaterials/Substrate/Glints2/dict_0003_0076" 8654
"/Engine/EngineMaterials/Substrate/Glints2/dict_0003_0077" 8655
"/Engine/EngineMaterials/Substrate/Glints2/dict_0003_0078" 8656
"/Engine/EngineMaterials/Substrate/Glints2/dict_0003_0079" 8657
"/Engine/EngineMaterials/Substrate/Glints2/dict_0003_0080" 8658
"/Engine/EngineMaterials/Substrate/Glints2/dict_0003_0081" 8659
"/Engine/EngineMaterials/Substrate/Glints2/dict_0003_0082" 8660
"/Engine/EngineMaterials/Substrate/Glints2/dict_0003_0083" 8661
"/Engine/EngineMaterials/Substrate/Glints2/dict_0003_0084" 8662
"/Engine/EngineMaterials/Substrate/Glints2/dict_0003_0053" 8663
"../../../Engine/Content/EngineMaterials/Substrate/Glints2/dict_0003_0046.uasset" 8664
"../../../Engine/Content/EngineMaterials/Substrate/Glints2/dict_0003_0052.uasset" 8665
"../../../Engine/Content/EngineMaterials/Substrate/Glints2/dict_0003_0047.uasset" 8666
"../../../Engine/Content/EngineMaterials/Substrate/Glints2/dict_0003_0048.uasset" 8667
"../../../Engine/Content/EngineMaterials/Substrate/Glints2/dict_0003_0051.uasset" 8668
"../../../Engine/Content/EngineMaterials/Substrate/Glints2/dict_0003_0039.uasset" 8669
"../../../Engine/Content/EngineMaterials/Substrate/Glints2/dict_0003_0033.uasset" 8670
"../../../Engine/Content/EngineMaterials/Substrate/Glints2/dict_0003_0031.uasset" 8671
"../../../Engine/Content/EngineMaterials/Substrate/Glints2/dict_0003_0038.uasset" 8672
"../../../Engine/Content/EngineMaterials/Substrate/Glints2/dict_0003_0024.uasset" 8673
"../../../Engine/Content/EngineMaterials/Substrate/Glints2/dict_0003_0025.uasset" 8674
"../../../Engine/Content/EngineMaterials/Substrate/Glints2/dict_0003_0026.uasset" 8675
"../../../Engine/Content/EngineMaterials/Substrate/Glints2/dict_0003_0027.uasset" 8676
"../../../Engine/Content/EngineMaterials/Substrate/Glints2/dict_0003_0045.uasset" 8677
"../../../Engine/Content/EngineMaterials/Substrate/Glints2/dict_0003_0044.uasset" 8678
"../../../Engine/Content/EngineMaterials/Substrate/Glints2/dict_0003_0023.uasset" 8679
"../../../Engine/Content/EngineMaterials/Substrate/Glints2/dict_0003_0042.uasset" 8680
"../../../Engine/Content/EngineMaterials/Substrate/Glints2/dict_0003_0036.uasset" 8681
"../../../Engine/Content/EngineMaterials/Substrate/Glints2/dict_0003_0030.uasset" 8682
"../../../Engine/Content/EngineMaterials/Substrate/Glints2/dict_0003_0050.uasset" 8683
"../../../Engine/Content/EngineMaterials/Substrate/Glints2/dict_0003_0041.uasset" 8684
"../../../Engine/Content/EngineMaterials/Substrate/Glints2/dict_0003_0032.uasset" 8685
"../../../Engine/Content/EngineMaterials/Substrate/Glints2/dict_0003_0034.uasset" 8686
"../../../Engine/Content/EngineMaterials/Substrate/Glints2/dict_0003_0029.uasset" 8687
"../../../Engine/Content/EngineMaterials/Substrate/Glints2/dict_0003_0037.uasset" 8688
"../../../Engine/Content/EngineMaterials/Substrate/Glints2/dict_0003_0040.uasset" 8689
"../../../Engine/Content/EngineMaterials/Substrate/Glints2/dict_0003_0035.uasset" 8690
"../../../Engine/Content/EngineMaterials/Substrate/Glints2/dict_0003_0028.uasset" 8691
"../../../Engine/Content/EngineMaterials/Substrate/Glints2/dict_0003_0049.uasset" 8692
"../../../Engine/Content/EngineMaterials/Substrate/Glints2/dict_0003_0043.uasset" 8693
"../../../Engine/Content/EngineMaterials/Substrate/Glints2/dict_0003_0022.uasset" 8694
"../../../Engine/Content/EngineMaterials/Substrate/Glints2/dict_0003_0021.uasset" 8695
"/Engine/EngineMaterials/Substrate/Glints2/dict_0003_0022" 8696
"/Engine/EngineMaterials/Substrate/Glints2/dict_0003_0023" 8697
"/Engine/EngineMaterials/Substrate/Glints2/dict_0003_0024" 8698
"/Engine/EngineMaterials/Substrate/Glints2/dict_0003_0025" 8699
"/Engine/EngineMaterials/Substrate/Glints2/dict_0003_0026" 8700
"/Engine/EngineMaterials/Substrate/Glints2/dict_0003_0027" 8701
"/Engine/EngineMaterials/Substrate/Glints2/dict_0003_0028" 8702
"/Engine/EngineMaterials/Substrate/Glints2/dict_0003_0029" 8703
"/Engine/EngineMaterials/Substrate/Glints2/dict_0003_0030" 8704
"/Engine/EngineMaterials/Substrate/Glints2/dict_0003_0031" 8705
"/Engine/EngineMaterials/Substrate/Glints2/dict_0003_0032" 8706
"/Engine/EngineMaterials/Substrate/Glints2/dict_0003_0033" 8707
"/Engine/EngineMaterials/Substrate/Glints2/dict_0003_0034" 8708
"/Engine/EngineMaterials/Substrate/Glints2/dict_0003_0035" 8709
"/Engine/EngineMaterials/Substrate/Glints2/dict_0003_0036" 8710
"/Engine/EngineMaterials/Substrate/Glints2/dict_0003_0037" 8711
"/Engine/EngineMaterials/Substrate/Glints2/dict_0003_0038" 8712
"/Engine/EngineMaterials/Substrate/Glints2/dict_0003_0039" 8713
"/Engine/EngineMaterials/Substrate/Glints2/dict_0003_0040" 8714
"/Engine/EngineMaterials/Substrate/Glints2/dict_0003_0041" 8715
"/Engine/EngineMaterials/Substrate/Glints2/dict_0003_0042" 8716
"/Engine/EngineMaterials/Substrate/Glints2/dict_0003_0043" 8717
"/Engine/EngineMaterials/Substrate/Glints2/dict_0003_0044" 8718
"/Engine/EngineMaterials/Substrate/Glints2/dict_0003_0045" 8719
"/Engine/EngineMaterials/Substrate/Glints2/dict_0003_0046" 8720
"/Engine/EngineMaterials/Substrate/Glints2/dict_0003_0047" 8721
"/Engine/EngineMaterials/Substrate/Glints2/dict_0003_0048" 8722
"/Engine/EngineMaterials/Substrate/Glints2/dict_0003_0049" 8723
"/Engine/EngineMaterials/Substrate/Glints2/dict_0003_0050" 8724
"/Engine/EngineMaterials/Substrate/Glints2/dict_0003_0051" 8725
"/Engine/EngineMaterials/Substrate/Glints2/dict_0003_0052" 8726
"/Engine/EngineMaterials/Substrate/Glints2/dict_0003_0021" 8727
"../../../Engine/Content/EngineMaterials/Substrate/Glints2/dict_0003_0020.uasset" 8728
"../../../Engine/Content/EngineMaterials/Substrate/Glints2/dict_0003_0016.uasset" 8729
"../../../Engine/Content/EngineMaterials/Substrate/Glints2/dict_0003_0002.uasset" 8730
"../../../Engine/Content/EngineMaterials/Substrate/Glints2/dict_0003_0013.uasset" 8731
"../../../Engine/Content/EngineMaterials/Substrate/Glints2/dict_0003_0012.uasset" 8732
"../../../Engine/Content/EngineMaterials/Substrate/Glints2/dict_0003_0015.uasset" 8733
"../../../Engine/Content/EngineMaterials/Substrate/Glints2/dict_0002_0255.uasset" 8734
"../../../Engine/Content/EngineMaterials/Substrate/Glints2/dict_0002_0248.uasset" 8735
"../../../Engine/Content/EngineMaterials/Substrate/Glints2/dict_0003_0017.uasset" 8736
"../../../Engine/Content/EngineMaterials/Substrate/Glints2/dict_0002_0254.uasset" 8737
"../../../Engine/Content/EngineMaterials/Substrate/Glints2/dict_0002_0249.uasset" 8738
"../../../Engine/Content/EngineMaterials/Substrate/Glints2/dict_0003_0000.uasset" 8739
"../../../Engine/Content/EngineMaterials/Substrate/Glints2/dict_0002_0247.uasset" 8740
"../../../Engine/Content/EngineMaterials/Substrate/Glints2/dict_0003_0018.uasset" 8741
"../../../Engine/Content/EngineMaterials/Substrate/Glints2/dict_0002_0251.uasset" 8742
"../../../Engine/Content/EngineMaterials/Substrate/Glints2/dict_0003_0010.uasset" 8743
"../../../Engine/Content/EngineMaterials/Substrate/Glints2/dict_0003_0007.uasset" 8744
"../../../Engine/Content/EngineMaterials/Substrate/Glints2/dict_0003_0003.uasset" 8745
"../../../Engine/Content/EngineMaterials/Substrate/Glints2/dict_0003_0011.uasset" 8746
"../../../Engine/Content/EngineMaterials/Substrate/Glints2/dict_0003_0019.uasset" 8747
"../../../Engine/Content/EngineMaterials/Substrate/Glints2/dict_0002_0252.uasset" 8748
"../../../Engine/Content/EngineMaterials/Substrate/Glints2/dict_0003_0006.uasset" 8749
"../../../Engine/Content/EngineMaterials/Substrate/Glints2/dict_0002_0250.uasset" 8750
"../../../Engine/Content/EngineMaterials/Substrate/Glints2/dict_0003_0005.uasset" 8751
"../../../Engine/Content/EngineMaterials/Substrate/Glints2/dict_0003_0004.uasset" 8752
"../../../Engine/Content/EngineMaterials/Substrate/Glints2/dict_0002_0253.uasset" 8753
"../../../Engine/Content/EngineMaterials/Substrate/Glints2/dict_0003_0014.uasset" 8754
"../../../Engine/Content/EngineMaterials/Substrate/Glints2/dict_0003_0008.uasset" 8755
"../../../Engine/Content/EngineMaterials/Substrate/Glints2/dict_0003_0009.uasset" 8756
"../../../Engine/Content/EngineMaterials/Substrate/Glints2/dict_0003_0001.uasset" 8757
"../../../Engine/Content/EngineMaterials/Substrate/Glints2/dict_0002_0245.uasset" 8758
"../../../Engine/Content/EngineMaterials/Substrate/Glints2/dict_0002_0246.uasset" 8759
"/Engine/EngineMaterials/Substrate/Glints2/dict_0002_0245" 8760
"/Engine/EngineMaterials/Substrate/Glints2/dict_0002_0246" 8761
"/Engine/EngineMaterials/Substrate/Glints2/dict_0002_0247" 8762
"/Engine/EngineMaterials/Substrate/Glints2/dict_0002_0248" 8763
"/Engine/EngineMaterials/Substrate/Glints2/dict_0002_0249" 8764
"/Engine/EngineMaterials/Substrate/Glints2/dict_0002_0250" 8765
"/Engine/EngineMaterials/Substrate/Glints2/dict_0002_0251" 8766
"/Engine/EngineMaterials/Substrate/Glints2/dict_0002_0252" 8767
"/Engine/EngineMaterials/Substrate/Glints2/dict_0002_0253" 8768
"/Engine/EngineMaterials/Substrate/Glints2/dict_0002_0254" 8769
"/Engine/EngineMaterials/Substrate/Glints2/dict_0002_0255" 8770
"/Engine/EngineMaterials/Substrate/Glints2/dict_0003_0000" 8771
"/Engine/EngineMaterials/Substrate/Glints2/dict_0003_0001" 8772
"/Engine/EngineMaterials/Substrate/Glints2/dict_0003_0002" 8773
"/Engine/EngineMaterials/Substrate/Glints2/dict_0003_0003" 8774
"/Engine/EngineMaterials/Substrate/Glints2/dict_0003_0004" 8775
"/Engine/EngineMaterials/Substrate/Glints2/dict_0003_0005" 8776
"/Engine/EngineMaterials/Substrate/Glints2/dict_0003_0006" 8777
"/Engine/EngineMaterials/Substrate/Glints2/dict_0003_0007" 8778
"/Engine/EngineMaterials/Substrate/Glints2/dict_0003_0008" 8779
"/Engine/EngineMaterials/Substrate/Glints2/dict_0003_0009" 8780
"/Engine/EngineMaterials/Substrate/Glints2/dict_0003_0010" 8781
"/Engine/EngineMaterials/Substrate/Glints2/dict_0003_0011" 8782
"/Engine/EngineMaterials/Substrate/Glints2/dict_0003_0012" 8783
"/Engine/EngineMaterials/Substrate/Glints2/dict_0003_0013" 8784
"/Engine/EngineMaterials/Substrate/Glints2/dict_0003_0014" 8785
"/Engine/EngineMaterials/Substrate/Glints2/dict_0003_0015" 8786
"/Engine/EngineMaterials/Substrate/Glints2/dict_0003_0016" 8787
"/Engine/EngineMaterials/Substrate/Glints2/dict_0003_0017" 8788
"/Engine/EngineMaterials/Substrate/Glints2/dict_0003_0018" 8789
"/Engine/EngineMaterials/Substrate/Glints2/dict_0003_0019" 8790
"/Engine/EngineMaterials/Substrate/Glints2/dict_0003_0020" 8791
"../../../Engine/Content/EngineMaterials/Substrate/Glints2/dict_0002_0240.uasset" 8792
"../../../Engine/Content/EngineMaterials/Substrate/Glints2/dict_0002_0244.uasset" 8793
"../../../Engine/Content/EngineMaterials/Substrate/Glints2/dict_0002_0239.uasset" 8794
"../../../Engine/Content/EngineMaterials/Substrate/Glints2/dict_0002_0243.uasset" 8795
"../../../Engine/Content/EngineMaterials/Substrate/Glints2/dict_0002_0237.uasset" 8796
"../../../Engine/Content/EngineMaterials/Substrate/Glints2/dict_0002_0227.uasset" 8797
"../../../Engine/Content/EngineMaterials/Substrate/Glints2/dict_0002_0220.uasset" 8798
"../../../Engine/Content/EngineMaterials/Substrate/Glints2/dict_0002_0241.uasset" 8799
"../../../Engine/Content/EngineMaterials/Substrate/Glints2/dict_0002_0232.uasset" 8800
"../../../Engine/Content/EngineMaterials/Substrate/Glints2/dict_0002_0221.uasset" 8801
"../../../Engine/Content/EngineMaterials/Substrate/Glints2/dict_0002_0233.uasset" 8802
"../../../Engine/Content/EngineMaterials/Substrate/Glints2/dict_0002_0229.uasset" 8803
"../../../Engine/Content/EngineMaterials/Substrate/Glints2/dict_0002_0235.uasset" 8804
"../../../Engine/Content/EngineMaterials/Substrate/Glints2/dict_0002_0228.uasset" 8805
"../../../Engine/Content/EngineMaterials/Substrate/Glints2/dict_0002_0242.uasset" 8806
"../../../Engine/Content/EngineMaterials/Substrate/Glints2/dict_0002_0223.uasset" 8807
"../../../Engine/Content/EngineMaterials/Substrate/Glints2/dict_0002_0238.uasset" 8808
"../../../Engine/Content/EngineMaterials/Substrate/Glints2/dict_0002_0224.uasset" 8809
"../../../Engine/Content/EngineMaterials/Substrate/Glints2/dict_0002_0216.uasset" 8810
"../../../Engine/Content/EngineMaterials/Substrate/Glints2/dict_0002_0219.uasset" 8811
"../../../Engine/Content/EngineMaterials/Substrate/Glints2/dict_0002_0218.uasset" 8812
"../../../Engine/Content/EngineMaterials/Substrate/Glints2/dict_0002_0230.uasset" 8813
"../../../Engine/Content/EngineMaterials/Substrate/Glints2/dict_0002_0236.uasset" 8814
"../../../Engine/Content/EngineMaterials/Substrate/Glints2/dict_0002_0231.uasset" 8815
"../../../Engine/Content/EngineMaterials/Substrate/Glints2/dict_0002_0222.uasset" 8816
"../../../Engine/Content/EngineMaterials/Substrate/Glints2/dict_0002_0226.uasset" 8817
"../../../Engine/Content/EngineMaterials/Substrate/Glints2/dict_0002_0215.uasset" 8818
"../../../Engine/Content/EngineMaterials/Substrate/Glints2/dict_0002_0234.uasset" 8819
"../../../Engine/Content/EngineMaterials/Substrate/Glints2/dict_0002_0217.uasset" 8820
"../../../Engine/Content/EngineMaterials/Substrate/Glints2/dict_0002_0225.uasset" 8821
"../../../Engine/Content/EngineMaterials/Substrate/Glints2/dict_0002_0214.uasset" 8822
"/Engine/EngineMaterials/Substrate/Glints2/dict_0002_0214" 8823
"../../../Engine/Content/EngineMaterials/Substrate/Glints2/dict_0002_0213.uasset" 8824
"/Engine/EngineMaterials/Substrate/Glints2/dict_0002_0215" 8825
"/Engine/EngineMaterials/Substrate/Glints2/dict_0002_0216" 8826
"/Engine/EngineMaterials/Substrate/Glints2/dict_0002_0217" 8827
"/Engine/EngineMaterials/Substrate/Glints2/dict_0002_0218" 8828
"/Engine/EngineMaterials/Substrate/Glints2/dict_0002_0219" 8829
"/Engine/EngineMaterials/Substrate/Glints2/dict_0002_0220" 8830
"/Engine/EngineMaterials/Substrate/Glints2/dict_0002_0221" 8831
"/Engine/EngineMaterials/Substrate/Glints2/dict_0002_0222" 8832
"/Engine/EngineMaterials/Substrate/Glints2/dict_0002_0223" 8833
"/Engine/EngineMaterials/Substrate/Glints2/dict_0002_0224" 8834
"/Engine/EngineMaterials/Substrate/Glints2/dict_0002_0225" 8835
"/Engine/EngineMaterials/Substrate/Glints2/dict_0002_0226" 8836
"/Engine/EngineMaterials/Substrate/Glints2/dict_0002_0227" 8837
"/Engine/EngineMaterials/Substrate/Glints2/dict_0002_0228" 8838
"/Engine/EngineMaterials/Substrate/Glints2/dict_0002_0229" 8839
"/Engine/EngineMaterials/Substrate/Glints2/dict_0002_0230" 8840
"/Engine/EngineMaterials/Substrate/Glints2/dict_0002_0231" 8841
"/Engine/EngineMaterials/Substrate/Glints2/dict_0002_0232" 8842
"/Engine/EngineMaterials/Substrate/Glints2/dict_0002_0233" 8843
"/Engine/EngineMaterials/Substrate/Glints2/dict_0002_0234" 8844
"/Engine/EngineMaterials/Substrate/Glints2/dict_0002_0235" 8845
"/Engine/EngineMaterials/Substrate/Glints2/dict_0002_0236" 8846
"/Engine/EngineMaterials/Substrate/Glints2/dict_0002_0237" 8847
"/Engine/EngineMaterials/Substrate/Glints2/dict_0002_0238" 8848
"/Engine/EngineMaterials/Substrate/Glints2/dict_0002_0239" 8849
"/Engine/EngineMaterials/Substrate/Glints2/dict_0002_0240" 8850
"/Engine/EngineMaterials/Substrate/Glints2/dict_0002_0241" 8851
"/Engine/EngineMaterials/Substrate/Glints2/dict_0002_0242" 8852
"/Engine/EngineMaterials/Substrate/Glints2/dict_0002_0243" 8853
"/Engine/EngineMaterials/Substrate/Glints2/dict_0002_0244" 8854
"/Engine/EngineMaterials/Substrate/Glints2/dict_0002_0213" 8855
"../../../Engine/Content/EngineMaterials/Substrate/Glints2/dict_0002_0212.uasset" 8856
"../../../Engine/Content/EngineMaterials/Substrate/Glints2/dict_0002_0194.uasset" 8857
"../../../Engine/Content/EngineMaterials/Substrate/Glints2/dict_0002_0202.uasset" 8858
"../../../Engine/Content/EngineMaterials/Substrate/Glints2/dict_0002_0210.uasset" 8859
"../../../Engine/Content/EngineMaterials/Substrate/Glints2/dict_0002_0191.uasset" 8860
"../../../Engine/Content/EngineMaterials/Substrate/Glints2/dict_0002_0211.uasset" 8861
"../../../Engine/Content/EngineMaterials/Substrate/Glints2/dict_0002_0200.uasset" 8862
"../../../Engine/Content/EngineMaterials/Substrate/Glints2/dict_0002_0207.uasset" 8863
"../../../Engine/Content/EngineMaterials/Substrate/Glints2/dict_0002_0188.uasset" 8864
"../../../Engine/Content/EngineMaterials/Substrate/Glints2/dict_0002_0203.uasset" 8865
"../../../Engine/Content/EngineMaterials/Substrate/Glints2/dict_0002_0198.uasset" 8866
"../../../Engine/Content/EngineMaterials/Substrate/Glints2/dict_0002_0190.uasset" 8867
"../../../Engine/Content/EngineMaterials/Substrate/Glints2/dict_0002_0204.uasset" 8868
"../../../Engine/Content/EngineMaterials/Substrate/Glints2/dict_0002_0183.uasset" 8869
"../../../Engine/Content/EngineMaterials/Substrate/Glints2/dict_0002_0196.uasset" 8870
"../../../Engine/Content/EngineMaterials/Substrate/Glints2/dict_0002_0184.uasset" 8871
"../../../Engine/Content/EngineMaterials/Substrate/Glints2/dict_0002_0208.uasset" 8872
"../../../Engine/Content/EngineMaterials/Substrate/Glints2/dict_0002_0195.uasset" 8873
"../../../Engine/Content/EngineMaterials/Substrate/Glints2/dict_0002_0193.uasset" 8874
"../../../Engine/Content/EngineMaterials/Substrate/Glints2/dict_0002_0197.uasset" 8875
"../../../Engine/Content/EngineMaterials/Substrate/Glints2/dict_0002_0185.uasset" 8876
"../../../Engine/Content/EngineMaterials/Substrate/Glints2/dict_0002_0201.uasset" 8877
"../../../Engine/Content/EngineMaterials/Substrate/Glints2/dict_0002_0189.uasset" 8878
"../../../Engine/Content/EngineMaterials/Substrate/Glints2/dict_0002_0205.uasset" 8879
"../../../Engine/Content/EngineMaterials/Substrate/Glints2/dict_0002_0199.uasset" 8880
"../../../Engine/Content/EngineMaterials/Substrate/Glints2/dict_0002_0186.uasset" 8881
"../../../Engine/Content/EngineMaterials/Substrate/Glints2/dict_0002_0187.uasset" 8882
"../../../Engine/Content/EngineMaterials/Substrate/Glints2/dict_0002_0206.uasset" 8883
"../../../Engine/Content/EngineMaterials/Substrate/Glints2/dict_0002_0192.uasset" 8884
"../../../Engine/Content/EngineMaterials/Substrate/Glints2/dict_0002_0209.uasset" 8885
"../../../Engine/Content/EngineMaterials/Substrate/Glints2/dict_0002_0181.uasset" 8886
"../../../Engine/Content/EngineMaterials/Substrate/Glints2/dict_0002_0182.uasset" 8887
"/Engine/EngineMaterials/Substrate/Glints2/dict_0002_0181" 8888
"/Engine/EngineMaterials/Substrate/Glints2/dict_0002_0182" 8889
"/Engine/EngineMaterials/Substrate/Glints2/dict_0002_0183" 8890
"/Engine/EngineMaterials/Substrate/Glints2/dict_0002_0184" 8891
"/Engine/EngineMaterials/Substrate/Glints2/dict_0002_0185" 8892
"/Engine/EngineMaterials/Substrate/Glints2/dict_0002_0186" 8893
"/Engine/EngineMaterials/Substrate/Glints2/dict_0002_0187" 8894
"/Engine/EngineMaterials/Substrate/Glints2/dict_0002_0188" 8895
"/Engine/EngineMaterials/Substrate/Glints2/dict_0002_0189" 8896
"/Engine/EngineMaterials/Substrate/Glints2/dict_0002_0190" 8897
"/Engine/EngineMaterials/Substrate/Glints2/dict_0002_0191" 8898
"/Engine/EngineMaterials/Substrate/Glints2/dict_0002_0192" 8899
"/Engine/EngineMaterials/Substrate/Glints2/dict_0002_0193" 8900
"/Engine/EngineMaterials/Substrate/Glints2/dict_0002_0194" 8901
"/Engine/EngineMaterials/Substrate/Glints2/dict_0002_0195" 8902
"/Engine/EngineMaterials/Substrate/Glints2/dict_0002_0196" 8903
"/Engine/EngineMaterials/Substrate/Glints2/dict_0002_0197" 8904
"/Engine/EngineMaterials/Substrate/Glints2/dict_0002_0198" 8905
"/Engine/EngineMaterials/Substrate/Glints2/dict_0002_0199" 8906
"/Engine/EngineMaterials/Substrate/Glints2/dict_0002_0200" 8907
"/Engine/EngineMaterials/Substrate/Glints2/dict_0002_0201" 8908
"/Engine/EngineMaterials/Substrate/Glints2/dict_0002_0202" 8909
"/Engine/EngineMaterials/Substrate/Glints2/dict_0002_0203" 8910
"/Engine/EngineMaterials/Substrate/Glints2/dict_0002_0204" 8911
"/Engine/EngineMaterials/Substrate/Glints2/dict_0002_0205" 8912
"/Engine/EngineMaterials/Substrate/Glints2/dict_0002_0206" 8913
"/Engine/EngineMaterials/Substrate/Glints2/dict_0002_0207" 8914
"/Engine/EngineMaterials/Substrate/Glints2/dict_0002_0208" 8915
"/Engine/EngineMaterials/Substrate/Glints2/dict_0002_0209" 8916
"/Engine/EngineMaterials/Substrate/Glints2/dict_0002_0210" 8917
"/Engine/EngineMaterials/Substrate/Glints2/dict_0002_0211" 8918
"/Engine/EngineMaterials/Substrate/Glints2/dict_0002_0212" 8919
"../../../Engine/Content/EngineMaterials/Substrate/Glints2/dict_0002_0176.uasset" 8920
"../../../Engine/Content/EngineMaterials/Substrate/Glints2/dict_0002_0175.uasset" 8921
"../../../Engine/Content/EngineMaterials/Substrate/Glints2/dict_0002_0163.uasset" 8922
"../../../Engine/Content/EngineMaterials/Substrate/Glints2/dict_0002_0167.uasset" 8923
"../../../Engine/Content/EngineMaterials/Substrate/Glints2/dict_0002_0164.uasset" 8924
"../../../Engine/Content/EngineMaterials/Substrate/Glints2/dict_0002_0160.uasset" 8925
"../../../Engine/Content/EngineMaterials/Substrate/Glints2/dict_0002_0161.uasset" 8926
"../../../Engine/Content/EngineMaterials/Substrate/Glints2/dict_0002_0166.uasset" 8927
"../../../Engine/Content/EngineMaterials/Substrate/Glints2/dict_0002_0165.uasset" 8928
"../../../Engine/Content/EngineMaterials/Substrate/Glints2/dict_0002_0168.uasset" 8929
"../../../Engine/Content/EngineMaterials/Substrate/Glints2/dict_0002_0171.uasset" 8930
"../../../Engine/Content/EngineMaterials/Substrate/Glints2/dict_0002_0151.uasset" 8931
"../../../Engine/Content/EngineMaterials/Substrate/Glints2/dict_0002_0172.uasset" 8932
"../../../Engine/Content/EngineMaterials/Substrate/Glints2/dict_0002_0179.uasset" 8933
"../../../Engine/Content/EngineMaterials/Substrate/Glints2/dict_0002_0157.uasset" 8934
"../../../Engine/Content/EngineMaterials/Substrate/Glints2/dict_0002_0174.uasset" 8935
"../../../Engine/Content/EngineMaterials/Substrate/Glints2/dict_0002_0156.uasset" 8936
"../../../Engine/Content/EngineMaterials/Substrate/Glints2/dict_0002_0154.uasset" 8937
"../../../Engine/Content/EngineMaterials/Substrate/Glints2/dict_0002_0158.uasset" 8938
"../../../Engine/Content/EngineMaterials/Substrate/Glints2/dict_0002_0170.uasset" 8939
"../../../Engine/Content/EngineMaterials/Substrate/Glints2/dict_0002_0180.uasset" 8940
"../../../Engine/Content/EngineMaterials/Substrate/Glints2/dict_0002_0173.uasset" 8941
"../../../Engine/Content/EngineMaterials/Substrate/Glints2/dict_0002_0177.uasset" 8942
"../../../Engine/Content/EngineMaterials/Substrate/Glints2/dict_0002_0178.uasset" 8943
"../../../Engine/Content/EngineMaterials/Substrate/Glints2/dict_0002_0152.uasset" 8944
"../../../Engine/Content/EngineMaterials/Substrate/Glints2/dict_0002_0155.uasset" 8945
"../../../Engine/Content/EngineMaterials/Substrate/Glints2/dict_0002_0159.uasset" 8946
"../../../Engine/Content/EngineMaterials/Substrate/Glints2/dict_0002_0153.uasset" 8947
"../../../Engine/Content/EngineMaterials/Substrate/Glints2/dict_0002_0162.uasset" 8948
"../../../Engine/Content/EngineMaterials/Substrate/Glints2/dict_0002_0169.uasset" 8949
"../../../Engine/Content/EngineMaterials/Substrate/Glints2/dict_0002_0150.uasset" 8950
"../../../Engine/Content/EngineMaterials/Substrate/Glints2/dict_0002_0149.uasset" 8951
"/Engine/EngineMaterials/Substrate/Glints2/dict_0002_0150" 8952
"/Engine/EngineMaterials/Substrate/Glints2/dict_0002_0151" 8953
"/Engine/EngineMaterials/Substrate/Glints2/dict_0002_0152" 8954
"/Engine/EngineMaterials/Substrate/Glints2/dict_0002_0153" 8955
"/Engine/EngineMaterials/Substrate/Glints2/dict_0002_0154" 8956
"/Engine/EngineMaterials/Substrate/Glints2/dict_0002_0155" 8957
"/Engine/EngineMaterials/Substrate/Glints2/dict_0002_0156" 8958
"/Engine/EngineMaterials/Substrate/Glints2/dict_0002_0157" 8959
"/Engine/EngineMaterials/Substrate/Glints2/dict_0002_0158" 8960
"/Engine/EngineMaterials/Substrate/Glints2/dict_0002_0159" 8961
"/Engine/EngineMaterials/Substrate/Glints2/dict_0002_0160" 8962
"/Engine/EngineMaterials/Substrate/Glints2/dict_0002_0161" 8963
"/Engine/EngineMaterials/Substrate/Glints2/dict_0002_0162" 8964
"/Engine/EngineMaterials/Substrate/Glints2/dict_0002_0163" 8965
"/Engine/EngineMaterials/Substrate/Glints2/dict_0002_0164" 8966
"/Engine/EngineMaterials/Substrate/Glints2/dict_0002_0165" 8967
"/Engine/EngineMaterials/Substrate/Glints2/dict_0002_0166" 8968
"/Engine/EngineMaterials/Substrate/Glints2/dict_0002_0167" 8969
"/Engine/EngineMaterials/Substrate/Glints2/dict_0002_0168" 8970
"/Engine/EngineMaterials/Substrate/Glints2/dict_0002_0169" 8971
"/Engine/EngineMaterials/Substrate/Glints2/dict_0002_0170" 8972
"/Engine/EngineMaterials/Substrate/Glints2/dict_0002_0171" 8973
"/Engine/EngineMaterials/Substrate/Glints2/dict_0002_0172" 8974
"/Engine/EngineMaterials/Substrate/Glints2/dict_0002_0173" 8975
"/Engine/EngineMaterials/Substrate/Glints2/dict_0002_0174" 8976
"/Engine/EngineMaterials/Substrate/Glints2/dict_0002_0175" 8977
"/Engine/EngineMaterials/Substrate/Glints2/dict_0002_0176" 8978
"/Engine/EngineMaterials/Substrate/Glints2/dict_0002_0177" 8979
"/Engine/EngineMaterials/Substrate/Glints2/dict_0002_0178" 8980
"/Engine/EngineMaterials/Substrate/Glints2/dict_0002_0179" 8981
"/Engine/EngineMaterials/Substrate/Glints2/dict_0002_0180" 8982
"/Engine/EngineMaterials/Substrate/Glints2/dict_0002_0149" 8983
"../../../Engine/Content/EngineMaterials/Substrate/Glints2/dict_0002_0147.uasset" 8984
"../../../Engine/Content/EngineMaterials/Substrate/Glints2/dict_0002_0137.uasset" 8985
"../../../Engine/Content/EngineMaterials/Substrate/Glints2/dict_0002_0138.uasset" 8986
"../../../Engine/Content/EngineMaterials/Substrate/Glints2/dict_0002_0139.uasset" 8987
"../../../Engine/Content/EngineMaterials/Substrate/Glints2/dict_0002_0148.uasset" 8988
"../../../Engine/Content/EngineMaterials/Substrate/Glints2/dict_0002_0143.uasset" 8989
"../../../Engine/Content/EngineMaterials/Substrate/Glints2/dict_0002_0133.uasset" 8990
"../../../Engine/Content/EngineMaterials/Substrate/Glints2/dict_0002_0131.uasset" 8991
"../../../Engine/Content/EngineMaterials/Substrate/Glints2/dict_0002_0128.uasset" 8992
"../../../Engine/Content/EngineMaterials/Substrate/Glints2/dict_0002_0120.uasset" 8993
"../../../Engine/Content/EngineMaterials/Substrate/Glints2/dict_0002_0130.uasset" 8994
"../../../Engine/Content/EngineMaterials/Substrate/Glints2/dict_0002_0124.uasset" 8995
"../../../Engine/Content/EngineMaterials/Substrate/Glints2/dict_0002_0141.uasset" 8996
"../../../Engine/Content/EngineMaterials/Substrate/Glints2/dict_0002_0126.uasset" 8997
"../../../Engine/Content/EngineMaterials/Substrate/Glints2/dict_0002_0123.uasset" 8998
"../../../Engine/Content/EngineMaterials/Substrate/Glints2/dict_0002_0125.uasset" 8999
"../../../Engine/Content/EngineMaterials/Substrate/Glints2/dict_0002_0135.uasset" 9000
"../../../Engine/Content/EngineMaterials/Substrate/Glints2/dict_0002_0142.uasset" 9001
"../../../Engine/Content/EngineMaterials/Substrate/Glints2/dict_0002_0121.uasset" 9002
"../../../Engine/Content/EngineMaterials/Substrate/Glints2/dict_0002_0145.uasset" 9003
"../../../Engine/Content/EngineMaterials/Substrate/Glints2/dict_0002_0144.uasset" 9004
"../../../Engine/Content/EngineMaterials/Substrate/Glints2/dict_0002_0136.uasset" 9005
"../../../Engine/Content/EngineMaterials/Substrate/Glints2/dict_0002_0134.uasset" 9006
"../../../Engine/Content/EngineMaterials/Substrate/Glints2/dict_0002_0140.uasset" 9007
"../../../Engine/Content/EngineMaterials/Substrate/Glints2/dict_0002_0119.uasset" 9008
"../../../Engine/Content/EngineMaterials/Substrate/Glints2/dict_0002_0132.uasset" 9009
"../../../Engine/Content/EngineMaterials/Substrate/Glints2/dict_0002_0146.uasset" 9010
"../../../Engine/Content/EngineMaterials/Substrate/Glints2/dict_0002_0122.uasset" 9011
"../../../Engine/Content/EngineMaterials/Substrate/Glints2/dict_0002_0129.uasset" 9012
"../../../Engine/Content/EngineMaterials/Substrate/Glints2/dict_0002_0127.uasset" 9013
"../../../Engine/Content/EngineMaterials/Substrate/Glints2/dict_0002_0117.uasset" 9014
"/Engine/EngineMaterials/Substrate/Glints2/dict_0002_0117" 9015
"../../../Engine/Content/EngineMaterials/Substrate/Glints2/dict_0002_0118.uasset" 9016
"/Engine/EngineMaterials/Substrate/Glints2/dict_0002_0119" 9017
"/Engine/EngineMaterials/Substrate/Glints2/dict_0002_0120" 9018
"/Engine/EngineMaterials/Substrate/Glints2/dict_0002_0121" 9019
"/Engine/EngineMaterials/Substrate/Glints2/dict_0002_0122" 9020
"/Engine/EngineMaterials/Substrate/Glints2/dict_0002_0123" 9021
"/Engine/EngineMaterials/Substrate/Glints2/dict_0002_0124" 9022
"/Engine/EngineMaterials/Substrate/Glints2/dict_0002_0125" 9023
"/Engine/EngineMaterials/Substrate/Glints2/dict_0002_0126" 9024
"/Engine/EngineMaterials/Substrate/Glints2/dict_0002_0127" 9025
"/Engine/EngineMaterials/Substrate/Glints2/dict_0002_0128" 9026
"/Engine/EngineMaterials/Substrate/Glints2/dict_0002_0129" 9027
"/Engine/EngineMaterials/Substrate/Glints2/dict_0002_0130" 9028
"/Engine/EngineMaterials/Substrate/Glints2/dict_0002_0131" 9029
"/Engine/EngineMaterials/Substrate/Glints2/dict_0002_0132" 9030
"/Engine/EngineMaterials/Substrate/Glints2/dict_0002_0133" 9031
"/Engine/EngineMaterials/Substrate/Glints2/dict_0002_0134" 9032
"/Engine/EngineMaterials/Substrate/Glints2/dict_0002_0135" 9033
"/Engine/EngineMaterials/Substrate/Glints2/dict_0002_0136" 9034
"/Engine/EngineMaterials/Substrate/Glints2/dict_0002_0137" 9035
"/Engine/EngineMaterials/Substrate/Glints2/dict_0002_0138" 9036
"/Engine/EngineMaterials/Substrate/Glints2/dict_0002_0139" 9037
"/Engine/EngineMaterials/Substrate/Glints2/dict_0002_0140" 9038
"/Engine/EngineMaterials/Substrate/Glints2/dict_0002_0141" 9039
"/Engine/EngineMaterials/Substrate/Glints2/dict_0002_0142" 9040
"/Engine/EngineMaterials/Substrate/Glints2/dict_0002_0143" 9041
"/Engine/EngineMaterials/Substrate/Glints2/dict_0002_0144" 9042
"/Engine/EngineMaterials/Substrate/Glints2/dict_0002_0145" 9043
"/Engine/EngineMaterials/Substrate/Glints2/dict_0002_0146" 9044
"/Engine/EngineMaterials/Substrate/Glints2/dict_0002_0147" 9045
"/Engine/EngineMaterials/Substrate/Glints2/dict_0002_0148" 9046
"/Engine/EngineMaterials/Substrate/Glints2/dict_0002_0118" 9047
"../../../Engine/Content/EngineMaterials/Substrate/Glints2/dict_0002_0105.uasset" 9048
"../../../Engine/Content/EngineMaterials/Substrate/Glints2/dict_0002_0114.uasset" 9049
"../../../Engine/Content/EngineMaterials/Substrate/Glints2/dict_0002_0111.uasset" 9050
"../../../Engine/Content/EngineMaterials/Substrate/Glints2/dict_0002_0104.uasset" 9051
"../../../Engine/Content/EngineMaterials/Substrate/Glints2/dict_0002_0116.uasset" 9052
"../../../Engine/Content/EngineMaterials/Substrate/Glints2/dict_0002_0110.uasset" 9053
"../../../Engine/Content/EngineMaterials/Substrate/Glints2/dict_0002_0103.uasset" 9054
"../../../Engine/Content/EngineMaterials/Substrate/Glints2/dict_0002_0095.uasset" 9055
"../../../Engine/Content/EngineMaterials/Substrate/Glints2/dict_0002_0088.uasset" 9056
"../../../Engine/Content/EngineMaterials/Substrate/Glints2/dict_0002_0093.uasset" 9057
"../../../Engine/Content/EngineMaterials/Substrate/Glints2/dict_0002_0108.uasset" 9058
"../../../Engine/Content/EngineMaterials/Substrate/Glints2/dict_0002_0090.uasset" 9059
"../../../Engine/Content/EngineMaterials/Substrate/Glints2/dict_0002_0109.uasset" 9060
"../../../Engine/Content/EngineMaterials/Substrate/Glints2/dict_0002_0101.uasset" 9061
"../../../Engine/Content/EngineMaterials/Substrate/Glints2/dict_0002_0089.uasset" 9062
"../../../Engine/Content/EngineMaterials/Substrate/Glints2/dict_0002_0087.uasset" 9063
"../../../Engine/Content/EngineMaterials/Substrate/Glints2/dict_0002_0106.uasset" 9064
"../../../Engine/Content/EngineMaterials/Substrate/Glints2/dict_0002_0098.uasset" 9065
"../../../Engine/Content/EngineMaterials/Substrate/Glints2/dict_0002_0091.uasset" 9066
"../../../Engine/Content/EngineMaterials/Substrate/Glints2/dict_0002_0092.uasset" 9067
"../../../Engine/Content/EngineMaterials/Substrate/Glints2/dict_0002_0099.uasset" 9068
"../../../Engine/Content/EngineMaterials/Substrate/Glints2/dict_0002_0096.uasset" 9069
"../../../Engine/Content/EngineMaterials/Substrate/Glints2/dict_0002_0112.uasset" 9070
"../../../Engine/Content/EngineMaterials/Substrate/Glints2/dict_0002_0107.uasset" 9071
"../../../Engine/Content/EngineMaterials/Substrate/Glints2/dict_0002_0094.uasset" 9072
"../../../Engine/Content/EngineMaterials/Substrate/Glints2/dict_0002_0100.uasset" 9073
"../../../Engine/Content/EngineMaterials/Substrate/Glints2/dict_0002_0113.uasset" 9074
"../../../Engine/Content/EngineMaterials/Substrate/Glints2/dict_0002_0097.uasset" 9075
"../../../Engine/Content/EngineMaterials/Substrate/Glints2/dict_0002_0102.uasset" 9076
"../../../Engine/Content/EngineMaterials/Substrate/Glints2/dict_0002_0115.uasset" 9077
"../../../Engine/Content/EngineMaterials/Substrate/Glints2/dict_0002_0085.uasset" 9078
"/Engine/EngineMaterials/Substrate/Glints2/dict_0002_0085" 9079
"/Engine/EngineMaterials/Substrate/Glints2/dict_0002_0087" 9080
"../../../Engine/Content/EngineMaterials/Substrate/Glints2/dict_0002_0086.uasset" 9081
"/Engine/EngineMaterials/Substrate/Glints2/dict_0002_0088" 9082
"/Engine/EngineMaterials/Substrate/Glints2/dict_0002_0089" 9083
"/Engine/EngineMaterials/Substrate/Glints2/dict_0002_0090" 9084
"/Engine/EngineMaterials/Substrate/Glints2/dict_0002_0091" 9085
"/Engine/EngineMaterials/Substrate/Glints2/dict_0002_0092" 9086
"/Engine/EngineMaterials/Substrate/Glints2/dict_0002_0093" 9087
"/Engine/EngineMaterials/Substrate/Glints2/dict_0002_0094" 9088
"/Engine/EngineMaterials/Substrate/Glints2/dict_0002_0095" 9089
"/Engine/EngineMaterials/Substrate/Glints2/dict_0002_0096" 9090
"/Engine/EngineMaterials/Substrate/Glints2/dict_0002_0097" 9091
"/Engine/EngineMaterials/Substrate/Glints2/dict_0002_0098" 9092
"/Engine/EngineMaterials/Substrate/Glints2/dict_0002_0099" 9093
"/Engine/EngineMaterials/Substrate/Glints2/dict_0002_0100" 9094
"/Engine/EngineMaterials/Substrate/Glints2/dict_0002_0101" 9095
"/Engine/EngineMaterials/Substrate/Glints2/dict_0002_0102" 9096
"/Engine/EngineMaterials/Substrate/Glints2/dict_0002_0103" 9097
"/Engine/EngineMaterials/Substrate/Glints2/dict_0002_0104" 9098
"/Engine/EngineMaterials/Substrate/Glints2/dict_0002_0105" 9099
"/Engine/EngineMaterials/Substrate/Glints2/dict_0002_0106" 9100
"/Engine/EngineMaterials/Substrate/Glints2/dict_0002_0107" 9101
"/Engine/EngineMaterials/Substrate/Glints2/dict_0002_0108" 9102
"/Engine/EngineMaterials/Substrate/Glints2/dict_0002_0109" 9103
"/Engine/EngineMaterials/Substrate/Glints2/dict_0002_0110" 9104
"/Engine/EngineMaterials/Substrate/Glints2/dict_0002_0111" 9105
"/Engine/EngineMaterials/Substrate/Glints2/dict_0002_0112" 9106
"/Engine/EngineMaterials/Substrate/Glints2/dict_0002_0113" 9107
"/Engine/EngineMaterials/Substrate/Glints2/dict_0002_0114" 9108
"/Engine/EngineMaterials/Substrate/Glints2/dict_0002_0115" 9109
"/Engine/EngineMaterials/Substrate/Glints2/dict_0002_0116" 9110
"/Engine/EngineMaterials/Substrate/Glints2/dict_0002_0086" 9111
"../../../Engine/Content/EngineMaterials/Substrate/Glints2/dict_0002_0081.uasset" 9112
"../../../Engine/Content/EngineMaterials/Substrate/Glints2/dict_0002_0078.uasset" 9113
"../../../Engine/Content/EngineMaterials/Substrate/Glints2/dict_0002_0071.uasset" 9114
"../../../Engine/Content/EngineMaterials/Substrate/Glints2/dict_0002_0066.uasset" 9115
"../../../Engine/Content/EngineMaterials/Substrate/Glints2/dict_0002_0075.uasset" 9116
"../../../Engine/Content/EngineMaterials/Substrate/Glints2/dict_0002_0065.uasset" 9117
"../../../Engine/Content/EngineMaterials/Substrate/Glints2/dict_0002_0070.uasset" 9118
"../../../Engine/Content/EngineMaterials/Substrate/Glints2/dict_0002_0056.uasset" 9119
"../../../Engine/Content/EngineMaterials/Substrate/Glints2/dict_0002_0077.uasset" 9120
"../../../Engine/Content/EngineMaterials/Substrate/Glints2/dict_0002_0072.uasset" 9121
"../../../Engine/Content/EngineMaterials/Substrate/Glints2/dict_0002_0080.uasset" 9122
"../../../Engine/Content/EngineMaterials/Substrate/Glints2/dict_0002_0057.uasset" 9123
"../../../Engine/Content/EngineMaterials/Substrate/Glints2/dict_0002_0055.uasset" 9124
"../../../Engine/Content/EngineMaterials/Substrate/Glints2/dict_0002_0073.uasset" 9125
"../../../Engine/Content/EngineMaterials/Substrate/Glints2/dict_0002_0069.uasset" 9126
"../../../Engine/Content/EngineMaterials/Substrate/Glints2/dict_0002_0079.uasset" 9127
"../../../Engine/Content/EngineMaterials/Substrate/Glints2/dict_0002_0082.uasset" 9128
"../../../Engine/Content/EngineMaterials/Substrate/Glints2/dict_0002_0084.uasset" 9129
"../../../Engine/Content/EngineMaterials/Substrate/Glints2/dict_0002_0060.uasset" 9130
"../../../Engine/Content/EngineMaterials/Substrate/Glints2/dict_0002_0068.uasset" 9131
"../../../Engine/Content/EngineMaterials/Substrate/Glints2/dict_0002_0083.uasset" 9132
"../../../Engine/Content/EngineMaterials/Substrate/Glints2/dict_0002_0074.uasset" 9133
"../../../Engine/Content/EngineMaterials/Substrate/Glints2/dict_0002_0058.uasset" 9134
"../../../Engine/Content/EngineMaterials/Substrate/Glints2/dict_0002_0063.uasset" 9135
"../../../Engine/Content/EngineMaterials/Substrate/Glints2/dict_0002_0061.uasset" 9136
"../../../Engine/Content/EngineMaterials/Substrate/Glints2/dict_0002_0067.uasset" 9137
"../../../Engine/Content/EngineMaterials/Substrate/Glints2/dict_0002_0059.uasset" 9138
"../../../Engine/Content/EngineMaterials/Substrate/Glints2/dict_0002_0076.uasset" 9139
"../../../Engine/Content/EngineMaterials/Substrate/Glints2/dict_0002_0064.uasset" 9140
"../../../Engine/Content/EngineMaterials/Substrate/Glints2/dict_0002_0062.uasset" 9141
"../../../Engine/Content/EngineMaterials/Substrate/Glints2/dict_0002_0054.uasset" 9142
"../../../Engine/Content/EngineMaterials/Substrate/Glints2/dict_0002_0053.uasset" 9143
"/Engine/EngineMaterials/Substrate/Glints2/dict_0002_0054" 9144
"/Engine/EngineMaterials/Substrate/Glints2/dict_0002_0055" 9145
"/Engine/EngineMaterials/Substrate/Glints2/dict_0002_0056" 9146
"/Engine/EngineMaterials/Substrate/Glints2/dict_0002_0057" 9147
"/Engine/EngineMaterials/Substrate/Glints2/dict_0002_0058" 9148
"/Engine/EngineMaterials/Substrate/Glints2/dict_0002_0059" 9149
"/Engine/EngineMaterials/Substrate/Glints2/dict_0002_0060" 9150
"/Engine/EngineMaterials/Substrate/Glints2/dict_0002_0061" 9151
"/Engine/EngineMaterials/Substrate/Glints2/dict_0002_0062" 9152
"/Engine/EngineMaterials/Substrate/Glints2/dict_0002_0063" 9153
"/Engine/EngineMaterials/Substrate/Glints2/dict_0002_0064" 9154
"/Engine/EngineMaterials/Substrate/Glints2/dict_0002_0065" 9155
"/Engine/EngineMaterials/Substrate/Glints2/dict_0002_0066" 9156
"/Engine/EngineMaterials/Substrate/Glints2/dict_0002_0067" 9157
"/Engine/EngineMaterials/Substrate/Glints2/dict_0002_0068" 9158
"/Engine/EngineMaterials/Substrate/Glints2/dict_0002_0069" 9159
"/Engine/EngineMaterials/Substrate/Glints2/dict_0002_0070" 9160
"/Engine/EngineMaterials/Substrate/Glints2/dict_0002_0071" 9161
"/Engine/EngineMaterials/Substrate/Glints2/dict_0002_0072" 9162
"/Engine/EngineMaterials/Substrate/Glints2/dict_0002_0073" 9163
"/Engine/EngineMaterials/Substrate/Glints2/dict_0002_0074" 9164
"/Engine/EngineMaterials/Substrate/Glints2/dict_0002_0075" 9165
"/Engine/EngineMaterials/Substrate/Glints2/dict_0002_0076" 9166
"/Engine/EngineMaterials/Substrate/Glints2/dict_0002_0077" 9167
"/Engine/EngineMaterials/Substrate/Glints2/dict_0002_0078" 9168
"/Engine/EngineMaterials/Substrate/Glints2/dict_0002_0079" 9169
"/Engine/EngineMaterials/Substrate/Glints2/dict_0002_0080" 9170
"/Engine/EngineMaterials/Substrate/Glints2/dict_0002_0081" 9171
"/Engine/EngineMaterials/Substrate/Glints2/dict_0002_0082" 9172
"/Engine/EngineMaterials/Substrate/Glints2/dict_0002_0083" 9173
"/Engine/EngineMaterials/Substrate/Glints2/dict_0002_0084" 9174
"/Engine/EngineMaterials/Substrate/Glints2/dict_0002_0053" 9175
"../../../Engine/Content/EngineMaterials/Substrate/Glints2/dict_0002_0051.uasset" 9176
"../../../Engine/Content/EngineMaterials/Substrate/Glints2/dict_0002_0041.uasset" 9177
"../../../Engine/Content/EngineMaterials/Substrate/Glints2/dict_0002_0046.uasset" 9178
"../../../Engine/Content/EngineMaterials/Substrate/Glints2/dict_0002_0042.uasset" 9179
"../../../Engine/Content/EngineMaterials/Substrate/Glints2/dict_0002_0043.uasset" 9180
"../../../Engine/Content/EngineMaterials/Substrate/Glints2/dict_0002_0039.uasset" 9181
"../../../Engine/Content/EngineMaterials/Substrate/Glints2/dict_0002_0048.uasset" 9182
"../../../Engine/Content/EngineMaterials/Substrate/Glints2/dict_0002_0044.uasset" 9183
"../../../Engine/Content/EngineMaterials/Substrate/Glints2/dict_0002_0033.uasset" 9184
"../../../Engine/Content/EngineMaterials/Substrate/Glints2/dict_0002_0052.uasset" 9185
"../../../Engine/Content/EngineMaterials/Substrate/Glints2/dict_0002_0031.uasset" 9186
"../../../Engine/Content/EngineMaterials/Substrate/Glints2/dict_0002_0037.uasset" 9187
"../../../Engine/Content/EngineMaterials/Substrate/Glints2/dict_0002_0049.uasset" 9188
"../../../Engine/Content/EngineMaterials/Substrate/Glints2/dict_0002_0027.uasset" 9189
"../../../Engine/Content/EngineMaterials/Substrate/Glints2/dict_0002_0026.uasset" 9190
"../../../Engine/Content/EngineMaterials/Substrate/Glints2/dict_0002_0029.uasset" 9191
"../../../Engine/Content/EngineMaterials/Substrate/Glints2/dict_0002_0034.uasset" 9192
"../../../Engine/Content/EngineMaterials/Substrate/Glints2/dict_0002_0032.uasset" 9193
"../../../Engine/Content/EngineMaterials/Substrate/Glints2/dict_0002_0040.uasset" 9194
"../../../Engine/Content/EngineMaterials/Substrate/Glints2/dict_0002_0038.uasset" 9195
"../../../Engine/Content/EngineMaterials/Substrate/Glints2/dict_0002_0036.uasset" 9196
"../../../Engine/Content/EngineMaterials/Substrate/Glints2/dict_0002_0035.uasset" 9197
"../../../Engine/Content/EngineMaterials/Substrate/Glints2/dict_0002_0047.uasset" 9198
"../../../Engine/Content/EngineMaterials/Substrate/Glints2/dict_0002_0028.uasset" 9199
"../../../Engine/Content/EngineMaterials/Substrate/Glints2/dict_0002_0023.uasset" 9200
"../../../Engine/Content/EngineMaterials/Substrate/Glints2/dict_0002_0045.uasset" 9201
"../../../Engine/Content/EngineMaterials/Substrate/Glints2/dict_0002_0030.uasset" 9202
"../../../Engine/Content/EngineMaterials/Substrate/Glints2/dict_0002_0025.uasset" 9203
"../../../Engine/Content/EngineMaterials/Substrate/Glints2/dict_0002_0050.uasset" 9204
"../../../Engine/Content/EngineMaterials/Substrate/Glints2/dict_0002_0024.uasset" 9205
"../../../Engine/Content/EngineMaterials/Substrate/Glints2/dict_0002_0021.uasset" 9206
"/Engine/EngineMaterials/Substrate/Glints2/dict_0002_0021" 9207
"/Engine/EngineMaterials/Substrate/Glints2/dict_0002_0023" 9208
"../../../Engine/Content/EngineMaterials/Substrate/Glints2/dict_0002_0022.uasset" 9209
"/Engine/EngineMaterials/Substrate/Glints2/dict_0002_0024" 9210
"/Engine/EngineMaterials/Substrate/Glints2/dict_0002_0025" 9211
"/Engine/EngineMaterials/Substrate/Glints2/dict_0002_0026" 9212
"/Engine/EngineMaterials/Substrate/Glints2/dict_0002_0027" 9213
"/Engine/EngineMaterials/Substrate/Glints2/dict_0002_0028" 9214
"/Engine/EngineMaterials/Substrate/Glints2/dict_0002_0029" 9215
"/Engine/EngineMaterials/Substrate/Glints2/dict_0002_0030" 9216
"/Engine/EngineMaterials/Substrate/Glints2/dict_0002_0031" 9217
"/Engine/EngineMaterials/Substrate/Glints2/dict_0002_0032" 9218
"/Engine/EngineMaterials/Substrate/Glints2/dict_0002_0033" 9219
"/Engine/EngineMaterials/Substrate/Glints2/dict_0002_0034" 9220
"/Engine/EngineMaterials/Substrate/Glints2/dict_0002_0035" 9221
"/Engine/EngineMaterials/Substrate/Glints2/dict_0002_0036" 9222
"/Engine/EngineMaterials/Substrate/Glints2/dict_0002_0037" 9223
"/Engine/EngineMaterials/Substrate/Glints2/dict_0002_0038" 9224
"/Engine/EngineMaterials/Substrate/Glints2/dict_0002_0039" 9225
"/Engine/EngineMaterials/Substrate/Glints2/dict_0002_0040" 9226
"/Engine/EngineMaterials/Substrate/Glints2/dict_0002_0041" 9227
"/Engine/EngineMaterials/Substrate/Glints2/dict_0002_0042" 9228
"/Engine/EngineMaterials/Substrate/Glints2/dict_0002_0043" 9229
"/Engine/EngineMaterials/Substrate/Glints2/dict_0002_0044" 9230
"/Engine/EngineMaterials/Substrate/Glints2/dict_0002_0045" 9231
"/Engine/EngineMaterials/Substrate/Glints2/dict_0002_0046" 9232
"/Engine/EngineMaterials/Substrate/Glints2/dict_0002_0047" 9233
"/Engine/EngineMaterials/Substrate/Glints2/dict_0002_0048" 9234
"/Engine/EngineMaterials/Substrate/Glints2/dict_0002_0049" 9235
"/Engine/EngineMaterials/Substrate/Glints2/dict_0002_0050" 9236
"/Engine/EngineMaterials/Substrate/Glints2/dict_0002_0051" 9237
"/Engine/EngineMaterials/Substrate/Glints2/dict_0002_0052" 9238
"/Engine/EngineMaterials/Substrate/Glints2/dict_0002_0022" 9239
"../../../Engine/Content/EngineMaterials/Substrate/Glints2/dict_0002_0009.uasset" 9240
"../../../Engine/Content/EngineMaterials/Substrate/Glints2/dict_0002_0018.uasset" 9241
"../../../Engine/Content/EngineMaterials/Substrate/Glints2/dict_0002_0014.uasset" 9242
"../../../Engine/Content/EngineMaterials/Substrate/Glints2/dict_0002_0012.uasset" 9243
"../../../Engine/Content/EngineMaterials/Substrate/Glints2/dict_0002_0016.uasset" 9244
"../../../Engine/Content/EngineMaterials/Substrate/Glints2/dict_0002_0019.uasset" 9245
"../../../Engine/Content/EngineMaterials/Substrate/Glints2/dict_0001_0255.uasset" 9246
"../../../Engine/Content/EngineMaterials/Substrate/Glints2/dict_0001_0249.uasset" 9247
"../../../Engine/Content/EngineMaterials/Substrate/Glints2/dict_0002_0020.uasset" 9248
"../../../Engine/Content/EngineMaterials/Substrate/Glints2/dict_0001_0250.uasset" 9249
"../../../Engine/Content/EngineMaterials/Substrate/Glints2/dict_0002_0004.uasset" 9250
"../../../Engine/Content/EngineMaterials/Substrate/Glints2/dict_0001_0252.uasset" 9251
"../../../Engine/Content/EngineMaterials/Substrate/Glints2/dict_0002_0011.uasset" 9252
"../../../Engine/Content/EngineMaterials/Substrate/Glints2/dict_0002_0008.uasset" 9253
"../../../Engine/Content/EngineMaterials/Substrate/Glints2/dict_0001_0247.uasset" 9254
"../../../Engine/Content/EngineMaterials/Substrate/Glints2/dict_0001_0253.uasset" 9255
"../../../Engine/Content/EngineMaterials/Substrate/Glints2/dict_0002_0017.uasset" 9256
"../../../Engine/Content/EngineMaterials/Substrate/Glints2/dict_0002_0007.uasset" 9257
"../../../Engine/Content/EngineMaterials/Substrate/Glints2/dict_0001_0248.uasset" 9258
"../../../Engine/Content/EngineMaterials/Substrate/Glints2/dict_0002_0010.uasset" 9259
"../../../Engine/Content/EngineMaterials/Substrate/Glints2/dict_0002_0005.uasset" 9260
"../../../Engine/Content/EngineMaterials/Substrate/Glints2/dict_0002_0003.uasset" 9261
"../../../Engine/Content/EngineMaterials/Substrate/Glints2/dict_0002_0000.uasset" 9262
"../../../Engine/Content/EngineMaterials/Substrate/Glints2/dict_0002_0001.uasset" 9263
"../../../Engine/Content/EngineMaterials/Substrate/Glints2/dict_0002_0015.uasset" 9264
"../../../Engine/Content/EngineMaterials/Substrate/Glints2/dict_0002_0006.uasset" 9265
"../../../Engine/Content/EngineMaterials/Substrate/Glints2/dict_0002_0002.uasset" 9266
"../../../Engine/Content/EngineMaterials/Substrate/Glints2/dict_0001_0254.uasset" 9267
"../../../Engine/Content/EngineMaterials/Substrate/Glints2/dict_0002_0013.uasset" 9268
"../../../Engine/Content/EngineMaterials/Substrate/Glints2/dict_0001_0251.uasset" 9269
"/Engine/EngineMaterials/Substrate/Glints2/dict_0001_0247" 9270
"../../../Engine/Content/EngineMaterials/Substrate/Glints2/dict_0001_0246.uasset" 9271
"../../../Engine/Content/EngineMaterials/Substrate/Glints2/dict_0001_0245.uasset" 9272
"/Engine/EngineMaterials/Substrate/Glints2/dict_0001_0248" 9273
"/Engine/EngineMaterials/Substrate/Glints2/dict_0001_0249" 9274
"/Engine/EngineMaterials/Substrate/Glints2/dict_0001_0250" 9275
"/Engine/EngineMaterials/Substrate/Glints2/dict_0001_0251" 9276
"/Engine/EngineMaterials/Substrate/Glints2/dict_0001_0252" 9277
"/Engine/EngineMaterials/Substrate/Glints2/dict_0001_0253" 9278
"/Engine/EngineMaterials/Substrate/Glints2/dict_0001_0254" 9279
"/Engine/EngineMaterials/Substrate/Glints2/dict_0001_0255" 9280
"/Engine/EngineMaterials/Substrate/Glints2/dict_0002_0000" 9281
"/Engine/EngineMaterials/Substrate/Glints2/dict_0002_0001" 9282
"/Engine/EngineMaterials/Substrate/Glints2/dict_0002_0002" 9283
"/Engine/EngineMaterials/Substrate/Glints2/dict_0002_0003" 9284
"/Engine/EngineMaterials/Substrate/Glints2/dict_0002_0004" 9285
"/Engine/EngineMaterials/Substrate/Glints2/dict_0002_0005" 9286
"/Engine/EngineMaterials/Substrate/Glints2/dict_0002_0006" 9287
"/Engine/EngineMaterials/Substrate/Glints2/dict_0002_0007" 9288
"/Engine/EngineMaterials/Substrate/Glints2/dict_0002_0008" 9289
"/Engine/EngineMaterials/Substrate/Glints2/dict_0002_0009" 9290
"/Engine/EngineMaterials/Substrate/Glints2/dict_0002_0010" 9291
"/Engine/EngineMaterials/Substrate/Glints2/dict_0002_0011" 9292
"/Engine/EngineMaterials/Substrate/Glints2/dict_0002_0012" 9293
"/Engine/EngineMaterials/Substrate/Glints2/dict_0002_0013" 9294
"/Engine/EngineMaterials/Substrate/Glints2/dict_0002_0014" 9295
"/Engine/EngineMaterials/Substrate/Glints2/dict_0002_0015" 9296
"/Engine/EngineMaterials/Substrate/Glints2/dict_0002_0016" 9297
"/Engine/EngineMaterials/Substrate/Glints2/dict_0002_0017" 9298
"/Engine/EngineMaterials/Substrate/Glints2/dict_0002_0018" 9299
"/Engine/EngineMaterials/Substrate/Glints2/dict_0002_0019" 9300
"/Engine/EngineMaterials/Substrate/Glints2/dict_0002_0020" 9301
"/Engine/EngineMaterials/Substrate/Glints2/dict_0001_0246" 9302
"/Engine/EngineMaterials/Substrate/Glints2/dict_0001_0245" 9303
"../../../Engine/Content/EngineMaterials/Substrate/Glints2/dict_0001_0236.uasset" 9304
"../../../Engine/Content/EngineMaterials/Substrate/Glints2/dict_0001_0235.uasset" 9305
"../../../Engine/Content/EngineMaterials/Substrate/Glints2/dict_0001_0239.uasset" 9306
"../../../Engine/Content/EngineMaterials/Substrate/Glints2/dict_0001_0233.uasset" 9307
"../../../Engine/Content/EngineMaterials/Substrate/Glints2/dict_0001_0237.uasset" 9308
"../../../Engine/Content/EngineMaterials/Substrate/Glints2/dict_0001_0242.uasset" 9309
"../../../Engine/Content/EngineMaterials/Substrate/Glints2/dict_0001_0244.uasset" 9310
"../../../Engine/Content/EngineMaterials/Substrate/Glints2/dict_0001_0241.uasset" 9311
"../../../Engine/Content/EngineMaterials/Substrate/Glints2/dict_0001_0240.uasset" 9312
"../../../Engine/Content/EngineMaterials/Substrate/Glints2/dict_0001_0229.uasset" 9313
"../../../Engine/Content/EngineMaterials/Substrate/Glints2/dict_0001_0225.uasset" 9314
"../../../Engine/Content/EngineMaterials/Substrate/Glints2/dict_0001_0219.uasset" 9315
"../../../Engine/Content/EngineMaterials/Substrate/Glints2/dict_0001_0243.uasset" 9316
"../../../Engine/Content/EngineMaterials/Substrate/Glints2/dict_0001_0230.uasset" 9317
"../../../Engine/Content/EngineMaterials/Substrate/Glints2/dict_0001_0223.uasset" 9318
"../../../Engine/Content/EngineMaterials/Substrate/Glints2/dict_0001_0217.uasset" 9319
"../../../Engine/Content/EngineMaterials/Substrate/Glints2/dict_0001_0224.uasset" 9320
"../../../Engine/Content/EngineMaterials/Substrate/Glints2/dict_0001_0222.uasset" 9321
"../../../Engine/Content/EngineMaterials/Substrate/Glints2/dict_0001_0232.uasset" 9322
"../../../Engine/Content/EngineMaterials/Substrate/Glints2/dict_0001_0215.uasset" 9323
"../../../Engine/Content/EngineMaterials/Substrate/Glints2/dict_0001_0227.uasset" 9324
"../../../Engine/Content/EngineMaterials/Substrate/Glints2/dict_0001_0226.uasset" 9325
"../../../Engine/Content/EngineMaterials/Substrate/Glints2/dict_0001_0238.uasset" 9326
"../../../Engine/Content/EngineMaterials/Substrate/Glints2/dict_0001_0231.uasset" 9327
"../../../Engine/Content/EngineMaterials/Substrate/Glints2/dict_0001_0221.uasset" 9328
"../../../Engine/Content/EngineMaterials/Substrate/Glints2/dict_0001_0234.uasset" 9329
"../../../Engine/Content/EngineMaterials/Substrate/Glints2/dict_0001_0228.uasset" 9330
"../../../Engine/Content/EngineMaterials/Substrate/Glints2/dict_0001_0220.uasset" 9331
"../../../Engine/Content/EngineMaterials/Substrate/Glints2/dict_0001_0216.uasset" 9332
"../../../Engine/Content/EngineMaterials/Substrate/Glints2/dict_0001_0218.uasset" 9333
"../../../Engine/Content/EngineMaterials/Substrate/Glints2/dict_0001_0213.uasset" 9334
"../../../Engine/Content/EngineMaterials/Substrate/Glints2/dict_0001_0214.uasset" 9335
"/Engine/EngineMaterials/Substrate/Glints2/dict_0001_0213" 9336
"/Engine/EngineMaterials/Substrate/Glints2/dict_0001_0214" 9337
"/Engine/EngineMaterials/Substrate/Glints2/dict_0001_0215" 9338
"/Engine/EngineMaterials/Substrate/Glints2/dict_0001_0216" 9339
"/Engine/EngineMaterials/Substrate/Glints2/dict_0001_0217" 9340
"/Engine/EngineMaterials/Substrate/Glints2/dict_0001_0218" 9341
"/Engine/EngineMaterials/Substrate/Glints2/dict_0001_0219" 9342
"/Engine/EngineMaterials/Substrate/Glints2/dict_0001_0220" 9343
"/Engine/EngineMaterials/Substrate/Glints2/dict_0001_0221" 9344
"/Engine/EngineMaterials/Substrate/Glints2/dict_0001_0222" 9345
"/Engine/EngineMaterials/Substrate/Glints2/dict_0001_0223" 9346
"/Engine/EngineMaterials/Substrate/Glints2/dict_0001_0224" 9347
"/Engine/EngineMaterials/Substrate/Glints2/dict_0001_0225" 9348
"/Engine/EngineMaterials/Substrate/Glints2/dict_0001_0226" 9349
"/Engine/EngineMaterials/Substrate/Glints2/dict_0001_0227" 9350
"/Engine/EngineMaterials/Substrate/Glints2/dict_0001_0228" 9351
"/Engine/EngineMaterials/Substrate/Glints2/dict_0001_0229" 9352
"/Engine/EngineMaterials/Substrate/Glints2/dict_0001_0230" 9353
"/Engine/EngineMaterials/Substrate/Glints2/dict_0001_0231" 9354
"/Engine/EngineMaterials/Substrate/Glints2/dict_0001_0232" 9355
"/Engine/EngineMaterials/Substrate/Glints2/dict_0001_0233" 9356
"/Engine/EngineMaterials/Substrate/Glints2/dict_0001_0234" 9357
"/Engine/EngineMaterials/Substrate/Glints2/dict_0001_0235" 9358
"/Engine/EngineMaterials/Substrate/Glints2/dict_0001_0236" 9359
"/Engine/EngineMaterials/Substrate/Glints2/dict_0001_0237" 9360
"/Engine/EngineMaterials/Substrate/Glints2/dict_0001_0238" 9361
"/Engine/EngineMaterials/Substrate/Glints2/dict_0001_0239" 9362
"/Engine/EngineMaterials/Substrate/Glints2/dict_0001_0240" 9363
"/Engine/EngineMaterials/Substrate/Glints2/dict_0001_0241" 9364
"/Engine/EngineMaterials/Substrate/Glints2/dict_0001_0242" 9365
"/Engine/EngineMaterials/Substrate/Glints2/dict_0001_0243" 9366
"/Engine/EngineMaterials/Substrate/Glints2/dict_0001_0244" 9367
"../../../Engine/Content/EngineMaterials/Substrate/Glints2/dict_0001_0201.uasset" 9368
"../../../Engine/Content/EngineMaterials/Substrate/Glints2/dict_0001_0205.uasset" 9369
"../../../Engine/Content/EngineMaterials/Substrate/Glints2/dict_0001_0208.uasset" 9370
"../../../Engine/Content/EngineMaterials/Substrate/Glints2/dict_0001_0209.uasset" 9371
"../../../Engine/Content/EngineMaterials/Substrate/Glints2/dict_0001_0203.uasset" 9372
"../../../Engine/Content/EngineMaterials/Substrate/Glints2/dict_0001_0206.uasset" 9373
"../../../Engine/Content/EngineMaterials/Substrate/Glints2/dict_0001_0196.uasset" 9374
"../../../Engine/Content/EngineMaterials/Substrate/Glints2/dict_0001_0200.uasset" 9375
"../../../Engine/Content/EngineMaterials/Substrate/Glints2/dict_0001_0210.uasset" 9376
"../../../Engine/Content/EngineMaterials/Substrate/Glints2/dict_0001_0184.uasset" 9377
"../../../Engine/Content/EngineMaterials/Substrate/Glints2/dict_0001_0198.uasset" 9378
"../../../Engine/Content/EngineMaterials/Substrate/Glints2/dict_0001_0183.uasset" 9379
"../../../Engine/Content/EngineMaterials/Substrate/Glints2/dict_0001_0211.uasset" 9380
"../../../Engine/Content/EngineMaterials/Substrate/Glints2/dict_0001_0204.uasset" 9381
"../../../Engine/Content/EngineMaterials/Substrate/Glints2/dict_0001_0197.uasset" 9382
"../../../Engine/Content/EngineMaterials/Substrate/Glints2/dict_0001_0189.uasset" 9383
"../../../Engine/Content/EngineMaterials/Substrate/Glints2/dict_0001_0212.uasset" 9384
"../../../Engine/Content/EngineMaterials/Substrate/Glints2/dict_0001_0190.uasset" 9385
"../../../Engine/Content/EngineMaterials/Substrate/Glints2/dict_0001_0207.uasset" 9386
"../../../Engine/Content/EngineMaterials/Substrate/Glints2/dict_0001_0187.uasset" 9387
"../../../Engine/Content/EngineMaterials/Substrate/Glints2/dict_0001_0188.uasset" 9388
"../../../Engine/Content/EngineMaterials/Substrate/Glints2/dict_0001_0185.uasset" 9389
"../../../Engine/Content/EngineMaterials/Substrate/Glints2/dict_0001_0199.uasset" 9390
"../../../Engine/Content/EngineMaterials/Substrate/Glints2/dict_0001_0193.uasset" 9391
"../../../Engine/Content/EngineMaterials/Substrate/Glints2/dict_0001_0191.uasset" 9392
"../../../Engine/Content/EngineMaterials/Substrate/Glints2/dict_0001_0186.uasset" 9393
"../../../Engine/Content/EngineMaterials/Substrate/Glints2/dict_0001_0202.uasset" 9394
"../../../Engine/Content/EngineMaterials/Substrate/Glints2/dict_0001_0195.uasset" 9395
"../../../Engine/Content/EngineMaterials/Substrate/Glints2/dict_0001_0192.uasset" 9396
"../../../Engine/Content/EngineMaterials/Substrate/Glints2/dict_0001_0194.uasset" 9397
"../../../Engine/Content/EngineMaterials/Substrate/Glints2/dict_0001_0181.uasset" 9398
"/Engine/EngineMaterials/Substrate/Glints2/dict_0001_0181" 9399
"../../../Engine/Content/EngineMaterials/Substrate/Glints2/dict_0001_0182.uasset" 9400
"/Engine/EngineMaterials/Substrate/Glints2/dict_0001_0183" 9401
"/Engine/EngineMaterials/Substrate/Glints2/dict_0001_0184" 9402
"/Engine/EngineMaterials/Substrate/Glints2/dict_0001_0185" 9403
"/Engine/EngineMaterials/Substrate/Glints2/dict_0001_0186" 9404
"/Engine/EngineMaterials/Substrate/Glints2/dict_0001_0187" 9405
"/Engine/EngineMaterials/Substrate/Glints2/dict_0001_0188" 9406
"/Engine/EngineMaterials/Substrate/Glints2/dict_0001_0189" 9407
"/Engine/EngineMaterials/Substrate/Glints2/dict_0001_0190" 9408
"/Engine/EngineMaterials/Substrate/Glints2/dict_0001_0191" 9409
"/Engine/EngineMaterials/Substrate/Glints2/dict_0001_0192" 9410
"/Engine/EngineMaterials/Substrate/Glints2/dict_0001_0193" 9411
"/Engine/EngineMaterials/Substrate/Glints2/dict_0001_0194" 9412
"/Engine/EngineMaterials/Substrate/Glints2/dict_0001_0195" 9413
"/Engine/EngineMaterials/Substrate/Glints2/dict_0001_0196" 9414
"/Engine/EngineMaterials/Substrate/Glints2/dict_0001_0197" 9415
"/Engine/EngineMaterials/Substrate/Glints2/dict_0001_0198" 9416
"/Engine/EngineMaterials/Substrate/Glints2/dict_0001_0199" 9417
"/Engine/EngineMaterials/Substrate/Glints2/dict_0001_0200" 9418
"/Engine/EngineMaterials/Substrate/Glints2/dict_0001_0201" 9419
"/Engine/EngineMaterials/Substrate/Glints2/dict_0001_0202" 9420
"/Engine/EngineMaterials/Substrate/Glints2/dict_0001_0203" 9421
"/Engine/EngineMaterials/Substrate/Glints2/dict_0001_0204" 9422
"/Engine/EngineMaterials/Substrate/Glints2/dict_0001_0205" 9423
"/Engine/EngineMaterials/Substrate/Glints2/dict_0001_0206" 9424
"/Engine/EngineMaterials/Substrate/Glints2/dict_0001_0207" 9425
"/Engine/EngineMaterials/Substrate/Glints2/dict_0001_0208" 9426
"/Engine/EngineMaterials/Substrate/Glints2/dict_0001_0209" 9427
"/Engine/EngineMaterials/Substrate/Glints2/dict_0001_0210" 9428
"/Engine/EngineMaterials/Substrate/Glints2/dict_0001_0211" 9429
"/Engine/EngineMaterials/Substrate/Glints2/dict_0001_0212" 9430
"/Engine/EngineMaterials/Substrate/Glints2/dict_0001_0182" 9431
"../../../Engine/Content/EngineMaterials/Substrate/Glints2/dict_0001_0175.uasset" 9432
"../../../Engine/Content/EngineMaterials/Substrate/Glints2/dict_0001_0179.uasset" 9433
"../../../Engine/Content/EngineMaterials/Substrate/Glints2/dict_0001_0176.uasset" 9434
"../../../Engine/Content/EngineMaterials/Substrate/Glints2/dict_0001_0178.uasset" 9435
"../../../Engine/Content/EngineMaterials/Substrate/Glints2/dict_0001_0174.uasset" 9436
"../../../Engine/Content/EngineMaterials/Substrate/Glints2/dict_0001_0173.uasset" 9437
"../../../Engine/Content/EngineMaterials/Substrate/Glints2/dict_0001_0177.uasset" 9438
"../../../Engine/Content/EngineMaterials/Substrate/Glints2/dict_0001_0168.uasset" 9439
"../../../Engine/Content/EngineMaterials/Substrate/Glints2/dict_0001_0171.uasset" 9440
"../../../Engine/Content/EngineMaterials/Substrate/Glints2/dict_0001_0165.uasset" 9441
"../../../Engine/Content/EngineMaterials/Substrate/Glints2/dict_0001_0172.uasset" 9442
"../../../Engine/Content/EngineMaterials/Substrate/Glints2/dict_0001_0160.uasset" 9443
"../../../Engine/Content/EngineMaterials/Substrate/Glints2/dict_0001_0161.uasset" 9444
"../../../Engine/Content/EngineMaterials/Substrate/Glints2/dict_0001_0162.uasset" 9445
"../../../Engine/Content/EngineMaterials/Substrate/Glints2/dict_0001_0159.uasset" 9446
"../../../Engine/Content/EngineMaterials/Substrate/Glints2/dict_0001_0169.uasset" 9447
"../../../Engine/Content/EngineMaterials/Substrate/Glints2/dict_0001_0167.uasset" 9448
"../../../Engine/Content/EngineMaterials/Substrate/Glints2/dict_0001_0158.uasset" 9449
"../../../Engine/Content/EngineMaterials/Substrate/Glints2/dict_0001_0154.uasset" 9450
"../../../Engine/Content/EngineMaterials/Substrate/Glints2/dict_0001_0155.uasset" 9451
"../../../Engine/Content/EngineMaterials/Substrate/Glints2/dict_0001_0166.uasset" 9452
"../../../Engine/Content/EngineMaterials/Substrate/Glints2/dict_0001_0180.uasset" 9453
"../../../Engine/Content/EngineMaterials/Substrate/Glints2/dict_0001_0164.uasset" 9454
"../../../Engine/Content/EngineMaterials/Substrate/Glints2/dict_0001_0151.uasset" 9455
"../../../Engine/Content/EngineMaterials/Substrate/Glints2/dict_0001_0157.uasset" 9456
"../../../Engine/Content/EngineMaterials/Substrate/Glints2/dict_0001_0170.uasset" 9457
"../../../Engine/Content/EngineMaterials/Substrate/Glints2/dict_0001_0156.uasset" 9458
"../../../Engine/Content/EngineMaterials/Substrate/Glints2/dict_0001_0152.uasset" 9459
"../../../Engine/Content/EngineMaterials/Substrate/Glints2/dict_0001_0153.uasset" 9460
"../../../Engine/Content/EngineMaterials/Substrate/Glints2/dict_0001_0163.uasset" 9461
"../../../Engine/Content/EngineMaterials/Substrate/Glints2/dict_0001_0150.uasset" 9462
"../../../Engine/Content/EngineMaterials/Substrate/Glints2/dict_0001_0149.uasset" 9463
"/Engine/EngineMaterials/Substrate/Glints2/dict_0001_0150" 9464
"/Engine/EngineMaterials/Substrate/Glints2/dict_0001_0149" 9465
"/Engine/EngineMaterials/Substrate/Glints2/dict_0001_0151" 9466
"/Engine/EngineMaterials/Substrate/Glints2/dict_0001_0152" 9467
"/Engine/EngineMaterials/Substrate/Glints2/dict_0001_0153" 9468
"/Engine/EngineMaterials/Substrate/Glints2/dict_0001_0154" 9469
"/Engine/EngineMaterials/Substrate/Glints2/dict_0001_0155" 9470
"/Engine/EngineMaterials/Substrate/Glints2/dict_0001_0156" 9471
"/Engine/EngineMaterials/Substrate/Glints2/dict_0001_0157" 9472
"/Engine/EngineMaterials/Substrate/Glints2/dict_0001_0158" 9473
"/Engine/EngineMaterials/Substrate/Glints2/dict_0001_0159" 9474
"/Engine/EngineMaterials/Substrate/Glints2/dict_0001_0160" 9475
"/Engine/EngineMaterials/Substrate/Glints2/dict_0001_0161" 9476
"/Engine/EngineMaterials/Substrate/Glints2/dict_0001_0162" 9477
"/Engine/EngineMaterials/Substrate/Glints2/dict_0001_0163" 9478
"/Engine/EngineMaterials/Substrate/Glints2/dict_0001_0164" 9479
"/Engine/EngineMaterials/Substrate/Glints2/dict_0001_0165" 9480
"/Engine/EngineMaterials/Substrate/Glints2/dict_0001_0166" 9481
"/Engine/EngineMaterials/Substrate/Glints2/dict_0001_0167" 9482
"/Engine/EngineMaterials/Substrate/Glints2/dict_0001_0168" 9483
"/Engine/EngineMaterials/Substrate/Glints2/dict_0001_0169" 9484
"/Engine/EngineMaterials/Substrate/Glints2/dict_0001_0170" 9485
"/Engine/EngineMaterials/Substrate/Glints2/dict_0001_0171" 9486
"/Engine/EngineMaterials/Substrate/Glints2/dict_0001_0172" 9487
"/Engine/EngineMaterials/Substrate/Glints2/dict_0001_0173" 9488
"/Engine/EngineMaterials/Substrate/Glints2/dict_0001_0174" 9489
"/Engine/EngineMaterials/Substrate/Glints2/dict_0001_0175" 9490
"/Engine/EngineMaterials/Substrate/Glints2/dict_0001_0176" 9491
"/Engine/EngineMaterials/Substrate/Glints2/dict_0001_0177" 9492
"/Engine/EngineMaterials/Substrate/Glints2/dict_0001_0178" 9493
"/Engine/EngineMaterials/Substrate/Glints2/dict_0001_0179" 9494
"/Engine/EngineMaterials/Substrate/Glints2/dict_0001_0180" 9495
"../../../Engine/Content/EngineMaterials/Substrate/Glints2/dict_0001_0147.uasset" 9496
"../../../Engine/Content/EngineMaterials/Substrate/Glints2/dict_0001_0143.uasset" 9497
"../../../Engine/Content/EngineMaterials/Substrate/Glints2/dict_0001_0137.uasset" 9498
"../../../Engine/Content/EngineMaterials/Substrate/Glints2/dict_0001_0140.uasset" 9499
"../../../Engine/Content/EngineMaterials/Substrate/Glints2/dict_0001_0139.uasset" 9500
"../../../Engine/Content/EngineMaterials/Substrate/Glints2/dict_0001_0142.uasset" 9501
"../../../Engine/Content/EngineMaterials/Substrate/Glints2/dict_0001_0136.uasset" 9502
"../../../Engine/Content/EngineMaterials/Substrate/Glints2/dict_0001_0126.uasset" 9503
"../../../Engine/Content/EngineMaterials/Substrate/Glints2/dict_0001_0129.uasset" 9504
"../../../Engine/Content/EngineMaterials/Substrate/Glints2/dict_0001_0120.uasset" 9505
"../../../Engine/Content/EngineMaterials/Substrate/Glints2/dict_0001_0124.uasset" 9506
"../../../Engine/Content/EngineMaterials/Substrate/Glints2/dict_0001_0133.uasset" 9507
"../../../Engine/Content/EngineMaterials/Substrate/Glints2/dict_0001_0141.uasset" 9508
"../../../Engine/Content/EngineMaterials/Substrate/Glints2/dict_0001_0148.uasset" 9509
"../../../Engine/Content/EngineMaterials/Substrate/Glints2/dict_0001_0145.uasset" 9510
"../../../Engine/Content/EngineMaterials/Substrate/Glints2/dict_0001_0127.uasset" 9511
"../../../Engine/Content/EngineMaterials/Substrate/Glints2/dict_0001_0132.uasset" 9512
"../../../Engine/Content/EngineMaterials/Substrate/Glints2/dict_0001_0128.uasset" 9513
"../../../Engine/Content/EngineMaterials/Substrate/Glints2/dict_0001_0121.uasset" 9514
"../../../Engine/Content/EngineMaterials/Substrate/Glints2/dict_0001_0125.uasset" 9515
"../../../Engine/Content/EngineMaterials/Substrate/Glints2/dict_0001_0146.uasset" 9516
"../../../Engine/Content/EngineMaterials/Substrate/Glints2/dict_0001_0135.uasset" 9517
"../../../Engine/Content/EngineMaterials/Substrate/Glints2/dict_0001_0123.uasset" 9518
"../../../Engine/Content/EngineMaterials/Substrate/Glints2/dict_0001_0138.uasset" 9519
"../../../Engine/Content/EngineMaterials/Substrate/Glints2/dict_0001_0144.uasset" 9520
"../../../Engine/Content/EngineMaterials/Substrate/Glints2/dict_0001_0119.uasset" 9521
"../../../Engine/Content/EngineMaterials/Substrate/Glints2/dict_0001_0131.uasset" 9522
"../../../Engine/Content/EngineMaterials/Substrate/Glints2/dict_0001_0122.uasset" 9523
"../../../Engine/Content/EngineMaterials/Substrate/Glints2/dict_0001_0130.uasset" 9524
"../../../Engine/Content/EngineMaterials/Substrate/Glints2/dict_0001_0134.uasset" 9525
"../../../Engine/Content/EngineMaterials/Substrate/Glints2/dict_0001_0117.uasset" 9526
"../../../Engine/Content/EngineMaterials/Substrate/Glints2/dict_0001_0118.uasset" 9527
"/Engine/EngineMaterials/Substrate/Glints2/dict_0001_0117" 9528
"/Engine/EngineMaterials/Substrate/Glints2/dict_0001_0119" 9529
"/Engine/EngineMaterials/Substrate/Glints2/dict_0001_0120" 9530
"/Engine/EngineMaterials/Substrate/Glints2/dict_0001_0121" 9531
"/Engine/EngineMaterials/Substrate/Glints2/dict_0001_0122" 9532
"/Engine/EngineMaterials/Substrate/Glints2/dict_0001_0123" 9533
"/Engine/EngineMaterials/Substrate/Glints2/dict_0001_0124" 9534
"/Engine/EngineMaterials/Substrate/Glints2/dict_0001_0125" 9535
"/Engine/EngineMaterials/Substrate/Glints2/dict_0001_0126" 9536
"/Engine/EngineMaterials/Substrate/Glints2/dict_0001_0127" 9537
"/Engine/EngineMaterials/Substrate/Glints2/dict_0001_0128" 9538
"/Engine/EngineMaterials/Substrate/Glints2/dict_0001_0129" 9539
"/Engine/EngineMaterials/Substrate/Glints2/dict_0001_0130" 9540
"/Engine/EngineMaterials/Substrate/Glints2/dict_0001_0131" 9541
"/Engine/EngineMaterials/Substrate/Glints2/dict_0001_0132" 9542
"/Engine/EngineMaterials/Substrate/Glints2/dict_0001_0133" 9543
"/Engine/EngineMaterials/Substrate/Glints2/dict_0001_0134" 9544
"/Engine/EngineMaterials/Substrate/Glints2/dict_0001_0135" 9545
"/Engine/EngineMaterials/Substrate/Glints2/dict_0001_0136" 9546
"/Engine/EngineMaterials/Substrate/Glints2/dict_0001_0137" 9547
"/Engine/EngineMaterials/Substrate/Glints2/dict_0001_0138" 9548
"/Engine/EngineMaterials/Substrate/Glints2/dict_0001_0139" 9549
"/Engine/EngineMaterials/Substrate/Glints2/dict_0001_0140" 9550
"/Engine/EngineMaterials/Substrate/Glints2/dict_0001_0141" 9551
"/Engine/EngineMaterials/Substrate/Glints2/dict_0001_0142" 9552
"/Engine/EngineMaterials/Substrate/Glints2/dict_0001_0143" 9553
"/Engine/EngineMaterials/Substrate/Glints2/dict_0001_0144" 9554
"/Engine/EngineMaterials/Substrate/Glints2/dict_0001_0145" 9555
"/Engine/EngineMaterials/Substrate/Glints2/dict_0001_0146" 9556
"/Engine/EngineMaterials/Substrate/Glints2/dict_0001_0147" 9557
"/Engine/EngineMaterials/Substrate/Glints2/dict_0001_0148" 9558
"/Engine/EngineMaterials/Substrate/Glints2/dict_0001_0118" 9559
"../../../Engine/Content/EngineMaterials/Substrate/Glints2/dict_0001_0112.uasset" 9560
"../../../Engine/Content/EngineMaterials/Substrate/Glints2/dict_0001_0107.uasset" 9561
"../../../Engine/Content/EngineMaterials/Substrate/Glints2/dict_0001_0105.uasset" 9562
"../../../Engine/Content/EngineMaterials/Substrate/Glints2/dict_0001_0110.uasset" 9563
"../../../Engine/Content/EngineMaterials/Substrate/Glints2/dict_0001_0116.uasset" 9564
"../../../Engine/Content/EngineMaterials/Substrate/Glints2/dict_0001_0114.uasset" 9565
"../../../Engine/Content/EngineMaterials/Substrate/Glints2/dict_0001_0111.uasset" 9566
"../../../Engine/Content/EngineMaterials/Substrate/Glints2/dict_0001_0100.uasset" 9567
"../../../Engine/Content/EngineMaterials/Substrate/Glints2/dict_0001_0115.uasset" 9568
"../../../Engine/Content/EngineMaterials/Substrate/Glints2/dict_0001_0102.uasset" 9569
"../../../Engine/Content/EngineMaterials/Substrate/Glints2/dict_0001_0109.uasset" 9570
"../../../Engine/Content/EngineMaterials/Substrate/Glints2/dict_0001_0113.uasset" 9571
"../../../Engine/Content/EngineMaterials/Substrate/Glints2/dict_0001_0099.uasset" 9572
"../../../Engine/Content/EngineMaterials/Substrate/Glints2/dict_0001_0103.uasset" 9573
"../../../Engine/Content/EngineMaterials/Substrate/Glints2/dict_0001_0094.uasset" 9574
"../../../Engine/Content/EngineMaterials/Substrate/Glints2/dict_0001_0095.uasset" 9575
"../../../Engine/Content/EngineMaterials/Substrate/Glints2/dict_0001_0090.uasset" 9576
"../../../Engine/Content/EngineMaterials/Substrate/Glints2/dict_0001_0089.uasset" 9577
"../../../Engine/Content/EngineMaterials/Substrate/Glints2/dict_0001_0088.uasset" 9578
"../../../Engine/Content/EngineMaterials/Substrate/Glints2/dict_0001_0087.uasset" 9579
"../../../Engine/Content/EngineMaterials/Substrate/Glints2/dict_0001_0104.uasset" 9580
"../../../Engine/Content/EngineMaterials/Substrate/Glints2/dict_0001_0106.uasset" 9581
"../../../Engine/Content/EngineMaterials/Substrate/Glints2/dict_0001_0093.uasset" 9582
"../../../Engine/Content/EngineMaterials/Substrate/Glints2/dict_0001_0097.uasset" 9583
"../../../Engine/Content/EngineMaterials/Substrate/Glints2/dict_0001_0101.uasset" 9584
"../../../Engine/Content/EngineMaterials/Substrate/Glints2/dict_0001_0096.uasset" 9585
"../../../Engine/Content/EngineMaterials/Substrate/Glints2/dict_0001_0092.uasset" 9586
"../../../Engine/Content/EngineMaterials/Substrate/Glints2/dict_0001_0091.uasset" 9587
"../../../Engine/Content/EngineMaterials/Substrate/Glints2/dict_0001_0108.uasset" 9588
"../../../Engine/Content/EngineMaterials/Substrate/Glints2/dict_0001_0098.uasset" 9589
"../../../Engine/Content/EngineMaterials/Substrate/Glints2/dict_0001_0086.uasset" 9590
"/Engine/EngineMaterials/Substrate/Glints2/dict_0001_0087" 9591
"../../../Engine/Content/EngineMaterials/Substrate/Glints2/dict_0001_0085.uasset" 9592
"/Engine/EngineMaterials/Substrate/Glints2/dict_0001_0088" 9593
"/Engine/EngineMaterials/Substrate/Glints2/dict_0001_0089" 9594
"/Engine/EngineMaterials/Substrate/Glints2/dict_0001_0090" 9595
"/Engine/EngineMaterials/Substrate/Glints2/dict_0001_0091" 9596
"/Engine/EngineMaterials/Substrate/Glints2/dict_0001_0092" 9597
"/Engine/EngineMaterials/Substrate/Glints2/dict_0001_0093" 9598
"/Engine/EngineMaterials/Substrate/Glints2/dict_0001_0094" 9599
"/Engine/EngineMaterials/Substrate/Glints2/dict_0001_0095" 9600
"/Engine/EngineMaterials/Substrate/Glints2/dict_0001_0096" 9601
"/Engine/EngineMaterials/Substrate/Glints2/dict_0001_0097" 9602
"/Engine/EngineMaterials/Substrate/Glints2/dict_0001_0098" 9603
"/Engine/EngineMaterials/Substrate/Glints2/dict_0001_0099" 9604
"/Engine/EngineMaterials/Substrate/Glints2/dict_0001_0100" 9605
"/Engine/EngineMaterials/Substrate/Glints2/dict_0001_0101" 9606
"/Engine/EngineMaterials/Substrate/Glints2/dict_0001_0102" 9607
"/Engine/EngineMaterials/Substrate/Glints2/dict_0001_0103" 9608
"/Engine/EngineMaterials/Substrate/Glints2/dict_0001_0104" 9609
"/Engine/EngineMaterials/Substrate/Glints2/dict_0001_0105" 9610
"/Engine/EngineMaterials/Substrate/Glints2/dict_0001_0106" 9611
"/Engine/EngineMaterials/Substrate/Glints2/dict_0001_0107" 9612
"/Engine/EngineMaterials/Substrate/Glints2/dict_0001_0108" 9613
"/Engine/EngineMaterials/Substrate/Glints2/dict_0001_0109" 9614
"/Engine/EngineMaterials/Substrate/Glints2/dict_0001_0110" 9615
"/Engine/EngineMaterials/Substrate/Glints2/dict_0001_0111" 9616
"/Engine/EngineMaterials/Substrate/Glints2/dict_0001_0112" 9617
"/Engine/EngineMaterials/Substrate/Glints2/dict_0001_0113" 9618
"/Engine/EngineMaterials/Substrate/Glints2/dict_0001_0114" 9619
"/Engine/EngineMaterials/Substrate/Glints2/dict_0001_0115" 9620
"/Engine/EngineMaterials/Substrate/Glints2/dict_0001_0116" 9621
"/Engine/EngineMaterials/Substrate/Glints2/dict_0001_0086" 9622
"/Engine/EngineMaterials/Substrate/Glints2/dict_0001_0085" 9623
"../../../Engine/Content/EngineMaterials/Substrate/Glints2/dict_0001_0065.uasset" 9624
"../../../Engine/Content/EngineMaterials/Substrate/Glints2/dict_0001_0078.uasset" 9625
"../../../Engine/Content/EngineMaterials/Substrate/Glints2/dict_0001_0071.uasset" 9626
"../../../Engine/Content/EngineMaterials/Substrate/Glints2/dict_0001_0084.uasset" 9627
"../../../Engine/Content/EngineMaterials/Substrate/Glints2/dict_0001_0082.uasset" 9628
"../../../Engine/Content/EngineMaterials/Substrate/Glints2/dict_0001_0076.uasset" 9629
"../../../Engine/Content/EngineMaterials/Substrate/Glints2/dict_0001_0083.uasset" 9630
"../../../Engine/Content/EngineMaterials/Substrate/Glints2/dict_0001_0070.uasset" 9631
"../../../Engine/Content/EngineMaterials/Substrate/Glints2/dict_0001_0069.uasset" 9632
"../../../Engine/Content/EngineMaterials/Substrate/Glints2/dict_0001_0068.uasset" 9633
"../../../Engine/Content/EngineMaterials/Substrate/Glints2/dict_0001_0079.uasset" 9634
"../../../Engine/Content/EngineMaterials/Substrate/Glints2/dict_0001_0080.uasset" 9635
"../../../Engine/Content/EngineMaterials/Substrate/Glints2/dict_0001_0074.uasset" 9636
"../../../Engine/Content/EngineMaterials/Substrate/Glints2/dict_0001_0058.uasset" 9637
"../../../Engine/Content/EngineMaterials/Substrate/Glints2/dict_0001_0056.uasset" 9638
"../../../Engine/Content/EngineMaterials/Substrate/Glints2/dict_0001_0081.uasset" 9639
"../../../Engine/Content/EngineMaterials/Substrate/Glints2/dict_0001_0057.uasset" 9640
"../../../Engine/Content/EngineMaterials/Substrate/Glints2/dict_0001_0066.uasset" 9641
"../../../Engine/Content/EngineMaterials/Substrate/Glints2/dict_0001_0077.uasset" 9642
"../../../Engine/Content/EngineMaterials/Substrate/Glints2/dict_0001_0061.uasset" 9643
"../../../Engine/Content/EngineMaterials/Substrate/Glints2/dict_0001_0063.uasset" 9644
"../../../Engine/Content/EngineMaterials/Substrate/Glints2/dict_0001_0067.uasset" 9645
"../../../Engine/Content/EngineMaterials/Substrate/Glints2/dict_0001_0055.uasset" 9646
"../../../Engine/Content/EngineMaterials/Substrate/Glints2/dict_0001_0060.uasset" 9647
"../../../Engine/Content/EngineMaterials/Substrate/Glints2/dict_0001_0059.uasset" 9648
"../../../Engine/Content/EngineMaterials/Substrate/Glints2/dict_0001_0073.uasset" 9649
"../../../Engine/Content/EngineMaterials/Substrate/Glints2/dict_0001_0064.uasset" 9650
"../../../Engine/Content/EngineMaterials/Substrate/Glints2/dict_0001_0062.uasset" 9651
"../../../Engine/Content/EngineMaterials/Substrate/Glints2/dict_0001_0075.uasset" 9652
"../../../Engine/Content/EngineMaterials/Substrate/Glints2/dict_0001_0072.uasset" 9653
"../../../Engine/Content/EngineMaterials/Substrate/Glints2/dict_0001_0053.uasset" 9654
"../../../Engine/Content/EngineMaterials/Substrate/Glints2/dict_0001_0054.uasset" 9655
"/Engine/EngineMaterials/Substrate/Glints2/dict_0001_0055" 9656
"/Engine/EngineMaterials/Substrate/Glints2/dict_0001_0056" 9657
"/Engine/EngineMaterials/Substrate/Glints2/dict_0001_0057" 9658
"/Engine/EngineMaterials/Substrate/Glints2/dict_0001_0058" 9659
"/Engine/EngineMaterials/Substrate/Glints2/dict_0001_0059" 9660
"/Engine/EngineMaterials/Substrate/Glints2/dict_0001_0060" 9661
"/Engine/EngineMaterials/Substrate/Glints2/dict_0001_0061" 9662
"/Engine/EngineMaterials/Substrate/Glints2/dict_0001_0062" 9663
"/Engine/EngineMaterials/Substrate/Glints2/dict_0001_0063" 9664
"/Engine/EngineMaterials/Substrate/Glints2/dict_0001_0064" 9665
"/Engine/EngineMaterials/Substrate/Glints2/dict_0001_0065" 9666
"/Engine/EngineMaterials/Substrate/Glints2/dict_0001_0066" 9667
"/Engine/EngineMaterials/Substrate/Glints2/dict_0001_0067" 9668
"/Engine/EngineMaterials/Substrate/Glints2/dict_0001_0068" 9669
"/Engine/EngineMaterials/Substrate/Glints2/dict_0001_0069" 9670
"/Engine/EngineMaterials/Substrate/Glints2/dict_0001_0070" 9671
"/Engine/EngineMaterials/Substrate/Glints2/dict_0001_0071" 9672
"/Engine/EngineMaterials/Substrate/Glints2/dict_0001_0072" 9673
"/Engine/EngineMaterials/Substrate/Glints2/dict_0001_0073" 9674
"/Engine/EngineMaterials/Substrate/Glints2/dict_0001_0074" 9675
"/Engine/EngineMaterials/Substrate/Glints2/dict_0001_0075" 9676
"/Engine/EngineMaterials/Substrate/Glints2/dict_0001_0076" 9677
"/Engine/EngineMaterials/Substrate/Glints2/dict_0001_0077" 9678
"/Engine/EngineMaterials/Substrate/Glints2/dict_0001_0078" 9679
"/Engine/EngineMaterials/Substrate/Glints2/dict_0001_0079" 9680
"/Engine/EngineMaterials/Substrate/Glints2/dict_0001_0080" 9681
"/Engine/EngineMaterials/Substrate/Glints2/dict_0001_0081" 9682
"/Engine/EngineMaterials/Substrate/Glints2/dict_0001_0082" 9683
"/Engine/EngineMaterials/Substrate/Glints2/dict_0001_0083" 9684
"/Engine/EngineMaterials/Substrate/Glints2/dict_0001_0084" 9685
"/Engine/EngineMaterials/Substrate/Glints2/dict_0001_0053" 9686
"/Engine/EngineMaterials/Substrate/Glints2/dict_0001_0054" 9687
"../../../Engine/Content/EngineMaterials/Substrate/Glints2/dict_0001_0039.uasset" 9688
"../../../Engine/Content/EngineMaterials/Substrate/Glints2/dict_0001_0049.uasset" 9689
"../../../Engine/Content/EngineMaterials/Substrate/Glints2/dict_0001_0050.uasset" 9690
"../../../Engine/Content/EngineMaterials/Substrate/Glints2/dict_0001_0051.uasset" 9691
"../../../Engine/Content/EngineMaterials/Substrate/Glints2/dict_0001_0045.uasset" 9692
"../../../Engine/Content/EngineMaterials/Substrate/Glints2/dict_0001_0042.uasset" 9693
"../../../Engine/Content/EngineMaterials/Substrate/Glints2/dict_0001_0038.uasset" 9694
"../../../Engine/Content/EngineMaterials/Substrate/Glints2/dict_0001_0031.uasset" 9695
"../../../Engine/Content/EngineMaterials/Substrate/Glints2/dict_0001_0052.uasset" 9696
"../../../Engine/Content/EngineMaterials/Substrate/Glints2/dict_0001_0043.uasset" 9697
"../../../Engine/Content/EngineMaterials/Substrate/Glints2/dict_0001_0035.uasset" 9698
"../../../Engine/Content/EngineMaterials/Substrate/Glints2/dict_0001_0041.uasset" 9699
"../../../Engine/Content/EngineMaterials/Substrate/Glints2/dict_0001_0037.uasset" 9700
"../../../Engine/Content/EngineMaterials/Substrate/Glints2/dict_0001_0044.uasset" 9701
"../../../Engine/Content/EngineMaterials/Substrate/Glints2/dict_0001_0028.uasset" 9702
"../../../Engine/Content/EngineMaterials/Substrate/Glints2/dict_0001_0040.uasset" 9703
"../../../Engine/Content/EngineMaterials/Substrate/Glints2/dict_0001_0032.uasset" 9704
"../../../Engine/Content/EngineMaterials/Substrate/Glints2/dict_0001_0046.uasset" 9705
"../../../Engine/Content/EngineMaterials/Substrate/Glints2/dict_0001_0023.uasset" 9706
"../../../Engine/Content/EngineMaterials/Substrate/Glints2/dict_0001_0026.uasset" 9707
"../../../Engine/Content/EngineMaterials/Substrate/Glints2/dict_0001_0025.uasset" 9708
"../../../Engine/Content/EngineMaterials/Substrate/Glints2/dict_0001_0034.uasset" 9709
"../../../Engine/Content/EngineMaterials/Substrate/Glints2/dict_0001_0027.uasset" 9710
"../../../Engine/Content/EngineMaterials/Substrate/Glints2/dict_0001_0030.uasset" 9711
"../../../Engine/Content/EngineMaterials/Substrate/Glints2/dict_0001_0029.uasset" 9712
"../../../Engine/Content/EngineMaterials/Substrate/Glints2/dict_0001_0033.uasset" 9713
"../../../Engine/Content/EngineMaterials/Substrate/Glints2/dict_0001_0048.uasset" 9714
"../../../Engine/Content/EngineMaterials/Substrate/Glints2/dict_0001_0036.uasset" 9715
"../../../Engine/Content/EngineMaterials/Substrate/Glints2/dict_0001_0047.uasset" 9716
"../../../Engine/Content/EngineMaterials/Substrate/Glints2/dict_0001_0024.uasset" 9717
"../../../Engine/Content/EngineMaterials/Substrate/Glints2/dict_0001_0022.uasset" 9718
"../../../Engine/Content/EngineMaterials/Substrate/Glints2/dict_0001_0021.uasset" 9719
"/Engine/EngineMaterials/Substrate/Glints2/dict_0001_0021" 9720
"/Engine/EngineMaterials/Substrate/Glints2/dict_0001_0022" 9721
"/Engine/EngineMaterials/Substrate/Glints2/dict_0001_0023" 9722
"/Engine/EngineMaterials/Substrate/Glints2/dict_0001_0024" 9723
"/Engine/EngineMaterials/Substrate/Glints2/dict_0001_0025" 9724
"/Engine/EngineMaterials/Substrate/Glints2/dict_0001_0026" 9725
"/Engine/EngineMaterials/Substrate/Glints2/dict_0001_0027" 9726
"/Engine/EngineMaterials/Substrate/Glints2/dict_0001_0028" 9727
"/Engine/EngineMaterials/Substrate/Glints2/dict_0001_0029" 9728
"/Engine/EngineMaterials/Substrate/Glints2/dict_0001_0030" 9729
"/Engine/EngineMaterials/Substrate/Glints2/dict_0001_0031" 9730
"/Engine/EngineMaterials/Substrate/Glints2/dict_0001_0032" 9731
"/Engine/EngineMaterials/Substrate/Glints2/dict_0001_0033" 9732
"/Engine/EngineMaterials/Substrate/Glints2/dict_0001_0034" 9733
"/Engine/EngineMaterials/Substrate/Glints2/dict_0001_0035" 9734
"/Engine/EngineMaterials/Substrate/Glints2/dict_0001_0036" 9735
"/Engine/EngineMaterials/Substrate/Glints2/dict_0001_0037" 9736
"/Engine/EngineMaterials/Substrate/Glints2/dict_0001_0038" 9737
"/Engine/EngineMaterials/Substrate/Glints2/dict_0001_0039" 9738
"/Engine/EngineMaterials/Substrate/Glints2/dict_0001_0040" 9739
"/Engine/EngineMaterials/Substrate/Glints2/dict_0001_0041" 9740
"/Engine/EngineMaterials/Substrate/Glints2/dict_0001_0042" 9741
"/Engine/EngineMaterials/Substrate/Glints2/dict_0001_0043" 9742
"/Engine/EngineMaterials/Substrate/Glints2/dict_0001_0044" 9743
"/Engine/EngineMaterials/Substrate/Glints2/dict_0001_0045" 9744
"/Engine/EngineMaterials/Substrate/Glints2/dict_0001_0046" 9745
"/Engine/EngineMaterials/Substrate/Glints2/dict_0001_0047" 9746
"/Engine/EngineMaterials/Substrate/Glints2/dict_0001_0048" 9747
"/Engine/EngineMaterials/Substrate/Glints2/dict_0001_0049" 9748
"/Engine/EngineMaterials/Substrate/Glints2/dict_0001_0050" 9749
"/Engine/EngineMaterials/Substrate/Glints2/dict_0001_0051" 9750
"/Engine/EngineMaterials/Substrate/Glints2/dict_0001_0052" 9751
"../../../Engine/Content/EngineMaterials/Substrate/Glints2/dict_0001_0020.uasset" 9752
"../../../Engine/Content/EngineMaterials/Substrate/Glints2/dict_0001_0009.uasset" 9753
"../../../Engine/Content/EngineMaterials/Substrate/Glints2/dict_0001_0018.uasset" 9754
"../../../Engine/Content/EngineMaterials/Substrate/Glints2/dict_0001_0019.uasset" 9755
"../../../Engine/Content/EngineMaterials/Substrate/Glints2/dict_0000_0251.uasset" 9756
"../../../Engine/Content/EngineMaterials/Substrate/Glints2/dict_0001_0000.uasset" 9757
"../../../Engine/Content/EngineMaterials/Substrate/Glints2/dict_0000_0249.uasset" 9758
"../../../Engine/Content/EngineMaterials/Substrate/Glints2/dict_0001_0008.uasset" 9759
"../../../Engine/Content/EngineMaterials/Substrate/Glints2/dict_0001_0014.uasset" 9760
"../../../Engine/Content/EngineMaterials/Substrate/Glints2/dict_0001_0007.uasset" 9761
"../../../Engine/Content/EngineMaterials/Substrate/Glints2/dict_0000_0252.uasset" 9762
"../../../Engine/Content/EngineMaterials/Substrate/Glints2/dict_0001_0011.uasset" 9763
"../../../Engine/Content/EngineMaterials/Substrate/Glints2/dict_0000_0254.uasset" 9764
"../../../Engine/Content/EngineMaterials/Substrate/Glints2/dict_0000_0247.uasset" 9765
"../../../Engine/Content/EngineMaterials/Substrate/Glints2/dict_0001_0015.uasset" 9766
"../../../Engine/Content/EngineMaterials/Substrate/Glints2/dict_0001_0004.uasset" 9767
"../../../Engine/Content/EngineMaterials/Substrate/Glints2/dict_0001_0003.uasset" 9768
"../../../Engine/Content/EngineMaterials/Substrate/Glints2/dict_0001_0017.uasset" 9769
"../../../Engine/Content/EngineMaterials/Substrate/Glints2/dict_0001_0010.uasset" 9770
"../../../Engine/Content/EngineMaterials/Substrate/Glints2/dict_0000_0248.uasset" 9771
"../../../Engine/Content/EngineMaterials/Substrate/Glints2/dict_0000_0255.uasset" 9772
"../../../Engine/Content/EngineMaterials/Substrate/Glints2/dict_0001_0001.uasset" 9773
"../../../Engine/Content/EngineMaterials/Substrate/Glints2/dict_0000_0253.uasset" 9774
"../../../Engine/Content/EngineMaterials/Substrate/Glints2/dict_0001_0016.uasset" 9775
"../../../Engine/Content/EngineMaterials/Substrate/Glints2/dict_0000_0250.uasset" 9776
"../../../Engine/Content/EngineMaterials/Substrate/Glints2/dict_0001_0013.uasset" 9777
"../../../Engine/Content/EngineMaterials/Substrate/Glints2/dict_0001_0006.uasset" 9778
"../../../Engine/Content/EngineMaterials/Substrate/Glints2/dict_0001_0012.uasset" 9779
"../../../Engine/Content/EngineMaterials/Substrate/Glints2/dict_0001_0005.uasset" 9780
"../../../Engine/Content/EngineMaterials/Substrate/Glints2/dict_0001_0002.uasset" 9781
"/Engine/EngineMaterials/Substrate/Glints2/dict_0000_0247" 9782
"../../../Engine/Content/EngineMaterials/Substrate/Glints2/dict_0000_0245.uasset" 9783
"/Engine/EngineMaterials/Substrate/Glints2/dict_0000_0248" 9784
"../../../Engine/Content/EngineMaterials/Substrate/Glints2/dict_0000_0246.uasset" 9785
"/Engine/EngineMaterials/Substrate/Glints2/dict_0000_0249" 9786
"/Engine/EngineMaterials/Substrate/Glints2/dict_0000_0250" 9787
"/Engine/EngineMaterials/Substrate/Glints2/dict_0000_0251" 9788
"/Engine/EngineMaterials/Substrate/Glints2/dict_0000_0252" 9789
"/Engine/EngineMaterials/Substrate/Glints2/dict_0000_0253" 9790
"/Engine/EngineMaterials/Substrate/Glints2/dict_0000_0254" 9791
"/Engine/EngineMaterials/Substrate/Glints2/dict_0000_0255" 9792
"/Engine/EngineMaterials/Substrate/Glints2/dict_0001_0000" 9793
"/Engine/EngineMaterials/Substrate/Glints2/dict_0001_0001" 9794
"/Engine/EngineMaterials/Substrate/Glints2/dict_0001_0002" 9795
"/Engine/EngineMaterials/Substrate/Glints2/dict_0001_0003" 9796
"/Engine/EngineMaterials/Substrate/Glints2/dict_0001_0004" 9797
"/Engine/EngineMaterials/Substrate/Glints2/dict_0001_0005" 9798
"/Engine/EngineMaterials/Substrate/Glints2/dict_0001_0006" 9799
"/Engine/EngineMaterials/Substrate/Glints2/dict_0001_0007" 9800
"/Engine/EngineMaterials/Substrate/Glints2/dict_0001_0008" 9801
"/Engine/EngineMaterials/Substrate/Glints2/dict_0001_0009" 9802
"/Engine/EngineMaterials/Substrate/Glints2/dict_0001_0010" 9803
"/Engine/EngineMaterials/Substrate/Glints2/dict_0001_0011" 9804
"/Engine/EngineMaterials/Substrate/Glints2/dict_0001_0012" 9805
"/Engine/EngineMaterials/Substrate/Glints2/dict_0001_0013" 9806
"/Engine/EngineMaterials/Substrate/Glints2/dict_0001_0014" 9807
"/Engine/EngineMaterials/Substrate/Glints2/dict_0001_0015" 9808
"/Engine/EngineMaterials/Substrate/Glints2/dict_0001_0016" 9809
"/Engine/EngineMaterials/Substrate/Glints2/dict_0001_0017" 9810
"/Engine/EngineMaterials/Substrate/Glints2/dict_0001_0018" 9811
"/Engine/EngineMaterials/Substrate/Glints2/dict_0001_0019" 9812
"/Engine/EngineMaterials/Substrate/Glints2/dict_0001_0020" 9813
"/Engine/EngineMaterials/Substrate/Glints2/dict_0000_0245" 9814
"/Engine/EngineMaterials/Substrate/Glints2/dict_0000_0246" 9815
"../../../Engine/Content/EngineMaterials/Substrate/Glints2/dict_0000_0234.uasset" 9816
"../../../Engine/Content/EngineMaterials/Substrate/Glints2/dict_0000_0241.uasset" 9817
"../../../Engine/Content/EngineMaterials/Substrate/Glints2/dict_0000_0237.uasset" 9818
"../../../Engine/Content/EngineMaterials/Substrate/Glints2/dict_0000_0243.uasset" 9819
"../../../Engine/Content/EngineMaterials/Substrate/Glints2/dict_0000_0240.uasset" 9820
"../../../Engine/Content/EngineMaterials/Substrate/Glints2/dict_0000_0215.uasset" 9821
"../../../Engine/Content/EngineMaterials/Substrate/Glints2/dict_0000_0242.uasset" 9822
"../../../Engine/Content/EngineMaterials/Substrate/Glints2/dict_0000_0238.uasset" 9823
"../../../Engine/Content/EngineMaterials/Substrate/Glints2/dict_0000_0244.uasset" 9824
"../../../Engine/Content/EngineMaterials/Substrate/Glints2/dict_0000_0223.uasset" 9825
"../../../Engine/Content/EngineMaterials/Substrate/Glints2/dict_0000_0235.uasset" 9826
"../../../Engine/Content/EngineMaterials/Substrate/Glints2/dict_0000_0239.uasset" 9827
"../../../Engine/Content/EngineMaterials/Substrate/Glints2/dict_0000_0229.uasset" 9828
"../../../Engine/Content/EngineMaterials/Substrate/Glints2/dict_0000_0231.uasset" 9829
"../../../Engine/Content/EngineMaterials/Substrate/Glints2/dict_0000_0233.uasset" 9830
"../../../Engine/Content/EngineMaterials/Substrate/Glints2/dict_0000_0228.uasset" 9831
"../../../Engine/Content/EngineMaterials/Substrate/Glints2/dict_0000_0217.uasset" 9832
"../../../Engine/Content/EngineMaterials/Substrate/Glints2/dict_0000_0222.uasset" 9833
"../../../Engine/Content/EngineMaterials/Substrate/Glints2/dict_0000_0221.uasset" 9834
"../../../Engine/Content/EngineMaterials/Substrate/Glints2/dict_0000_0224.uasset" 9835
"../../../Engine/Content/EngineMaterials/Substrate/Glints2/dict_0000_0216.uasset" 9836
"../../../Engine/Content/EngineMaterials/Substrate/Glints2/dict_0000_0232.uasset" 9837
"../../../Engine/Content/EngineMaterials/Substrate/Glints2/dict_0000_0220.uasset" 9838
"../../../Engine/Content/EngineMaterials/Substrate/Glints2/dict_0000_0236.uasset" 9839
"../../../Engine/Content/EngineMaterials/Substrate/Glints2/dict_0000_0226.uasset" 9840
"../../../Engine/Content/EngineMaterials/Substrate/Glints2/dict_0000_0227.uasset" 9841
"../../../Engine/Content/EngineMaterials/Substrate/Glints2/dict_0000_0219.uasset" 9842
"../../../Engine/Content/EngineMaterials/Substrate/Glints2/dict_0000_0225.uasset" 9843
"../../../Engine/Content/EngineMaterials/Substrate/Glints2/dict_0000_0214.uasset" 9844
"/Engine/EngineMaterials/Substrate/Glints2/dict_0000_0215" 9845
"../../../Engine/Content/EngineMaterials/Substrate/Glints2/dict_0000_0230.uasset" 9846
"/Engine/EngineMaterials/Substrate/Glints2/dict_0000_0216" 9847
"../../../Engine/Content/EngineMaterials/Substrate/Glints2/dict_0000_0218.uasset" 9848
"../../../Engine/Content/EngineMaterials/Substrate/Glints2/dict_0000_0213.uasset" 9849
"/Engine/EngineMaterials/Substrate/Glints2/dict_0000_0217" 9850
"/Engine/EngineMaterials/Substrate/Glints2/dict_0000_0219" 9851
"/Engine/EngineMaterials/Substrate/Glints2/dict_0000_0220" 9852
"/Engine/EngineMaterials/Substrate/Glints2/dict_0000_0221" 9853
"/Engine/EngineMaterials/Substrate/Glints2/dict_0000_0222" 9854
"/Engine/EngineMaterials/Substrate/Glints2/dict_0000_0223" 9855
"/Engine/EngineMaterials/Substrate/Glints2/dict_0000_0224" 9856
"/Engine/EngineMaterials/Substrate/Glints2/dict_0000_0225" 9857
"/Engine/EngineMaterials/Substrate/Glints2/dict_0000_0226" 9858
"/Engine/EngineMaterials/Substrate/Glints2/dict_0000_0227" 9859
"/Engine/EngineMaterials/Substrate/Glints2/dict_0000_0228" 9860
"/Engine/EngineMaterials/Substrate/Glints2/dict_0000_0229" 9861
"/Engine/EngineMaterials/Substrate/Glints2/dict_0000_0231" 9862
"/Engine/EngineMaterials/Substrate/Glints2/dict_0000_0232" 9863
"/Engine/EngineMaterials/Substrate/Glints2/dict_0000_0233" 9864
"/Engine/EngineMaterials/Substrate/Glints2/dict_0000_0234" 9865
"/Engine/EngineMaterials/Substrate/Glints2/dict_0000_0235" 9866
"/Engine/EngineMaterials/Substrate/Glints2/dict_0000_0236" 9867
"/Engine/EngineMaterials/Substrate/Glints2/dict_0000_0237" 9868
"/Engine/EngineMaterials/Substrate/Glints2/dict_0000_0238" 9869
"/Engine/EngineMaterials/Substrate/Glints2/dict_0000_0239" 9870
"/Engine/EngineMaterials/Substrate/Glints2/dict_0000_0240" 9871
"/Engine/EngineMaterials/Substrate/Glints2/dict_0000_0241" 9872
"/Engine/EngineMaterials/Substrate/Glints2/dict_0000_0242" 9873
"/Engine/EngineMaterials/Substrate/Glints2/dict_0000_0243" 9874
"/Engine/EngineMaterials/Substrate/Glints2/dict_0000_0244" 9875
"/Engine/EngineMaterials/Substrate/Glints2/dict_0000_0213" 9876
"/Engine/EngineMaterials/Substrate/Glints2/dict_0000_0214" 9877
"/Engine/EngineMaterials/Substrate/Glints2/dict_0000_0218" 9878
"/Engine/EngineMaterials/Substrate/Glints2/dict_0000_0230" 9879
"../../../Engine/Content/EngineMaterials/Substrate/Glints2/dict_0000_0212.uasset" 9880
"../../../Engine/Content/EngineMaterials/Substrate/Glints2/dict_0000_0207.uasset" 9881
"../../../Engine/Content/EngineMaterials/Substrate/Glints2/dict_0000_0209.uasset" 9882
"../../../Engine/Content/EngineMaterials/Substrate/Glints2/dict_0000_0210.uasset" 9883
"../../../Engine/Content/EngineMaterials/Substrate/Glints2/dict_0000_0201.uasset" 9884
"../../../Engine/Content/EngineMaterials/Substrate/Glints2/dict_0000_0204.uasset" 9885
"../../../Engine/Content/EngineMaterials/Substrate/Glints2/dict_0000_0208.uasset" 9886
"../../../Engine/Content/EngineMaterials/Substrate/Glints2/dict_0000_0205.uasset" 9887
"../../../Engine/Content/EngineMaterials/Substrate/Glints2/dict_0000_0190.uasset" 9888
"../../../Engine/Content/EngineMaterials/Substrate/Glints2/dict_0000_0186.uasset" 9889
"../../../Engine/Content/EngineMaterials/Substrate/Glints2/dict_0000_0189.uasset" 9890
"../../../Engine/Content/EngineMaterials/Substrate/Glints2/dict_0000_0192.uasset" 9891
"../../../Engine/Content/EngineMaterials/Substrate/Glints2/dict_0000_0203.uasset" 9892
"../../../Engine/Content/EngineMaterials/Substrate/Glints2/dict_0000_0184.uasset" 9893
"../../../Engine/Content/EngineMaterials/Substrate/Glints2/dict_0000_0197.uasset" 9894
"../../../Engine/Content/EngineMaterials/Substrate/Glints2/dict_0000_0206.uasset" 9895
"../../../Engine/Content/EngineMaterials/Substrate/Glints2/dict_0000_0183.uasset" 9896
"../../../Engine/Content/EngineMaterials/Substrate/Glints2/dict_0000_0196.uasset" 9897
"../../../Engine/Content/EngineMaterials/Substrate/Glints2/dict_0000_0185.uasset" 9898
"../../../Engine/Content/EngineMaterials/Substrate/Glints2/dict_0000_0188.uasset" 9899
"../../../Engine/Content/EngineMaterials/Substrate/Glints2/dict_0000_0211.uasset" 9900
"../../../Engine/Content/EngineMaterials/Substrate/Glints2/dict_0000_0200.uasset" 9901
"../../../Engine/Content/EngineMaterials/Substrate/Glints2/dict_0000_0202.uasset" 9902
"../../../Engine/Content/EngineMaterials/Substrate/Glints2/dict_0000_0187.uasset" 9903
"../../../Engine/Content/EngineMaterials/Substrate/Glints2/dict_0000_0191.uasset" 9904
"../../../Engine/Content/EngineMaterials/Substrate/Glints2/dict_0000_0198.uasset" 9905
"../../../Engine/Content/EngineMaterials/Substrate/Glints2/dict_0000_0195.uasset" 9906
"../../../Engine/Content/EngineMaterials/Substrate/Glints2/dict_0000_0194.uasset" 9907
"../../../Engine/Content/EngineMaterials/Substrate/Glints2/dict_0000_0193.uasset" 9908
"../../../Engine/Content/EngineMaterials/Substrate/Glints2/dict_0000_0199.uasset" 9909
"../../../Engine/Content/EngineMaterials/Substrate/Glints2/dict_0000_0182.uasset" 9910
"../../../Engine/Content/EngineMaterials/Substrate/Glints2/dict_0000_0181.uasset" 9911
"/Engine/EngineMaterials/Substrate/Glints2/dict_0000_0181" 9912
"/Engine/EngineMaterials/Substrate/Glints2/dict_0000_0182" 9913
"/Engine/EngineMaterials/Substrate/Glints2/dict_0000_0185" 9914
"/Engine/EngineMaterials/Substrate/Glints2/dict_0000_0186" 9915
"/Engine/EngineMaterials/Substrate/Glints2/dict_0000_0187" 9916
"/Engine/EngineMaterials/Substrate/Glints2/dict_0000_0183" 9917
"/Engine/EngineMaterials/Substrate/Glints2/dict_0000_0188" 9918
"/Engine/EngineMaterials/Substrate/Glints2/dict_0000_0189" 9919
"/Engine/EngineMaterials/Substrate/Glints2/dict_0000_0190" 9920
"/Engine/EngineMaterials/Substrate/Glints2/dict_0000_0191" 9921
"/Engine/EngineMaterials/Substrate/Glints2/dict_0000_0192" 9922
"/Engine/EngineMaterials/Substrate/Glints2/dict_0000_0193" 9923
"/Engine/EngineMaterials/Substrate/Glints2/dict_0000_0194" 9924
"/Engine/EngineMaterials/Substrate/Glints2/dict_0000_0195" 9925
"/Engine/EngineMaterials/Substrate/Glints2/dict_0000_0196" 9926
"/Engine/EngineMaterials/Substrate/Glints2/dict_0000_0197" 9927
"/Engine/EngineMaterials/Substrate/Glints2/dict_0000_0198" 9928
"/Engine/EngineMaterials/Substrate/Glints2/dict_0000_0184" 9929
"/Engine/EngineMaterials/Substrate/Glints2/dict_0000_0199" 9930
"/Engine/EngineMaterials/Substrate/Glints2/dict_0000_0200" 9931
"/Engine/EngineMaterials/Substrate/Glints2/dict_0000_0201" 9932
"/Engine/EngineMaterials/Substrate/Glints2/dict_0000_0202" 9933
"/Engine/EngineMaterials/Substrate/Glints2/dict_0000_0203" 9934
"/Engine/EngineMaterials/Substrate/Glints2/dict_0000_0204" 9935
"/Engine/EngineMaterials/Substrate/Glints2/dict_0000_0205" 9936
"/Engine/EngineMaterials/Substrate/Glints2/dict_0000_0206" 9937
"/Engine/EngineMaterials/Substrate/Glints2/dict_0000_0207" 9938
"/Engine/EngineMaterials/Substrate/Glints2/dict_0000_0208" 9939
"/Engine/EngineMaterials/Substrate/Glints2/dict_0000_0209" 9940
"/Engine/EngineMaterials/Substrate/Glints2/dict_0000_0210" 9941
"/Engine/EngineMaterials/Substrate/Glints2/dict_0000_0211" 9942
"/Engine/EngineMaterials/Substrate/Glints2/dict_0000_0212" 9943
"../../../Engine/Content/EngineMaterials/Substrate/Glints2/dict_0000_0171.uasset" 9944
"../../../Engine/Content/EngineMaterials/Substrate/Glints2/dict_0000_0178.uasset" 9945
"../../../Engine/Content/EngineMaterials/Substrate/Glints2/dict_0000_0180.uasset" 9946
"../../../Engine/Content/EngineMaterials/Substrate/Glints2/dict_0000_0170.uasset" 9947
"../../../Engine/Content/EngineMaterials/Substrate/Glints2/dict_0000_0175.uasset" 9948
"../../../Engine/Content/EngineMaterials/Substrate/Glints2/dict_0000_0173.uasset" 9949
"../../../Engine/Content/EngineMaterials/Substrate/Glints2/dict_0000_0166.uasset" 9950
"../../../Engine/Content/EngineMaterials/Substrate/Glints2/dict_0000_0165.uasset" 9951
"../../../Engine/Content/EngineMaterials/Substrate/Glints2/dict_0000_0176.uasset" 9952
"../../../Engine/Content/EngineMaterials/Substrate/Glints2/dict_0000_0160.uasset" 9953
"../../../Engine/Content/EngineMaterials/Substrate/Glints2/dict_0000_0153.uasset" 9954
"../../../Engine/Content/EngineMaterials/Substrate/Glints2/dict_0000_0151.uasset" 9955
"../../../Engine/Content/EngineMaterials/Substrate/Glints2/dict_0000_0179.uasset" 9956
"../../../Engine/Content/EngineMaterials/Substrate/Glints2/dict_0000_0163.uasset" 9957
"../../../Engine/Content/EngineMaterials/Substrate/Glints2/dict_0000_0158.uasset" 9958
"../../../Engine/Content/EngineMaterials/Substrate/Glints2/dict_0000_0168.uasset" 9959
"../../../Engine/Content/EngineMaterials/Substrate/Glints2/dict_0000_0177.uasset" 9960
"../../../Engine/Content/EngineMaterials/Substrate/Glints2/dict_0000_0152.uasset" 9961
"../../../Engine/Content/EngineMaterials/Substrate/Glints2/dict_0000_0156.uasset" 9962
"../../../Engine/Content/EngineMaterials/Substrate/Glints2/dict_0000_0172.uasset" 9963
"../../../Engine/Content/EngineMaterials/Substrate/Glints2/dict_0000_0174.uasset" 9964
"../../../Engine/Content/EngineMaterials/Substrate/Glints2/dict_0000_0164.uasset" 9965
"../../../Engine/Content/EngineMaterials/Substrate/Glints2/dict_0000_0167.uasset" 9966
"../../../Engine/Content/EngineMaterials/Substrate/Glints2/dict_0000_0169.uasset" 9967
"../../../Engine/Content/EngineMaterials/Substrate/Glints2/dict_0000_0154.uasset" 9968
"../../../Engine/Content/EngineMaterials/Substrate/Glints2/dict_0000_0157.uasset" 9969
"../../../Engine/Content/EngineMaterials/Substrate/Glints2/dict_0000_0161.uasset" 9970
"../../../Engine/Content/EngineMaterials/Substrate/Glints2/dict_0000_0159.uasset" 9971
"../../../Engine/Content/EngineMaterials/Substrate/Glints2/dict_0000_0162.uasset" 9972
"../../../Engine/Content/EngineMaterials/Substrate/Glints2/dict_0000_0155.uasset" 9973
"../../../Engine/Content/EngineMaterials/Substrate/Glints2/dict_0000_0150.uasset" 9974
"/Engine/EngineMaterials/Substrate/Glints2/dict_0000_0151" 9975
"../../../Engine/Content/EngineMaterials/Substrate/Glints2/dict_0000_0149.uasset" 9976
"/Engine/EngineMaterials/Substrate/Glints2/dict_0000_0152" 9977
"/Engine/EngineMaterials/Substrate/Glints2/dict_0000_0153" 9978
"/Engine/EngineMaterials/Substrate/Glints2/dict_0000_0154" 9979
"/Engine/EngineMaterials/Substrate/Glints2/dict_0000_0155" 9980
"/Engine/EngineMaterials/Substrate/Glints2/dict_0000_0156" 9981
"/Engine/EngineMaterials/Substrate/Glints2/dict_0000_0157" 9982
"/Engine/EngineMaterials/Substrate/Glints2/dict_0000_0158" 9983
"/Engine/EngineMaterials/Substrate/Glints2/dict_0000_0159" 9984
"/Engine/EngineMaterials/Substrate/Glints2/dict_0000_0160" 9985
"/Engine/EngineMaterials/Substrate/Glints2/dict_0000_0161" 9986
"/Engine/EngineMaterials/Substrate/Glints2/dict_0000_0162" 9987
"/Engine/EngineMaterials/Substrate/Glints2/dict_0000_0163" 9988
"/Engine/EngineMaterials/Substrate/Glints2/dict_0000_0164" 9989
"/Engine/EngineMaterials/Substrate/Glints2/dict_0000_0165" 9990
"/Engine/EngineMaterials/Substrate/Glints2/dict_0000_0166" 9991
"/Engine/EngineMaterials/Substrate/Glints2/dict_0000_0167" 9992
"/Engine/EngineMaterials/Substrate/Glints2/dict_0000_0168" 9993
"/Engine/EngineMaterials/Substrate/Glints2/dict_0000_0169" 9994
"/Engine/EngineMaterials/Substrate/Glints2/dict_0000_0170" 9995
"/Engine/EngineMaterials/Substrate/Glints2/dict_0000_0171" 9996
"/Engine/EngineMaterials/Substrate/Glints2/dict_0000_0172" 9997
"/Engine/EngineMaterials/Substrate/Glints2/dict_0000_0173" 9998
"/Engine/EngineMaterials/Substrate/Glints2/dict_0000_0174" 9999
"/Engine/EngineMaterials/Substrate/Glints2/dict_0000_0175" 10000
"/Engine/EngineMaterials/Substrate/Glints2/dict_0000_0176" 10001
"/Engine/EngineMaterials/Substrate/Glints2/dict_0000_0177" 10002
"/Engine/EngineMaterials/Substrate/Glints2/dict_0000_0178" 10003
"/Engine/EngineMaterials/Substrate/Glints2/dict_0000_0179" 10004
"/Engine/EngineMaterials/Substrate/Glints2/dict_0000_0180" 10005
"/Engine/EngineMaterials/Substrate/Glints2/dict_0000_0149" 10006
"/Engine/EngineMaterials/Substrate/Glints2/dict_0000_0150" 10007
"../../../Engine/Content/EngineMaterials/Substrate/Glints2/dict_0000_0142.uasset" 10008
"../../../Engine/Content/EngineMaterials/Substrate/Glints2/dict_0000_0143.uasset" 10009
"../../../Engine/Content/EngineMaterials/Substrate/Glints2/dict_0000_0147.uasset" 10010
"../../../Engine/Content/EngineMaterials/Substrate/Glints2/dict_0000_0140.uasset" 10011
"../../../Engine/Content/EngineMaterials/Substrate/Glints2/dict_0000_0144.uasset" 10012
"../../../Engine/Content/EngineMaterials/Substrate/Glints2/dict_0000_0139.uasset" 10013
"../../../Engine/Content/EngineMaterials/Substrate/Glints2/dict_0000_0134.uasset" 10014
"../../../Engine/Content/EngineMaterials/Substrate/Glints2/dict_0000_0130.uasset" 10015
"../../../Engine/Content/EngineMaterials/Substrate/Glints2/dict_0000_0141.uasset" 10016
"../../../Engine/Content/EngineMaterials/Substrate/Glints2/dict_0000_0148.uasset" 10017
"../../../Engine/Content/EngineMaterials/Substrate/Glints2/dict_0000_0138.uasset" 10018
"../../../Engine/Content/EngineMaterials/Substrate/Glints2/dict_0000_0145.uasset" 10019
"../../../Engine/Content/EngineMaterials/Substrate/Glints2/dict_0000_0133.uasset" 10020
"../../../Engine/Content/EngineMaterials/Substrate/Glints2/dict_0000_0125.uasset" 10021
"../../../Engine/Content/EngineMaterials/Substrate/Glints2/dict_0000_0122.uasset" 10022
"../../../Engine/Content/EngineMaterials/Substrate/Glints2/dict_0000_0131.uasset" 10023
"../../../Engine/Content/EngineMaterials/Substrate/Glints2/dict_0000_0127.uasset" 10024
"../../../Engine/Content/EngineMaterials/Substrate/Glints2/dict_0000_0135.uasset" 10025
"../../../Engine/Content/EngineMaterials/Substrate/Glints2/dict_0000_0146.uasset" 10026
"../../../Engine/Content/EngineMaterials/Substrate/Glints2/dict_0000_0128.uasset" 10027
"../../../Engine/Content/EngineMaterials/Substrate/Glints2/dict_0000_0129.uasset" 10028
"../../../Engine/Content/EngineMaterials/Substrate/Glints2/dict_0000_0137.uasset" 10029
"../../../Engine/Content/EngineMaterials/Substrate/Glints2/dict_0000_0136.uasset" 10030
"../../../Engine/Content/EngineMaterials/Substrate/Glints2/dict_0000_0120.uasset" 10031
"../../../Engine/Content/EngineMaterials/Substrate/Glints2/dict_0000_0132.uasset" 10032
"../../../Engine/Content/EngineMaterials/Substrate/Glints2/dict_0000_0124.uasset" 10033
"../../../Engine/Content/EngineMaterials/Substrate/Glints2/dict_0000_0123.uasset" 10034
"../../../Engine/Content/EngineMaterials/Substrate/Glints2/dict_0000_0121.uasset" 10035
"../../../Engine/Content/EngineMaterials/Substrate/Glints2/dict_0000_0126.uasset" 10036
"../../../Engine/Content/EngineMaterials/Substrate/Glints2/dict_0000_0119.uasset" 10037
"../../../Engine/Content/EngineMaterials/Substrate/Glints2/dict_0000_0117.uasset" 10038
"../../../Engine/Content/EngineMaterials/Substrate/Glints2/dict_0000_0118.uasset" 10039
"/Engine/EngineMaterials/Substrate/Glints2/dict_0000_0117" 10040
"/Engine/EngineMaterials/Substrate/Glints2/dict_0000_0118" 10041
"/Engine/EngineMaterials/Substrate/Glints2/dict_0000_0119" 10042
"/Engine/EngineMaterials/Substrate/Glints2/dict_0000_0120" 10043
"/Engine/EngineMaterials/Substrate/Glints2/dict_0000_0121" 10044
"/Engine/EngineMaterials/Substrate/Glints2/dict_0000_0122" 10045
"/Engine/EngineMaterials/Substrate/Glints2/dict_0000_0123" 10046
"/Engine/EngineMaterials/Substrate/Glints2/dict_0000_0124" 10047
"/Engine/EngineMaterials/Substrate/Glints2/dict_0000_0125" 10048
"/Engine/EngineMaterials/Substrate/Glints2/dict_0000_0126" 10049
"/Engine/EngineMaterials/Substrate/Glints2/dict_0000_0127" 10050
"/Engine/EngineMaterials/Substrate/Glints2/dict_0000_0128" 10051
"/Engine/EngineMaterials/Substrate/Glints2/dict_0000_0129" 10052
"/Engine/EngineMaterials/Substrate/Glints2/dict_0000_0130" 10053
"/Engine/EngineMaterials/Substrate/Glints2/dict_0000_0131" 10054
"/Engine/EngineMaterials/Substrate/Glints2/dict_0000_0132" 10055
"/Engine/EngineMaterials/Substrate/Glints2/dict_0000_0133" 10056
"/Engine/EngineMaterials/Substrate/Glints2/dict_0000_0134" 10057
"/Engine/EngineMaterials/Substrate/Glints2/dict_0000_0135" 10058
"/Engine/EngineMaterials/Substrate/Glints2/dict_0000_0136" 10059
"/Engine/EngineMaterials/Substrate/Glints2/dict_0000_0137" 10060
"/Engine/EngineMaterials/Substrate/Glints2/dict_0000_0138" 10061
"/Engine/EngineMaterials/Substrate/Glints2/dict_0000_0139" 10062
"/Engine/EngineMaterials/Substrate/Glints2/dict_0000_0140" 10063
"/Engine/EngineMaterials/Substrate/Glints2/dict_0000_0141" 10064
"/Engine/EngineMaterials/Substrate/Glints2/dict_0000_0142" 10065
"/Engine/EngineMaterials/Substrate/Glints2/dict_0000_0143" 10066
"/Engine/EngineMaterials/Substrate/Glints2/dict_0000_0144" 10067
"/Engine/EngineMaterials/Substrate/Glints2/dict_0000_0145" 10068
"/Engine/EngineMaterials/Substrate/Glints2/dict_0000_0146" 10069
"/Engine/EngineMaterials/Substrate/Glints2/dict_0000_0147" 10070
"/Engine/EngineMaterials/Substrate/Glints2/dict_0000_0148" 10071
"../../../Engine/Content/EngineMaterials/Substrate/Glints2/dict_0000_0112.uasset" 10072
"../../../Engine/Content/EngineMaterials/Substrate/Glints2/dict_0000_0111.uasset" 10073
"../../../Engine/Content/EngineMaterials/Substrate/Glints2/dict_0000_0100.uasset" 10074
"../../../Engine/Content/EngineMaterials/Substrate/Glints2/dict_0000_0113.uasset" 10075
"../../../Engine/Content/EngineMaterials/Substrate/Glints2/dict_0000_0106.uasset" 10076
"../../../Engine/Content/EngineMaterials/Substrate/Glints2/dict_0000_0116.uasset" 10077
"../../../Engine/Content/EngineMaterials/Substrate/Glints2/dict_0000_0092.uasset" 10078
"../../../Engine/Content/EngineMaterials/Substrate/Glints2/dict_0000_0107.uasset" 10079
"../../../Engine/Content/EngineMaterials/Substrate/Glints2/dict_0000_0115.uasset" 10080
"../../../Engine/Content/EngineMaterials/Substrate/Glints2/dict_0000_0101.uasset" 10081
"../../../Engine/Content/EngineMaterials/Substrate/Glints2/dict_0000_0105.uasset" 10082
"../../../Engine/Content/EngineMaterials/Substrate/Glints2/dict_0000_0108.uasset" 10083
"../../../Engine/Content/EngineMaterials/Substrate/Glints2/dict_0000_0094.uasset" 10084
"../../../Engine/Content/EngineMaterials/Substrate/Glints2/dict_0000_0095.uasset" 10085
"../../../Engine/Content/EngineMaterials/Substrate/Glints2/dict_0000_0089.uasset" 10086
"../../../Engine/Content/EngineMaterials/Substrate/Glints2/dict_0000_0103.uasset" 10087
"../../../Engine/Content/EngineMaterials/Substrate/Glints2/dict_0000_0114.uasset" 10088
"../../../Engine/Content/EngineMaterials/Substrate/Glints2/dict_0000_0098.uasset" 10089
"../../../Engine/Content/EngineMaterials/Substrate/Glints2/dict_0000_0099.uasset" 10090
"../../../Engine/Content/EngineMaterials/Substrate/Glints2/dict_0000_0087.uasset" 10091
"../../../Engine/Content/EngineMaterials/Substrate/Glints2/dict_0000_0110.uasset" 10092
"../../../Engine/Content/EngineMaterials/Substrate/Glints2/dict_0000_0090.uasset" 10093
"../../../Engine/Content/EngineMaterials/Substrate/Glints2/dict_0000_0091.uasset" 10094
"../../../Engine/Content/EngineMaterials/Substrate/Glints2/dict_0000_0093.uasset" 10095
"../../../Engine/Content/EngineMaterials/Substrate/Glints2/dict_0000_0088.uasset" 10096
"../../../Engine/Content/EngineMaterials/Substrate/Glints2/dict_0000_0109.uasset" 10097
"../../../Engine/Content/EngineMaterials/Substrate/Glints2/dict_0000_0104.uasset" 10098
"../../../Engine/Content/EngineMaterials/Substrate/Glints2/dict_0000_0097.uasset" 10099
"../../../Engine/Content/EngineMaterials/Substrate/Glints2/dict_0000_0096.uasset" 10100
"../../../Engine/Content/EngineMaterials/Substrate/Glints2/dict_0000_0102.uasset" 10101
"../../../Engine/Content/EngineMaterials/Substrate/Glints2/dict_0000_0086.uasset" 10102
"/Engine/EngineMaterials/Substrate/Glints2/dict_0000_0087" 10103
"../../../Engine/Content/EngineMaterials/Substrate/Glints2/dict_0000_0085.uasset" 10104
"/Engine/EngineMaterials/Substrate/Glints2/dict_0000_0088" 10105
"/Engine/EngineMaterials/Substrate/Glints2/dict_0000_0089" 10106
"/Engine/EngineMaterials/Substrate/Glints2/dict_0000_0090" 10107
"/Engine/EngineMaterials/Substrate/Glints2/dict_0000_0091" 10108
"/Engine/EngineMaterials/Substrate/Glints2/dict_0000_0092" 10109
"/Engine/EngineMaterials/Substrate/Glints2/dict_0000_0093" 10110
"/Engine/EngineMaterials/Substrate/Glints2/dict_0000_0094" 10111
"/Engine/EngineMaterials/Substrate/Glints2/dict_0000_0095" 10112
"/Engine/EngineMaterials/Substrate/Glints2/dict_0000_0096" 10113
"/Engine/EngineMaterials/Substrate/Glints2/dict_0000_0097" 10114
"/Engine/EngineMaterials/Substrate/Glints2/dict_0000_0098" 10115
"/Engine/EngineMaterials/Substrate/Glints2/dict_0000_0099" 10116
"/Engine/EngineMaterials/Substrate/Glints2/dict_0000_0100" 10117
"/Engine/EngineMaterials/Substrate/Glints2/dict_0000_0101" 10118
"/Engine/EngineMaterials/Substrate/Glints2/dict_0000_0102" 10119
"/Engine/EngineMaterials/Substrate/Glints2/dict_0000_0103" 10120
"/Engine/EngineMaterials/Substrate/Glints2/dict_0000_0104" 10121
"/Engine/EngineMaterials/Substrate/Glints2/dict_0000_0105" 10122
"/Engine/EngineMaterials/Substrate/Glints2/dict_0000_0106" 10123
"/Engine/EngineMaterials/Substrate/Glints2/dict_0000_0107" 10124
"/Engine/EngineMaterials/Substrate/Glints2/dict_0000_0108" 10125
"/Engine/EngineMaterials/Substrate/Glints2/dict_0000_0109" 10126
"/Engine/EngineMaterials/Substrate/Glints2/dict_0000_0110" 10127
"/Engine/EngineMaterials/Substrate/Glints2/dict_0000_0111" 10128
"/Engine/EngineMaterials/Substrate/Glints2/dict_0000_0112" 10129
"/Engine/EngineMaterials/Substrate/Glints2/dict_0000_0113" 10130
"/Engine/EngineMaterials/Substrate/Glints2/dict_0000_0114" 10131
"/Engine/EngineMaterials/Substrate/Glints2/dict_0000_0115" 10132
"/Engine/EngineMaterials/Substrate/Glints2/dict_0000_0116" 10133
"/Engine/EngineMaterials/Substrate/Glints2/dict_0000_0085" 10134
"/Engine/EngineMaterials/Substrate/Glints2/dict_0000_0086" 10135
"../../../Engine/Content/EngineMaterials/Substrate/Glints2/dict_0000_0074.uasset" 10136
"../../../Engine/Content/EngineMaterials/Substrate/Glints2/dict_0000_0072.uasset" 10137
"../../../Engine/Content/EngineMaterials/Substrate/Glints2/dict_0000_0075.uasset" 10138
"../../../Engine/Content/EngineMaterials/Substrate/Glints2/dict_0000_0068.uasset" 10139
"../../../Engine/Content/EngineMaterials/Substrate/Glints2/dict_0000_0077.uasset" 10140
"../../../Engine/Content/EngineMaterials/Substrate/Glints2/dict_0000_0070.uasset" 10141
"../../../Engine/Content/EngineMaterials/Substrate/Glints2/dict_0000_0069.uasset" 10142
"../../../Engine/Content/EngineMaterials/Substrate/Glints2/dict_0000_0083.uasset" 10143
"../../../Engine/Content/EngineMaterials/Substrate/Glints2/dict_0000_0081.uasset" 10144
"../../../Engine/Content/EngineMaterials/Substrate/Glints2/dict_0000_0067.uasset" 10145
"../../../Engine/Content/EngineMaterials/Substrate/Glints2/dict_0000_0079.uasset" 10146
"../../../Engine/Content/EngineMaterials/Substrate/Glints2/dict_0000_0061.uasset" 10147
"../../../Engine/Content/EngineMaterials/Substrate/Glints2/dict_0000_0071.uasset" 10148
"../../../Engine/Content/EngineMaterials/Substrate/Glints2/dict_0000_0055.uasset" 10149
"../../../Engine/Content/EngineMaterials/Substrate/Glints2/dict_0000_0073.uasset" 10150
"../../../Engine/Content/EngineMaterials/Substrate/Glints2/dict_0000_0063.uasset" 10151
"../../../Engine/Content/EngineMaterials/Substrate/Glints2/dict_0000_0076.uasset" 10152
"../../../Engine/Content/EngineMaterials/Substrate/Glints2/dict_0000_0066.uasset" 10153
"../../../Engine/Content/EngineMaterials/Substrate/Glints2/dict_0000_0057.uasset" 10154
"../../../Engine/Content/EngineMaterials/Substrate/Glints2/dict_0000_0064.uasset" 10155
"../../../Engine/Content/EngineMaterials/Substrate/Glints2/dict_0000_0065.uasset" 10156
"../../../Engine/Content/EngineMaterials/Substrate/Glints2/dict_0000_0059.uasset" 10157
"../../../Engine/Content/EngineMaterials/Substrate/Glints2/dict_0000_0060.uasset" 10158
"../../../Engine/Content/EngineMaterials/Substrate/Glints2/dict_0000_0058.uasset" 10159
"../../../Engine/Content/EngineMaterials/Substrate/Glints2/dict_0000_0062.uasset" 10160
"../../../Engine/Content/EngineMaterials/Substrate/Glints2/dict_0000_0084.uasset" 10161
"../../../Engine/Content/EngineMaterials/Substrate/Glints2/dict_0000_0082.uasset" 10162
"../../../Engine/Content/EngineMaterials/Substrate/Glints2/dict_0000_0080.uasset" 10163
"../../../Engine/Content/EngineMaterials/Substrate/Glints2/dict_0000_0056.uasset" 10164
"../../../Engine/Content/EngineMaterials/Substrate/Glints2/dict_0000_0078.uasset" 10165
"../../../Engine/Content/EngineMaterials/Substrate/Glints2/dict_0000_0054.uasset" 10166
"../../../Engine/Content/EngineMaterials/Substrate/Glints2/dict_0000_0053.uasset" 10167
"/Engine/EngineMaterials/Substrate/Glints2/dict_0000_0053" 10168
"/Engine/EngineMaterials/Substrate/Glints2/dict_0000_0054" 10169
"/Engine/EngineMaterials/Substrate/Glints2/dict_0000_0055" 10170
"/Engine/EngineMaterials/Substrate/Glints2/dict_0000_0056" 10171
"/Engine/EngineMaterials/Substrate/Glints2/dict_0000_0057" 10172
"/Engine/EngineMaterials/Substrate/Glints2/dict_0000_0058" 10173
"/Engine/EngineMaterials/Substrate/Glints2/dict_0000_0059" 10174
"/Engine/EngineMaterials/Substrate/Glints2/dict_0000_0060" 10175
"/Engine/EngineMaterials/Substrate/Glints2/dict_0000_0061" 10176
"/Engine/EngineMaterials/Substrate/Glints2/dict_0000_0062" 10177
"/Engine/EngineMaterials/Substrate/Glints2/dict_0000_0063" 10178
"/Engine/EngineMaterials/Substrate/Glints2/dict_0000_0064" 10179
"/Engine/EngineMaterials/Substrate/Glints2/dict_0000_0065" 10180
"/Engine/EngineMaterials/Substrate/Glints2/dict_0000_0066" 10181
"/Engine/EngineMaterials/Substrate/Glints2/dict_0000_0067" 10182
"/Engine/EngineMaterials/Substrate/Glints2/dict_0000_0068" 10183
"/Engine/EngineMaterials/Substrate/Glints2/dict_0000_0069" 10184
"/Engine/EngineMaterials/Substrate/Glints2/dict_0000_0070" 10185
"/Engine/EngineMaterials/Substrate/Glints2/dict_0000_0071" 10186
"/Engine/EngineMaterials/Substrate/Glints2/dict_0000_0072" 10187
"/Engine/EngineMaterials/Substrate/Glints2/dict_0000_0073" 10188
"/Engine/EngineMaterials/Substrate/Glints2/dict_0000_0074" 10189
"/Engine/EngineMaterials/Substrate/Glints2/dict_0000_0075" 10190
"/Engine/EngineMaterials/Substrate/Glints2/dict_0000_0076" 10191
"/Engine/EngineMaterials/Substrate/Glints2/dict_0000_0077" 10192
"/Engine/EngineMaterials/Substrate/Glints2/dict_0000_0078" 10193
"/Engine/EngineMaterials/Substrate/Glints2/dict_0000_0079" 10194
"/Engine/EngineMaterials/Substrate/Glints2/dict_0000_0080" 10195
"/Engine/EngineMaterials/Substrate/Glints2/dict_0000_0081" 10196
"/Engine/EngineMaterials/Substrate/Glints2/dict_0000_0082" 10197
"/Engine/EngineMaterials/Substrate/Glints2/dict_0000_0083" 10198
"/Engine/EngineMaterials/Substrate/Glints2/dict_0000_0084" 10199
"../../../Engine/Content/EngineMaterials/Substrate/Glints2/dict_0000_0034.uasset" 10200
"../../../Engine/Content/EngineMaterials/Substrate/Glints2/dict_0000_0033.uasset" 10201
"../../../Engine/Content/EngineMaterials/Substrate/Glints2/dict_0000_0029.uasset" 10202
"../../../Engine/Content/EngineMaterials/Substrate/Glints2/dict_0000_0032.uasset" 10203
"../../../Engine/Content/EngineMaterials/Substrate/Glints2/dict_0000_0022.uasset" 10204
"../../../Engine/Content/EngineMaterials/Substrate/Glints2/dict_0000_0025.uasset" 10205
"../../../Engine/Content/EngineMaterials/Substrate/Glints2/dict_0000_0026.uasset" 10206
"../../../Engine/Content/EngineMaterials/Substrate/Glints2/dict_0000_0052.uasset" 10207
"../../../Engine/Content/EngineMaterials/Substrate/Glints2/dict_0000_0050.uasset" 10208
"../../../Engine/Content/EngineMaterials/Substrate/Glints2/dict_0000_0046.uasset" 10209
"../../../Engine/Content/EngineMaterials/Substrate/Glints2/dict_0000_0027.uasset" 10210
"../../../Engine/Content/EngineMaterials/Substrate/Glints2/dict_0000_0041.uasset" 10211
"../../../Engine/Content/EngineMaterials/Substrate/Glints2/dict_0000_0037.uasset" 10212
"../../../Engine/Content/EngineMaterials/Substrate/Glints2/dict_0000_0042.uasset" 10213
"../../../Engine/Content/EngineMaterials/Substrate/Glints2/dict_0000_0028.uasset" 10214
"../../../Engine/Content/EngineMaterials/Substrate/Glints2/dict_0000_0049.uasset" 10215
"../../../Engine/Content/EngineMaterials/Substrate/Glints2/dict_0000_0030.uasset" 10216
"../../../Engine/Content/EngineMaterials/Substrate/Glints2/dict_0000_0051.uasset" 10217
"../../../Engine/Content/EngineMaterials/Substrate/Glints2/dict_0000_0040.uasset" 10218
"../../../Engine/Content/EngineMaterials/Substrate/Glints2/dict_0000_0031.uasset" 10219
"../../../Engine/Content/EngineMaterials/Substrate/Glints2/dict_0000_0044.uasset" 10220
"../../../Engine/Content/EngineMaterials/Substrate/Glints2/dict_0000_0045.uasset" 10221
"../../../Engine/Content/EngineMaterials/Substrate/Glints2/dict_0000_0047.uasset" 10222
"../../../Engine/Content/EngineMaterials/Substrate/Glints2/dict_0000_0021.uasset" 10223
"../../../Engine/Content/EngineMaterials/Substrate/Glints2/dict_0000_0024.uasset" 10224
"../../../Engine/Content/EngineMaterials/Substrate/Glints2/dict_0000_0036.uasset" 10225
"../../../Engine/Content/EngineMaterials/Substrate/Glints2/dict_0000_0048.uasset" 10226
"../../../Engine/Content/EngineMaterials/Substrate/Glints2/dict_0000_0023.uasset" 10227
"../../../Engine/Content/EngineMaterials/Substrate/Glints2/dict_0000_0035.uasset" 10228
"../../../Engine/Content/EngineMaterials/Substrate/Glints2/dict_0000_0043.uasset" 10229
"../../../Engine/Content/EngineMaterials/Substrate/Glints2/dict_0000_0038.uasset" 10230
"../../../Engine/Content/EngineMaterials/Substrate/Glints2/dict_0000_0039.uasset" 10231
"/Engine/EngineMaterials/Substrate/Glints2/dict_0000_0021" 10232
"/Engine/EngineMaterials/Substrate/Glints2/dict_0000_0022" 10233
"/Engine/EngineMaterials/Substrate/Glints2/dict_0000_0023" 10234
"/Engine/EngineMaterials/Substrate/Glints2/dict_0000_0024" 10235
"/Engine/EngineMaterials/Substrate/Glints2/dict_0000_0025" 10236
"/Engine/EngineMaterials/Substrate/Glints2/dict_0000_0026" 10237
"/Engine/EngineMaterials/Substrate/Glints2/dict_0000_0027" 10238
"/Engine/EngineMaterials/Substrate/Glints2/dict_0000_0028" 10239
"/Engine/EngineMaterials/Substrate/Glints2/dict_0000_0029" 10240
"/Engine/EngineMaterials/Substrate/Glints2/dict_0000_0030" 10241
"/Engine/EngineMaterials/Substrate/Glints2/dict_0000_0031" 10242
"/Engine/EngineMaterials/Substrate/Glints2/dict_0000_0032" 10243
"/Engine/EngineMaterials/Substrate/Glints2/dict_0000_0033" 10244
"/Engine/EngineMaterials/Substrate/Glints2/dict_0000_0034" 10245
"/Engine/EngineMaterials/Substrate/Glints2/dict_0000_0035" 10246
"/Engine/EngineMaterials/Substrate/Glints2/dict_0000_0036" 10247
"/Engine/EngineMaterials/Substrate/Glints2/dict_0000_0037" 10248
"/Engine/EngineMaterials/Substrate/Glints2/dict_0000_0038" 10249
"/Engine/EngineMaterials/Substrate/Glints2/dict_0000_0039" 10250
"/Engine/EngineMaterials/Substrate/Glints2/dict_0000_0040" 10251
"/Engine/EngineMaterials/Substrate/Glints2/dict_0000_0041" 10252
"/Engine/EngineMaterials/Substrate/Glints2/dict_0000_0042" 10253
"/Engine/EngineMaterials/Substrate/Glints2/dict_0000_0043" 10254
"/Engine/EngineMaterials/Substrate/Glints2/dict_0000_0044" 10255
"/Engine/EngineMaterials/Substrate/Glints2/dict_0000_0045" 10256
"/Engine/EngineMaterials/Substrate/Glints2/dict_0000_0046" 10257
"/Engine/EngineMaterials/Substrate/Glints2/dict_0000_0047" 10258
"/Engine/EngineMaterials/Substrate/Glints2/dict_0000_0048" 10259
"/Engine/EngineMaterials/Substrate/Glints2/dict_0000_0049" 10260
"/Engine/EngineMaterials/Substrate/Glints2/dict_0000_0050" 10261
"/Engine/EngineMaterials/Substrate/Glints2/dict_0000_0051" 10262
"/Engine/EngineMaterials/Substrate/Glints2/dict_0000_0052" 10263
"../../../Engine/Content/EngineMaterials/Substrate/Volume/SubstrateSimpleVolumeLUT2D.uasset" 10264
"../../../Engine/Content/EngineMaterials/Substrate/Volume/SubstrateSimpleVolumeEnvLUT2D.uasset" 10265
"../../../Engine/Content/EngineMaterials/Substrate/Volume/SubstrateSimpleVolumeLUT3D.uasset" 10266
"../../../Engine/Content/MobileResources/HUD/DefaultVirtualJoysticks.uasset" 10267
"../../../Engine/Content/EngineMaterials/Substrate/Volume/SubstrateSimpleVolumeEnvLUT3D.uasset" 10268
"../../../Engine/Content/EngineMaterials/PPM_DefaultCalibrationColor.uasset" 10269
"../../../Engine/Content/EngineMaterials/Substrate/Glints2/dict_0000_0020.uasset" 10270
"../../../Engine/Content/EngineMaterials/Substrate/Glints2/dict_0000_0010.uasset" 10271
"../../../Engine/Content/EngineMaterials/Substrate/Glints2/dict_0000_0015.uasset" 10272
"../../../Engine/Content/EngineMaterials/Substrate/Glints2/dict_0000_0013.uasset" 10273
"../../../Engine/Content/EngineMaterials/Substrate/Glints2/dict_0000_0003.uasset" 10274
"../../../Engine/Content/EngineMaterials/Substrate/Glints2/dict_0000_0007.uasset" 10275
"../../../Engine/Content/EngineMaterials/Substrate/Glints2/dict_0000_0008.uasset" 10276
"../../../Engine/Content/EngineMaterials/Substrate/Glints2/dict_0000_0000.uasset" 10277
"../../../Engine/Content/EngineMaterials/Substrate/Glints2/dict_0000_0018.uasset" 10278
"../../../Engine/Content/EngineMaterials/Substrate/Glints2/dict_0000_0009.uasset" 10279
"../../../Engine/Content/EngineMaterials/Substrate/Glints2/dict_0000_0011.uasset" 10280
"../../../Engine/Content/EngineMaterials/Substrate/Glints2/dict_0000_0017.uasset" 10281
"../../../Engine/Content/EngineMaterials/Substrate/Glints2/dict_0000_0019.uasset" 10282
"../../../Engine/Content/EngineMaterials/Substrate/Glints2/dict_0000_0002.uasset" 10283
"../../../Engine/Content/EngineMaterials/Substrate/Glints2/dict_0000_0006.uasset" 10284
"../../../Engine/Content/MobileResources/HUD/VirtualJoystick_Thumb.uasset" 10285
"../../../Engine/Content/EngineMaterials/Substrate/Glints2/dict_0000_0004.uasset" 10286
"../../../Engine/Content/EngineMaterials/Substrate/Glints2/AGlintTex2dArray2.uasset" 10287
"../../../Engine/Content/EngineMaterials/Substrate/Glints2/dict_0000_0012.uasset" 10288
"../../../Engine/Content/MobileResources/HUD/VirtualJoystick_Background.uasset" 10289
"../../../Engine/Content/EngineMaterials/Substrate/Glints2/dict_0000_0016.uasset" 10290
"../../../Engine/Content/EngineMaterials/Substrate/Glints2/dict_0000_0001.uasset" 10291
"../../../Engine/Content/EngineMaterials/DefaultCalibrationColor.uasset" 10292
"../../../Engine/Content/EngineMaterials/Substrate/Glints2/dict_0000_0014.uasset" 10293
"../../../Engine/Content/EngineMaterials/DefaultCalibrationGrayscale.uasset" 10294
"../../../Engine/Content/EngineMaterials/Substrate/Glints2/dict_0000_0005.uasset" 10295
"/Engine/EngineMaterials/DefaultCalibrationGrayscale" 10296
"/Engine/EngineMaterials/PPM_DefaultCalibrationColor" 10297
"/Engine/MobileResources/HUD/DefaultVirtualJoysticks" 10298
"/Engine/EngineMaterials/Substrate/Volume/SubstrateSimpleVolumeEnvLUT3D" 10299
"/Engine/EngineMaterials/Substrate/Volume/SubstrateSimpleVolumeLUT3D" 10300
"/Engine/EngineMaterials/Substrate/Glints2/AGlintTex2dArray2" 10301
"../../../Engine/Content/EngineMaterials/PPM_DefaultCalibrationGrayscale.uasset" 10302
"D:/Vacui Projects/SeaHorse/SeaHorse/Content/SeaHorse/Frontend/Lobby/WBP_LobbyEntry.uasset" 10303
"D:/Vacui Projects/SeaHorse/SeaHorse/Content/SeaHorse/Frontend/Lobby/WBP_WAB_Lobby.uasset" 10304
"D:/Vacui Projects/SeaHorse/SeaHorse/Content/SeaHorse/Frontend/MainMenu/WBP_WAB_JoinSessionMenu.uasset" 10305
"D:/Vacui Projects/SeaHorse/SeaHorse/Content/SeaHorse/Frontend/MainMenu/WBP_SessionEntry.uasset" 10306
"/Engine/EngineMaterials/PPM_DefaultCalibrationGrayscale" 10307
"../../../Engine/Plugins/NNE/NNEDenoiser/Content/NNEDTIM_ColorAlbedoNormal_Alpha.uasset" 10308
"../../../Engine/Plugins/NNE/NNEDenoiser/Content/NNEDOM_Output_Alpha.uasset" 10309
"../../../Engine/Plugins/Interchange/Assets/Content/Functions/MX_Displacement.uasset" 10310
"../../../Engine/Plugins/NNE/NNEDenoiser/Content/NNEDIM_HighQuality_Alpha.uasset" 10311
"../../../Engine/Plugins/Interchange/Assets/Content/Functions/MX_Surface.uasset" 10312
"../../../Engine/Content/Functions/Engine_MaterialFunctions03/Procedurals/HeightToNormalSmooth.uasset" 10313
"../../../Engine/Plugins/NNE/NNEDenoiser/Content/NNEDTOM_Output_Default.uasset" 10314
"../../../Engine/Plugins/NNE/NNEDenoiser/Content/NNEDIM_HighQuality_Default.uasset" 10315
"../../../Engine/Plugins/NNE/NNEDenoiser/Content/NNEDTIM_ColorAlbedoNormal_Default.uasset" 10316
"../../../Engine/Plugins/NNE/NNEDenoiser/Content/NNEDIM_ColorAlbedoNormal_Alpha.uasset" 10317
"../../../Engine/Plugins/NNE/NNEDenoiser/Content/NNEDOM_Output_Default.uasset" 10318
"../../../Engine/Plugins/NNE/NNEDenoiser/Content/NNED_Oidn2-3_Balanced.uasset" 10319
"../../../Engine/Plugins/NNE/NNEDenoiser/Content/NNED_Oidn2-3_Fast.uasset" 10320
"../../../Engine/Content/Functions/Engine_MaterialFunctions02/Utility/BlendAngleCorrectedNormals.uasset" 10321
"../../../Engine/Plugins/NNE/NNEDenoiser/Content/NNED_Oidn2-3_Fast_Alpha.uasset" 10322
"../../../Engine/Plugins/NNE/NNEDenoiser/Content/NNED_Oidn2-3_HighQuality_Alpha.uasset" 10323
"../../../Engine/Plugins/NNE/NNEDenoiser/Content/NNE_oidn2-3-0_rt_hdr_alb_nrm__dyn__fp16_opset11_DenoiseAlpha.uasset" 10324
"../../../Engine/Plugins/NNE/NNEDenoiser/Content/NNEDT_Oidn2-3_Balanced.uasset" 10325
"../../../Engine/Plugins/NNE/NNEDenoiser/Content/NNE_oidn2-3-0_rt_hdr_alb_nrm_small__dyn__fp16_opset11_DenoiseAlpha.uasset" 10326
"../../../Engine/Plugins/NNE/NNEDenoiser/Content/NNEDT_Oidn2-3_Balanced_Alpha.uasset" 10327
"../../../Engine/Content/Functions/MaterialLayerFunctions/MatLayerBlend_OverrideOpacity.uasset" 10328
"../../../Engine/Plugins/NNE/NNEDenoiser/Content/NNED_Oidn2-3_HighQuality.uasset" 10329
"../../../Engine/Plugins/NNE/NNEDenoiser/Content/NNEDIM_ColorAlbedoNormal_Default.uasset" 10330
"../../../Engine/Plugins/NNE/NNEDenoiser/Content/NNED_Oidn2-3_Balanced_Alpha.uasset" 10331
"../../../Engine/Plugins/NNE/NNEDenoiser/Content/NNEDTOM_Output_Alpha.uasset" 10332
"../../../Engine/Plugins/NNE/NNEDenoiser/Content/NNE_oidn2-3-0_rt_hdr_alb_nrm_small__dyn__fp16_opset11_ForwardAlpha.uasset" 10333
"../../../Engine/Plugins/NNE/NNEDenoiser/Content/NNE_oidn2-3-0_rt_hdr_alb_nrm__dyn__fp16_opset11_ForwardAlpha.uasset" 10334
"../../../Engine/Plugins/NNE/NNEDenoiser/Content/NNE_oidn2-3-0_rt_hdr_calb_cnrm_large__dyn__fp16_opset11_DenoiseAlpha.uasset" 10335
"/NNEDenoiser/NNE_oidn2-3-0_rt_hdr_alb_nrm__dyn__fp16_opset11_ForwardAlpha" 10336
"/NNEDenoiser/NNE_oidn2-3-0_rt_hdr_alb_nrm__dyn__fp16_opset11_DenoiseAlpha" 10337
"/NNEDenoiser/NNE_oidn2-3-0_rt_hdr_alb_nrm_small__dyn__fp16_opset11_ForwardAlpha" 10338
"/NNEDenoiser/NNE_oidn2-3-0_rt_hdr_alb_nrm_small__dyn__fp16_opset11_DenoiseAlpha" 10339
"/NNEDenoiser/NNED_Oidn2-3_HighQuality_Alpha" 10340
"/NNEDenoiser/NNED_Oidn2-3_HighQuality" 10341
"/NNEDenoiser/NNED_Oidn2-3_Fast_Alpha" 10342
"/NNEDenoiser/NNED_Oidn2-3_Fast" 10343
"/NNEDenoiser/NNED_Oidn2-3_Balanced_Alpha" 10344
"/NNEDenoiser/NNED_Oidn2-3_Balanced" 10345
"/NNEDenoiser/NNEDT_Oidn2-3_Balanced_Alpha" 10346
"/NNEDenoiser/NNEDT_Oidn2-3_Balanced" 10347
"/NNEDenoiser/NNEDTOM_Output_Default" 10348
"/NNEDenoiser/NNEDTOM_Output_Alpha" 10349
"/NNEDenoiser/NNEDTIM_ColorAlbedoNormal_Default" 10350
"/NNEDenoiser/NNEDTIM_ColorAlbedoNormal_Alpha" 10351
"D:/Vacui Projects/SeaHorse/SeaHorse/Intermediate/ORTOptimizerPass_Optimized81ADA2B14A30A2EF5DAF7B9F8406BEA8.onnx" 10352
"D:/Vacui Projects/SeaHorse/SeaHorse/Intermediate/ORTOptimizerPass_Optimized908A78F34D17BE5A0E2F839133DEEC96.onnx" 10353
"D:/Vacui Projects/SeaHorse/SeaHorse/Intermediate/ORTOptimizerPass_OptimizedE4B2847047ECAC94EB2863A3DDCDA02F.onnx" 10354
"D:/Vacui Projects/SeaHorse/SeaHorse/Intermediate/ORTOptimizerPass_OptimizedB4ECE3FE4D69D8554D11DCA5B12EC86D.onnx" 10355
"D:/Vacui Projects/SeaHorse/SeaHorse/Intermediate/ORTOptimizerPass_Optimized82032BD74375C311E26BD4A57EC1A03C.onnx" 10356
"D:/Vacui Projects/SeaHorse/SeaHorse/Intermediate/ORTOptimizerPass_Optimized1B36E9AD4DAE402FCD07A19BEA47AF19.onnx" 10357
"D:/Vacui Projects/SeaHorse/SeaHorse/Intermediate/ORTOptimizerPass_Optimized115977C1474899D055BD1FB9C00011CD.onnx" 10358
"D:/Vacui Projects/SeaHorse/SeaHorse/Intermediate/ORTOptimizerPass_OptimizedDC9486B844977C128FBDD2B7E1D0DE63.onnx" 10359
"/NNEDenoiser/NNEDOM_Output_Default" 10360
"/NNEDenoiser/NNEDOM_Output_Alpha" 10361
"/NNEDenoiser/NNEDIM_HighQuality_Default" 10362
"/NNEDenoiser/NNEDIM_HighQuality_Alpha" 10363
"/NNEDenoiser/NNEDIM_ColorAlbedoNormal_Default" 10364
"/NNEDenoiser/NNEDIM_ColorAlbedoNormal_Alpha" 10365
"/Game/SeaHorse/Frontend/MainMenu/WBP_WAB_JoinSessionMenu" 10366
"/Game/SeaHorse/Frontend/Lobby/WBP_WAB_Lobby" 10367
"/InterchangeAssets/Functions/MX_Displacement" 10368
"/InterchangeAssets/Functions/MX_Surface" 10369
"/NNEDenoiser/NNE_oidn2-3-0_rt_hdr_calb_cnrm_large__dyn__fp16_opset11_DenoiseAlpha" 10370
"../../../Engine/Content/EngineMaterials/FastBlueNoise_scalar_128x128x64.uasset" 10371
"../../../Engine/Content/EditorResources/BSPVertex.uasset" 10372
"../../../Engine/Content/EngineDebugMaterials/DebugEditorMaterial.uasset" 10373
"../../../Engine/Content/EngineMaterials/DefaultBloomKernel.uasset" 10374
"../../../Engine/Plugins/Interchange/Runtime/Content/Pipelines/DefaultMaterialPipeline.uasset" 10375
"../../../Engine/Plugins/Interchange/Runtime/Content/Pipelines/DefaultSceneAssetsPipeline.uasset" 10376
"../../../Engine/Plugins/Interchange/Runtime/Content/Pipelines/DefaultTexturePipeline.uasset" 10377
"../../../Engine/Plugins/Interchange/Runtime/Content/Pipelines/DefaultGLTFAssetsPipeline.uasset" 10378
"../../../Engine/Plugins/Interchange/Runtime/Content/Pipelines/DefaultMaterialXPipeline.uasset" 10379
"../../../Engine/Plugins/Interchange/Runtime/Content/Pipelines/DefaultSceneLevelPipeline.uasset" 10380
"/Engine/EngineMaterials/FastBlueNoise_scalar_128x128x64" 10381
"../../../Engine/Plugins/Interchange/Runtime/Content/Pipelines/DefaultAudioPipeline.uasset" 10382
"../../../Engine/Plugins/Interchange/Runtime/Content/Pipelines/DefaultGLTFPipeline.uasset" 10383
"../../../Engine/Content/EngineSounds/Master.uasset" 10384
"../../../Engine/Plugins/Interchange/Runtime/Content/Pipelines/DefaultGLTFSceneAssetsPipeline.uasset" 10385
"../../../Engine/Plugins/Interchange/Runtime/Content/Pipelines/DefaultAssetsPipeline.uasset" 10386
"../../../Engine/Content/EngineMaterials/FastBlueNoise_vec2_128x128x64.uasset" 10387
"/Engine/EngineDebugMaterials/DebugEditorMaterial" 10388
"/Engine/EditorResources/BSPVertex" 10389
"../../../Engine/Content/EngineMaterials/SMAAAreaTex.uasset" 10390
"../../../Engine/Plugins/Interchange/Assets/Content/Substrate/MX_SimpleVolume.uasset" 10391
"../../../Engine/Content/EngineResources/Development/ZenLogo_64.uasset" 10392
"../../../Engine/Plugins/Interchange/Assets/Content/Functions/MX_ConductorBSDF.uasset" 10393
"../../../Engine/Content/EngineResources/FilmGrains/Marcie_Grain_v3_128_M2_000.uasset" 10394
"../../../Engine/Plugins/Interchange/Assets/Content/Functions/MX_GeneralizedSchlickBSDF.uasset" 10395
"../../../Engine/Plugins/Interchange/Assets/Content/Functions/MX_DielectricBSDF.uasset" 10396
"../../../Engine/Content/EngineMaterials/FastBlueNoise_scalar_128x128x8.uasset" 10397
"../../../Engine/Plugins/Interchange/Assets/Content/Functions/MX_SurfaceUnlit.uasset" 10398
"../../../Engine/Content/EngineMaterials/SMAASearchTex.uasset" 10399
"../../../Engine/Plugins/Interchange/Assets/Content/Functions/MX_OrenNayarBSDF.uasset" 10400
"../../../Engine/Content/EngineMaterials/EnergyConservation/SheenLegacy_Energy.uasset" 10401
"../../../Engine/Plugins/Interchange/Assets/Content/Functions/MX_UsdPreviewSurface.uasset" 10402
"../../../Engine/Plugins/Interchange/Assets/Content/Functions/MX_TranslucentBSDF.uasset" 10403
"../../../Engine/Plugins/NNE/NNEDenoiser/Content/NNE_oidn2-3-0_rt_hdr_calb_cnrm_large__dyn__fp16_opset11_ForwardAlpha.uasset" 10404
"../../../Engine/Plugins/Interchange/Assets/Content/Functions/MX_BurleyDiffuseBSDF.uasset" 10405
"/InterchangeAssets/Functions/MX_GeneralizedSchlickBSDF" 10406
"/InterchangeAssets/Functions/MX_ConductorBSDF" 10407
"/InterchangeAssets/Functions/MX_DielectricBSDF" 10408
"/InterchangeAssets/Functions/MX_TranslucentBSDF" 10409
"/InterchangeAssets/Functions/MX_BurleyDiffuseBSDF" 10410
"/InterchangeAssets/Functions/MX_OrenNayarBSDF" 10411
"/InterchangeAssets/Substrate/MX_SimpleVolume" 10412
"/InterchangeAssets/Functions/MX_UsdPreviewSurface" 10413
"../../../Engine/Plugins/Interchange/Assets/Content/Functions/MX_ChiangHairBSDF.uasset" 10414
"../../../Engine/Plugins/Interchange/Assets/Content/Functions/MX_SheenBSDF.uasset" 10415
"../../../Engine/Plugins/Interchange/Assets/Content/Functions/MX_SubsurfaceBSDF.uasset" 10416
"/InterchangeAssets/Functions/MX_SurfaceUnlit" 10417
"/Interchange/Pipelines/DefaultGLTFSceneAssetsPipeline" 10418
"/Interchange/Pipelines/DefaultSceneLevelPipeline" 10419
"/Interchange/Pipelines/DefaultSceneAssetsPipeline" 10420
"/Interchange/Pipelines/DefaultAudioPipeline" 10421
"/Interchange/Pipelines/DefaultTexturePipeline" 10422
"/Interchange/Pipelines/DefaultMaterialPipeline" 10423
"/Interchange/Pipelines/DefaultGLTFPipeline" 10424
"D:/Vacui Projects/SeaHorse/SeaHorse/Intermediate/ORTOptimizerPass_OptimizedB40B9AF74569D5E40E33789A6C75C23A.onnx" 10425
"D:/Vacui Projects/SeaHorse/SeaHorse/Intermediate/ORTOptimizerPass_OptimizedA54308D743346C21C59808A0FE872AE5.onnx" 10426
"/Interchange/Pipelines/DefaultGLTFAssetsPipeline" 10427
"/Interchange/Pipelines/DefaultMaterialXPipeline" 10428
"/Interchange/Pipelines/DefaultAssetsPipeline" 10429
"/Engine/EngineSounds/Master" 10430
"/Engine/EngineMaterials/SMAASearchTex" 10431
"/Engine/EngineMaterials/SMAAAreaTex" 10432
"/Engine/EngineMaterials/EnergyConservation/SheenLegacy_Energy" 10433
"/Engine/EngineMaterials/FastBlueNoise_vec2_128x128x64" 10434
"/Engine/EngineMaterials/FastBlueNoise_scalar_128x128x8" 10435
"/Engine/EngineResources/Development/ZenLogo_64" 10436
"/Engine/EngineResources/FilmGrains/Marcie_Grain_v3_128_M2_000" 10437
"/Engine/EngineMaterials/DefaultBloomKernel" 10438
"/NNEDenoiser/NNE_oidn2-3-0_rt_hdr_calb_cnrm_large__dyn__fp16_opset11_ForwardAlpha" 10439
"/InterchangeAssets/Functions/MX_ChiangHairBSDF" 10440
"../../../Engine/Plugins/Interchange/Assets/Content/Functions/MX_MeasuredEDF.uasset" 10441
"../../../Engine/Plugins/Interchange/Assets/Content/Functions/MX_UniformEDF.uasset" 10442
"../../../Engine/Plugins/Interchange/Assets/Content/Functions/MX_AbsorptionVDF.uasset" 10443
"../../../Engine/Plugins/Interchange/Assets/Content/Functions/MX_ConicalEDF.uasset" 10444
"../../../Engine/Plugins/Animation/ControlRig/Content/Controls/ControlRigGizmoMaterial.uasset" 10445
"../../../Engine/Plugins/Interchange/Assets/Content/Functions/MX_AnisotropicVDF.uasset" 10446
"D:/Vacui Projects/SeaHorse/SeaHorse/Intermediate/ORTOptimizerPass_Optimized9F1E60474A35640C3D019F97F8F494E3.onnx" 10447
"D:/Vacui Projects/SeaHorse/SeaHorse/Intermediate/ORTOptimizerPass_OptimizedB2793C81433599EE0DF91587500D417D.onnx" 10448
"/InterchangeAssets/Functions/MX_SheenBSDF" 10449
"/InterchangeAssets/Functions/MX_SubsurfaceBSDF" 10450
"/ControlRig/Controls/ControlRigGizmoMaterial" 10451
"/InterchangeAssets/Functions/MX_AnisotropicVDF" 10452
"/InterchangeAssets/Functions/MX_AbsorptionVDF" 10453
"/InterchangeAssets/Functions/MX_MeasuredEDF" 10454
"/InterchangeAssets/Functions/MX_ConicalEDF" 10455
"/InterchangeAssets/Functions/MX_UniformEDF" 10456
"D:/Vacui Projects/SeaHorse/SeaHorse/Saved/Cooked/Windows/SeaHorse/Metadata/CookedSettings.txt" 10457
